date,history_date,kernel_weight,equal_weight,adopted_weight
2025-01-24,2025-01-04,0.040200393470129395,0.050000000000000003,0.040200393470129395
2025-01-24,2025-01-05,0.0022632851501172618,0.050000000000000003,0.0022632851501172618
2025-01-24,2025-01-06,0.0022665896776417399,0.050000000000000003,0.0022665896776417399
2025-01-24,2025-01-07,0.039485112623002278,0.050000000000000003,0.039485112623002278
2025-01-24,2025-01-08,0.094947800484203634,0.050000000000000003,0.094947800484203634
2025-01-24,2025-01-09,0.095144109207381242,0.050000000000000003,0.095144109207381242
2025-01-24,2025-01-10,0.095104176873498397,0.050000000000000003,0.095104176873498397
2025-01-24,2025-01-11,0.037628839688590654,0.050000000000000003,0.037628839688590654
2025-01-24,2025-01-12,0.0020286556290825949,0.050000000000000003,0.0020286556290825949
2025-01-24,2025-01-13,0.001934177489857458,0.050000000000000003,0.001934177489857458
2025-01-24,2025-01-14,0.037405420238021375,0.050000000000000003,0.037405420238021375
2025-01-24,2025-01-15,0.095118230318464933,0.050000000000000003,0.095118230318464933
2025-01-24,2025-01-16,0.095033444867226841,0.050000000000000003,0.095033444867226841
2025-01-24,2025-01-17,0.095068539305599206,0.050000000000000003,0.095068539305599206
2025-01-24,2025-01-18,0.036668762108380347,0.050000000000000003,0.036668762108380347
2025-01-24,2025-01-19,0.0018150595821188721,0.050000000000000003,0.0018150595821188721
2025-01-24,2025-01-20,0.001721754966322197,0.050000000000000003,0.001721754966322197
2025-01-24,2025-01-21,0.035623906481781424,0.050000000000000003,0.035623906481781424
2025-01-24,2025-01-22,0.095270342628697074,0.050000000000000003,0.095270342628697074
2025-01-24,2025-01-23,0.095271399209883159,0.050000000000000003,0.095271399209883159
2025-01-25,2025-01-04,0.089670730318608186,0.050000000000000003,0.089670730318608186
2025-01-25,2025-01-05,0.038083338103147978,0.050000000000000003,0.038083338103147978
2025-01-25,2025-01-06,0.03811002319901205,0.050000000000000003,0.03811002319901205
2025-01-25,2025-01-07,0.089794301501509396,0.050000000000000003,0.089794301501509396
2025-01-25,2025-01-08,0.029084342741041793,0.050000000000000003,0.029084342741041793
2025-01-25,2025-01-09,0.030441535143933478,0.050000000000000003,0.030441535143933478
2025-01-25,2025-01-10,0.030105503299659261,0.050000000000000003,0.030105503299659261
2025-01-25,2025-01-11,0.090040832547658073,0.050000000000000003,0.090040832547658073
2025-01-25,2025-01-12,0.036118939782355586,0.050000000000000003,0.036118939782355586
2025-01-25,2025-01-13,0.035286074524273882,0.050000000000000003,0.035286074524273882
2025-01-25,2025-01-14,0.090063030706334007,0.050000000000000003,0.090063030706334007
2025-01-25,2025-01-15,0.030218507731766233,0.050000000000000003,0.030218507731766233
2025-01-25,2025-01-16,0.029599962255850217,0.050000000000000003,0.029599962255850217
2025-01-25,2025-01-17,0.029839267905431132,0.050000000000000003,0.029839267905431132
2025-01-25,2025-01-18,0.090124425577505565,0.050000000000000003,0.090124425577505565
2025-01-25,2025-01-19,0.034197906113554437,0.050000000000000003,0.034197906113554437
2025-01-25,2025-01-20,0.03331345897985552,0.050000000000000003,0.03331345897985552
2025-01-25,2025-01-21,0.090179608705856493,0.050000000000000003,0.090179608705856493
2025-01-25,2025-01-22,0.033206776127007495,0.050000000000000003,0.033206776127007495
2025-01-25,2025-01-23,0.032521434735639121,0.050000000000000003,0.032521434735639121
2025-01-26,2025-01-04,0.037482990195394798,0.050000000000000003,0.037482990195394798
2025-01-26,2025-01-05,0.12353853345593359,0.050000000000000003,0.12353853345593359
2025-01-26,2025-01-06,0.12353004448196572,0.050000000000000003,0.12353004448196572
2025-01-26,2025-01-07,0.038277629696625168,0.050000000000000003,0.038277629696625168
2025-01-26,2025-01-08,0.0016236901007243673,0.050000000000000003,0.0016236901007243673
2025-01-26,2025-01-09,0.0017761758811063984,0.050000000000000003,0.0017761758811063984
2025-01-26,2025-01-10,0.0017376484223188206,0.050000000000000003,0.0017376484223188206
2025-01-26,2025-01-11,0.040415602293906373,0.050000000000000003,0.040415602293906373
2025-01-26,2025-01-12,0.12407303857888612,0.050000000000000003,0.12407303857888612
2025-01-26,2025-01-13,0.12424374317456391,0.050000000000000003,0.12424374317456391
2025-01-26,2025-01-14,0.040680588815018806,0.050000000000000003,0.040680588815018806
2025-01-26,2025-01-15,0.0017505475220810586,0.050000000000000003,0.0017505475220810586
2025-01-26,2025-01-16,0.0016806486712747973,0.050000000000000003,0.0016806486712747973
2025-01-26,2025-01-17,0.0017074869741054868,0.050000000000000003,0.0017074869741054868
2025-01-26,2025-01-18,0.041566430677965185,0.050000000000000003,0.041566430677965185
2025-01-26,2025-01-19,0.12441383723309525,0.050000000000000003,0.12441383723309525
2025-01-26,2025-01-20,0.12450606423381566,0.050000000000000003,0.12450606423381566
2025-01-26,2025-01-21,0.042855733276330882,0.050000000000000003,0.042855733276330882
2025-01-26,2025-01-22,0.0021132555089038844,0.050000000000000003,0.0021132555089038844
2025-01-26,2025-01-23,0.0020263108059838733,0.050000000000000003,0.0020263108059838733
2025-01-27,2025-01-04,0.037520667456931493,0.050000000000000003,0.037520667456931493
2025-01-27,2025-01-05,0.12349984127706387,0.050000000000000003,0.12349984127706387
2025-01-27,2025-01-06,0.12349141605657848,0.050000000000000003,0.12349141605657848
2025-01-27,2025-01-07,0.038315622651096073,0.050000000000000003,0.038315622651096073
2025-01-27,2025-01-08,0.0016274282076545446,0.050000000000000003,0.0016274282076545446
2025-01-27,2025-01-09,0.0017802144879925604,0.050000000000000003,0.0017802144879925604
2025-01-27,2025-01-10,0.0017416115584509011,0.050000000000000003,0.0017416115584509011
2025-01-27,2025-01-11,0.040454374443829468,0.050000000000000003,0.040454374443829468
2025-01-27,2025-01-12,0.1240296096466257,0.050000000000000003,0.1240296096466257
2025-01-27,2025-01-13,0.12419828104078363,0.050000000000000003,0.12419828104078363
2025-01-27,2025-01-14,0.040719450473170021,0.050000000000000003,0.040719450473170021
2025-01-27,2025-01-15,0.0017545359595223338,0.050000000000000003,0.0017545359595223338
2025-01-27,2025-01-16,0.0016844995935441872,0.050000000000000003,0.0016844995935441872
2025-01-27,2025-01-17,0.0017113908161260783,0.050000000000000003,0.0017113908161260783
2025-01-27,2025-01-18,0.041605580332361031,0.050000000000000003,0.041605580332361031
2025-01-27,2025-01-19,0.12436569775091928,0.050000000000000003,0.12436569775091928
2025-01-27,2025-01-20,0.12445573220610331,0.050000000000000003,0.12445573220610331
2025-01-27,2025-01-21,0.042895271371321889,0.050000000000000003,0.042895271371321889
2025-01-27,2025-01-22,0.0021179422806764355,0.050000000000000003,0.0021179422806764355
2025-01-27,2025-01-23,0.0020308323892484219,0.050000000000000003,0.0020308323892484219
2025-01-28,2025-01-04,0.089637251153494316,0.050000000000000003,0.089637251153494316
2025-01-28,2025-01-05,0.039298921717021991,0.050000000000000003,0.039298921717021991
2025-01-28,2025-01-06,0.039325989223692764,0.050000000000000003,0.039325989223692764
2025-01-28,2025-01-07,0.089788080359932937,0.050000000000000003,0.089788080359932937
2025-01-28,2025-01-08,0.028179317171008283,0.050000000000000003,0.028179317171008283
2025-01-28,2025-01-09,0.029514490908520392,0.050000000000000003,0.029514490908520392
2025-01-28,2025-01-10,0.02918378780648322,0.050000000000000003,0.02918378780648322
2025-01-28,2025-01-11,0.090106720998237813,0.050000000000000003,0.090106720998237813
2025-01-28,2025-01-12,0.037304960997663839,0.050000000000000003,0.037304960997663839
2025-01-28,2025-01-13,0.036458719832183531,0.050000000000000003,0.036458719832183531
2025-01-28,2025-01-14,0.090137730344860945,0.050000000000000003,0.090137730344860945
2025-01-28,2025-01-15,0.029294991230219582,0.050000000000000003,0.029294991230219582
2025-01-28,2025-01-16,0.028686415756278397,0.050000000000000003,0.028686415756278397
2025-01-28,2025-01-17,0.028921831657157279,0.050000000000000003,0.028921831657157279
2025-01-28,2025-01-18,0.09022837637774106,0.050000000000000003,0.09022837637774106
2025-01-28,2025-01-19,0.035352317237407165,0.050000000000000003,0.035352317237407165
2025-01-28,2025-01-20,0.034452414642233808,0.050000000000000003,0.034452414642233808
2025-01-28,2025-01-21,0.090325567377991994,0.050000000000000003,0.090325567377991994
2025-01-28,2025-01-22,0.032238922690747109,0.050000000000000003,0.032238922690747109
2025-01-28,2025-01-23,0.031563192517123584,0.050000000000000003,0.031563192517123584
2025-01-29,2025-01-04,0.040532000594192603,0.050000000000000003,0.040532000594192603
2025-01-29,2025-01-05,0.0023085662294224192,0.050000000000000003,0.0023085662294224192
2025-01-29,2025-01-06,0.0023119268077118815,0.050000000000000003,0.0023119268077118815
2025-01-29,2025-01-07,0.039815235251451322,0.050000000000000003,0.039815235251451322
2025-01-29,2025-01-08,0.094646655707131544,0.050000000000000003,0.094646655707131544
2025-01-29,2025-01-09,0.09486603992514131,0.050000000000000003,0.09486603992514131
2025-01-29,2025-01-10,0.094820413481073784,0.050000000000000003,0.094820413481073784
2025-01-29,2025-01-11,0.037954524544788815,0.050000000000000003,0.037954524544788815
2025-01-29,2025-01-12,0.0020699132648695287,0.050000000000000003,0.0020699132648695287
2025-01-29,2025-01-13,0.0019737895695609228,0.050000000000000003,0.0019737895695609228
2025-01-29,2025-01-14,0.037730513922404424,0.050000000000000003,0.037730513922404424
2025-01-29,2025-01-15,0.094836383275591588,0.050000000000000003,0.094836383275591588
2025-01-29,2025-01-16,0.094741090693484395,0.050000000000000003,0.094741090693484395
2025-01-29,2025-01-17,0.094780255271201527,0.050000000000000003,0.094780255271201527
2025-01-29,2025-01-18,0.036991819565779072,0.050000000000000003,0.036991819565779072
2025-01-29,2025-01-19,0.0018525747865739508,0.050000000000000003,0.0018525747865739508
2025-01-29,2025-01-20,0.0017576096156884846,0.050000000000000003,0.0017576096156884846
2025-01-29,2025-01-21,0.035943846299921485,0.050000000000000003,0.035943846299921485
2025-01-29,2025-01-22,0.095038582433993005,0.050000000000000003,0.095038582433993005
2025-01-29,2025-01-23,0.095028258760017942,0.050000000000000003,0.095028258760017942
2025-01-30,2025-01-04,0.04176679353257344,0.050000000000000003,0.04176679353257344
2025-01-30,2025-01-05,0.0024826763070456026,0.050000000000000003,0.0024826763070456026
2025-01-30,2025-01-06,0.0024862504844338261,0.050000000000000003,0.0024862504844338261
2025-01-30,2025-01-07,0.041044954801420119,0.050000000000000003,0.041044954801420119
2025-01-30,2025-01-08,0.093522829035379715,0.050000000000000003,0.093522829035379715
2025-01-30,2025-01-09,0.093825900529873024,0.050000000000000003,0.093825900529873024
2025-01-30,2025-01-10,0.093759611304995591,0.050000000000000003,0.093759611304995591
2025-01-30,2025-01-11,0.039168877983662261,0.050000000000000003,0.039168877983662261
2025-01-30,2025-01-12,0.002228682943934854,0.050000000000000003,0.002228682943934854
2025-01-30,2025-01-13,0.0021262805789190788,0.050000000000000003,0.0021262805789190788
2025-01-30,2025-01-14,0.038942803330278906,0.050000000000000003,0.038942803330278906
2025-01-30,2025-01-15,0.093782534271497617,0.050000000000000003,0.093782534271497617
2025-01-30,2025-01-16,0.093649129227262942,0.050000000000000003,0.093649129227262942
2025-01-30,2025-01-17,0.093703054197868882,0.050000000000000003,0.093703054197868882
2025-01-30,2025-01-18,0.038196975886096635,0.050000000000000003,0.038196975886096635
2025-01-30,2025-01-19,0.0019970610881993021,0.050000000000000003,0.0019970610881993021
2025-01-30,2025-01-20,0.0018957535386284348,0.050000000000000003,0.0018957535386284348
2025-01-30,2025-01-21,0.037138020783787355,0.050000000000000003,0.037138020783787355
2025-01-30,2025-01-22,0.094166773064607204,0.050000000000000003,0.094166773064607204
2025-01-30,2025-01-23,0.094115037109535199,0.050000000000000003,0.094115037109535199
2025-01-31,2025-01-04,0.04129064684758952,0.050000000000000003,0.04129064684758952
2025-01-31,2025-01-05,0.0024144988323334992,0.050000000000000003,0.0024144988323334992
2025-01-31,2025-01-06,0.0024179897257081643,0.050000000000000003,0.0024179897257081643
2025-01-31,2025-01-07,0.040570679608778387,0.050000000000000003,0.040570679608778387
2025-01-31,2025-01-08,0.093956661757609,0.050000000000000003,0.093956661757609
2025-01-31,2025-01-09,0.094227874844013695,0.050000000000000003,0.094227874844013695
2025-01-31,2025-01-10,0.094169453880204076,0.050000000000000003,0.094169453880204076
2025-01-31,2025-01-11,0.038700311639283877,0.050000000000000003,0.038700311639283877
2025-01-31,2025-01-12,0.0021664882654997891,0.050000000000000003,0.0021664882654997891
2025-01-31,2025-01-13,0.0020665354484563957,0.050000000000000003,0.0020665354484563957
2025-01-31,2025-01-14,0.038475007236557168,0.050000000000000003,0.038475007236557168
2025-01-31,2025-01-15,0.094189729285281076,0.050000000000000003,0.094189729285281076
2025-01-31,2025-01-16,0.094070834271369891,0.050000000000000003,0.094070834271369891
2025-01-31,2025-01-17,0.094119140322570988,0.050000000000000003,0.094119140322570988
2025-01-31,2025-01-18,0.037731846424265608,0.050000000000000003,0.037731846424265608
2025-01-31,2025-01-19,0.0019404396456978792,0.050000000000000003,0.0019404396456978792
2025-01-31,2025-01-20,0.0018416077047455877,0.050000000000000003,0.0018416077047455877
2025-01-31,2025-01-21,0.036677008746299464,0.050000000000000003,0.036677008746299464
2025-01-31,2025-01-22,0.094504595115013065,0.050000000000000003,0.094504595115013065
2025-01-31,2025-01-23,0.094468650398722862,0.050000000000000003,0.094468650398722862
