question,configuration,month,t,interval_start,mean_GF_minus_G0_kwh
3,B,2,1,00:00,0.0
3,B,2,2,00:10,0.0
3,B,2,3,00:20,0.0
3,B,2,4,00:30,0.0
3,B,2,5,00:40,0.0
3,B,2,6,00:50,0.0
3,B,2,7,01:00,0.0
3,B,2,8,01:10,0.0
3,B,2,9,01:20,0.0
3,B,2,10,01:30,0.0
3,B,2,11,01:40,0.0
3,B,2,12,01:50,0.0
3,B,2,13,02:00,0.0
3,B,2,14,02:10,0.0
3,B,2,15,02:20,0.0
3,B,2,16,02:30,0.0
3,B,2,17,02:40,0.0
3,B,2,18,02:50,0.0
3,B,2,19,03:00,0.0
3,B,2,20,03:10,0.0
3,B,2,21,03:20,0.0
3,B,2,22,03:30,0.0
3,B,2,23,03:40,0.0
3,B,2,24,03:50,0.0
3,B,2,25,04:00,0.0
3,B,2,26,04:10,0.0
3,B,2,27,04:20,0.0
3,B,2,28,04:30,0.0
3,B,2,29,04:40,0.0
3,B,2,30,04:50,0.0
3,B,2,31,05:00,0.0
3,B,2,32,05:10,0.0
3,B,2,33,05:20,0.0
3,B,2,34,05:30,0.0
3,B,2,35,05:40,0.0
3,B,2,36,05:50,0.0
3,B,2,37,06:00,-24.265722535714282
3,B,2,38,06:10,-28.459065892857137
3,B,2,39,06:20,-73.19350921428574
3,B,2,40,06:30,-41.23411207142858
3,B,2,41,06:40,-28.02008507142857
3,B,2,42,06:50,-11.867946821428578
3,B,2,43,07:00,-6.7447374285714305
3,B,2,44,07:10,-4.331592357142853
3,B,2,45,07:20,10.966592892857141
3,B,2,46,07:30,17.006649035714286
3,B,2,47,07:40,9.940957749999995
3,B,2,48,07:50,0.26329649999999855
3,B,2,49,08:00,0.45417571428571435
3,B,2,50,08:10,-0.4768588214285714
3,B,2,51,08:20,-3.2394707142857144
3,B,2,52,08:30,-4.7337234285714285
3,B,2,53,08:40,-3.6435217142857144
3,B,2,54,08:50,0.0
3,B,2,55,09:00,0.0
3,B,2,56,09:10,0.0
3,B,2,57,09:20,-6.958360535714285
3,B,2,58,09:30,-11.77364739285714
3,B,2,59,09:40,-12.274150821428572
3,B,2,60,09:50,0.0
3,B,2,61,10:00,0.0
3,B,2,62,10:10,-14.326504178571428
3,B,2,63,10:20,-14.055245785714286
3,B,2,64,10:30,-6.5490230714285715
3,B,2,65,10:40,-33.872700428571434
3,B,2,66,10:50,-36.8443059642857
3,B,2,67,11:00,-24.72448553571428
3,B,2,68,11:10,-19.549680642857144
3,B,2,69,11:20,-33.125687607142844
3,B,2,70,11:30,-38.303293535714296
3,B,2,71,11:40,-37.493520785714296
3,B,2,72,11:50,-24.05873049999999
3,B,2,73,12:00,-35.84086260714286
3,B,2,74,12:10,-200.60352789285722
3,B,2,75,12:20,-63.85837864285715
3,B,2,76,12:30,-56.505496571428544
3,B,2,77,12:40,-66.27348932142857
3,B,2,78,12:50,-53.30523817857143
3,B,2,79,13:00,-67.58918064285714
3,B,2,80,13:10,-48.03150139285714
3,B,2,81,13:20,-51.12266971428572
3,B,2,82,13:30,-49.957744321428564
3,B,2,83,13:40,-93.4976507142857
3,B,2,84,13:50,0.0
3,B,2,85,14:00,0.0
3,B,2,86,14:10,0.0
3,B,2,87,14:20,0.0
3,B,2,88,14:30,0.0
3,B,2,89,14:40,-62.22222803571429
3,B,2,90,14:50,-18.067805178571426
3,B,2,91,15:00,-55.208729964285716
3,B,2,92,15:10,-118.11476407142855
3,B,2,93,15:20,-209.0631045714286
3,B,2,94,15:30,-126.40894903571427
3,B,2,95,15:40,-11.449689107142849
3,B,2,96,15:50,-3.6178896785714323
3,B,2,97,16:00,-4.928092857142862
3,B,2,98,16:10,-4.707146571428579
3,B,2,99,16:20,-4.4206508214285645
3,B,2,100,16:30,0.14790346428572068
3,B,2,101,16:40,-2.317878964285715
3,B,2,102,16:50,-5.506017714285723
3,B,2,103,17:00,1.649243142857141
3,B,2,104,17:10,-2.252047535714291
3,B,2,105,17:20,-2.2643420714285747
3,B,2,106,17:30,-16.20560567857144
3,B,2,107,17:40,-33.09250571428572
3,B,2,108,17:50,-37.27084339285715
3,B,2,109,18:00,-159.58806785714287
3,B,2,110,18:10,-145.3552012857143
3,B,2,111,18:20,-140.10636453571433
3,B,2,112,18:30,-127.58911017857146
3,B,2,113,18:40,-168.81146389285712
3,B,2,114,18:50,0.0
3,B,2,115,19:00,0.0
3,B,2,116,19:10,-12.624115142857145
3,B,2,117,19:20,0.0
3,B,2,118,19:30,0.0
3,B,2,119,19:40,0.0
3,B,2,120,19:50,0.0
3,B,2,121,20:00,0.0
3,B,2,122,20:10,-58.27677778571428
3,B,2,123,20:20,0.0
3,B,2,124,20:30,0.0
3,B,2,125,20:40,-95.29900332142854
3,B,2,126,20:50,-68.68490446428571
3,B,2,127,21:00,-50.79012928571431
3,B,2,128,21:10,-61.79865417857145
3,B,2,129,21:20,-59.90430910714287
3,B,2,130,21:30,-103.73750457142856
3,B,2,131,21:40,-47.439323107142854
3,B,2,132,21:50,-17.079028928571436
3,B,2,133,22:00,-74.72786514285715
3,B,2,134,22:10,-0.6131216785714295
3,B,2,135,22:20,-47.70354860714286
3,B,2,136,22:30,-52.47641603571428
3,B,2,137,22:40,-54.99376946428572
3,B,2,138,22:50,-8.757007000000003
3,B,2,139,23:00,-40.215838250000004
3,B,2,140,23:10,-52.65586389285714
3,B,2,141,23:20,-2.957062607142851
3,B,2,142,23:30,-32.57865821428571
3,B,2,143,23:40,-0.37115517857142777
3,B,2,144,23:50,0.0
3,B,3,1,00:00,0.0
3,B,3,2,00:10,0.0
3,B,3,3,00:20,0.0
3,B,3,4,00:30,0.0
3,B,3,5,00:40,0.0
3,B,3,6,00:50,0.0
3,B,3,7,01:00,0.0
3,B,3,8,01:10,0.0
3,B,3,9,01:20,0.0
3,B,3,10,01:30,0.0
3,B,3,11,01:40,0.0
3,B,3,12,01:50,0.0
3,B,3,13,02:00,0.0
3,B,3,14,02:10,0.0
3,B,3,15,02:20,0.0
3,B,3,16,02:30,0.0
3,B,3,17,02:40,0.0
3,B,3,18,02:50,0.0
3,B,3,19,03:00,0.0
3,B,3,20,03:10,0.0
3,B,3,21,03:20,0.0
3,B,3,22,03:30,0.0
3,B,3,23,03:40,0.0
3,B,3,24,03:50,0.0
3,B,3,25,04:00,0.0
3,B,3,26,04:10,0.0
3,B,3,27,04:20,0.0
3,B,3,28,04:30,0.0
3,B,3,29,04:40,0.0
3,B,3,30,04:50,0.0
3,B,3,31,05:00,0.0
3,B,3,32,05:10,0.0
3,B,3,33,05:20,0.0
3,B,3,34,05:30,0.0
3,B,3,35,05:40,0.0
3,B,3,36,05:50,0.0
3,B,3,37,06:00,0.6443230967741931
3,B,3,38,06:10,53.03760093548386
3,B,3,39,06:20,0.9137372580645158
3,B,3,40,06:30,33.07170996774193
3,B,3,41,06:40,57.11414035483872
3,B,3,42,06:50,53.37084719354839
3,B,3,43,07:00,68.16486145161291
3,B,3,44,07:10,71.15240451612902
3,B,3,45,07:20,80.05253377419356
3,B,3,46,07:30,189.33488606451618
3,B,3,47,07:40,63.7367494516129
3,B,3,48,07:50,3.0462591290322583
3,B,3,49,08:00,2.851970612903226
3,B,3,50,08:10,0.24057106451612906
3,B,3,51,08:20,0.0
3,B,3,52,08:30,0.0
3,B,3,53,08:40,0.0
3,B,3,54,08:50,0.0
3,B,3,55,09:00,0.0
3,B,3,56,09:10,0.0
3,B,3,57,09:20,6.173845225806452
3,B,3,58,09:30,6.191385999999999
3,B,3,59,09:40,4.502894290322581
3,B,3,60,09:50,0.0
3,B,3,61,10:00,0.0
3,B,3,62,10:10,0.14968890322580644
3,B,3,63,10:20,0.0
3,B,3,64,10:30,0.0
3,B,3,65,10:40,-16.770536516129035
3,B,3,66,10:50,-60.120420483870966
3,B,3,67,11:00,27.558446548387096
3,B,3,68,11:10,-103.33415351612902
3,B,3,69,11:20,-58.93575567741935
3,B,3,70,11:30,8.283247870967744
3,B,3,71,11:40,63.08519096774193
3,B,3,72,11:50,37.709223419354835
3,B,3,73,12:00,16.649892903225812
3,B,3,74,12:10,-39.167073193548376
3,B,3,75,12:20,2.8713181612903216
3,B,3,76,12:30,6.897100838709669
3,B,3,77,12:40,93.23296929032257
3,B,3,78,12:50,-21.035675612903226
3,B,3,79,13:00,-22.497134161290322
3,B,3,80,13:10,-20.111704096774197
3,B,3,81,13:20,-19.376485258064516
3,B,3,82,13:30,-25.48750658064516
3,B,3,83,13:40,-14.675089677419354
3,B,3,84,13:50,0.0
3,B,3,85,14:00,0.0
3,B,3,86,14:10,0.0
3,B,3,87,14:20,0.0
3,B,3,88,14:30,0.0
3,B,3,89,14:40,0.0
3,B,3,90,14:50,77.81615212903225
3,B,3,91,15:00,100.3156504516129
3,B,3,92,15:10,-2.9590594838709676
3,B,3,93,15:20,-33.34239903225805
3,B,3,94,15:30,7.964045322580649
3,B,3,95,15:40,30.092917548387092
3,B,3,96,15:50,1.0710982580645245
3,B,3,97,16:00,11.039028419354842
3,B,3,98,16:10,26.768008935483863
3,B,3,99,16:20,35.99684335483872
3,B,3,100,16:30,36.08461119354837
3,B,3,101,16:40,28.034139064516122
3,B,3,102,16:50,35.820488258064515
3,B,3,103,17:00,26.17020080645161
3,B,3,104,17:10,10.334873129032266
3,B,3,105,17:20,2.0868457096774256
3,B,3,106,17:30,9.923133999999996
3,B,3,107,17:40,-12.894401838709676
3,B,3,108,17:50,-0.5945581935483893
3,B,3,109,18:00,-97.7886508064516
3,B,3,110,18:10,-38.72387732258064
3,B,3,111,18:20,-39.06857106451613
3,B,3,112,18:30,-44.71698712903226
3,B,3,113,18:40,-67.8291635483871
3,B,3,114,18:50,0.0
3,B,3,115,19:00,0.0
3,B,3,116,19:10,0.0
3,B,3,117,19:20,0.0
3,B,3,118,19:30,0.0
3,B,3,119,19:40,0.0
3,B,3,120,19:50,0.0
3,B,3,121,20:00,0.0
3,B,3,122,20:10,-5.511849451612903
3,B,3,123,20:20,-0.19037635483870968
3,B,3,124,20:30,0.0
3,B,3,125,20:40,-18.305929096774197
3,B,3,126,20:50,-32.7557989032258
3,B,3,127,21:00,-31.0409703548387
3,B,3,128,21:10,-56.20759222580645
3,B,3,129,21:20,-53.899630967741935
3,B,3,130,21:30,-92.8895224516129
3,B,3,131,21:40,-19.14158332258066
3,B,3,132,21:50,-72.98103632258065
3,B,3,133,22:00,-73.84231764516127
3,B,3,134,22:10,-12.279899709677427
3,B,3,135,22:20,-76.67507745161294
3,B,3,136,22:30,-70.68275083870967
3,B,3,137,22:40,-220.80406432258067
3,B,3,138,22:50,-97.63512600000001
3,B,3,139,23:00,-293.12288651612903
3,B,3,140,23:10,-149.59495922580643
3,B,3,141,23:20,-48.060571064516154
3,B,3,142,23:30,-65.78035583870967
3,B,3,143,23:40,-7.2944345161290345
3,B,3,144,23:50,-3.5165122580645187
3,B,4,1,00:00,0.0
3,B,4,2,00:10,0.0
3,B,4,3,00:20,0.0
3,B,4,4,00:30,0.0
3,B,4,5,00:40,0.0
3,B,4,6,00:50,0.0
3,B,4,7,01:00,0.0
3,B,4,8,01:10,0.0
3,B,4,9,01:20,0.0
3,B,4,10,01:30,0.0
3,B,4,11,01:40,0.0
3,B,4,12,01:50,0.0
3,B,4,13,02:00,0.0
3,B,4,14,02:10,0.0
3,B,4,15,02:20,0.0
3,B,4,16,02:30,0.0
3,B,4,17,02:40,0.0
3,B,4,18,02:50,0.0
3,B,4,19,03:00,0.0
3,B,4,20,03:10,0.0
3,B,4,21,03:20,0.0
3,B,4,22,03:30,0.0
3,B,4,23,03:40,0.0
3,B,4,24,03:50,0.0
3,B,4,25,04:00,0.0
3,B,4,26,04:10,0.0
3,B,4,27,04:20,0.0
3,B,4,28,04:30,0.0
3,B,4,29,04:40,0.0
3,B,4,30,04:50,0.0
3,B,4,31,05:00,0.0
3,B,4,32,05:10,0.0
3,B,4,33,05:20,0.0
3,B,4,34,05:30,0.0
3,B,4,35,05:40,0.0
3,B,4,36,05:50,0.0
3,B,4,37,06:00,6.493699400000001
3,B,4,38,06:10,3.906781466666667
3,B,4,39,06:20,7.882236533333335
3,B,4,40,06:30,42.56407213333333
3,B,4,41,06:40,172.2134528666667
3,B,4,42,06:50,172.76738026666663
3,B,4,43,07:00,182.16145713333336
3,B,4,44,07:10,163.8088109666667
3,B,4,45,07:20,156.2854427333333
3,B,4,46,07:30,313.02420373333337
3,B,4,47,07:40,42.446909633333334
3,B,4,48,07:50,0.0
3,B,4,49,08:00,0.0
3,B,4,50,08:10,0.0
3,B,4,51,08:20,0.0
3,B,4,52,08:30,0.0
3,B,4,53,08:40,0.0
3,B,4,54,08:50,0.0
3,B,4,55,09:00,0.0
3,B,4,56,09:10,0.0
3,B,4,57,09:20,0.0
3,B,4,58,09:30,0.0
3,B,4,59,09:40,0.0
3,B,4,60,09:50,0.0
3,B,4,61,10:00,0.0
3,B,4,62,10:10,0.0
3,B,4,63,10:20,0.0
3,B,4,64,10:30,0.0
3,B,4,65,10:40,0.0
3,B,4,66,10:50,0.0
3,B,4,67,11:00,-19.58945573333333
3,B,4,68,11:10,0.0
3,B,4,69,11:20,-3.502837933333334
3,B,4,70,11:30,-13.6839526
3,B,4,71,11:40,-5.407805899999994
3,B,4,72,11:50,17.16592176666667
3,B,4,73,12:00,17.220786099999994
3,B,4,74,12:10,-36.37821193333334
3,B,4,75,12:20,9.369881333333328
3,B,4,76,12:30,64.1797648
3,B,4,77,12:40,37.4429272
3,B,4,78,12:50,0.0
3,B,4,79,13:00,0.0
3,B,4,80,13:10,0.0
3,B,4,81,13:20,0.0
3,B,4,82,13:30,0.0
3,B,4,83,13:40,0.0
3,B,4,84,13:50,0.0
3,B,4,85,14:00,0.0
3,B,4,86,14:10,0.0
3,B,4,87,14:20,0.0
3,B,4,88,14:30,0.0
3,B,4,89,14:40,0.0
3,B,4,90,14:50,95.15288079999999
3,B,4,91,15:00,201.0458506333333
3,B,4,92,15:10,69.79237126666666
3,B,4,93,15:20,62.85279849999999
3,B,4,94,15:30,60.8244627
3,B,4,95,15:40,56.269360466666654
3,B,4,96,15:50,33.434412633333324
3,B,4,97,16:00,31.03240143333334
3,B,4,98,16:10,38.05794226666667
3,B,4,99,16:20,43.015048833333324
3,B,4,100,16:30,55.19912696666667
3,B,4,101,16:40,50.201655033333346
3,B,4,102,16:50,42.57213723333333
3,B,4,103,17:00,34.448699733333335
3,B,4,104,17:10,23.993242400000003
3,B,4,105,17:20,17.3870816
3,B,4,106,17:30,16.506393799999994
3,B,4,107,17:40,-4.2429731333333365
3,B,4,108,17:50,0.0
3,B,4,109,18:00,-76.5574642
3,B,4,110,18:10,-33.08598680000001
3,B,4,111,18:20,-47.51517023333334
3,B,4,112,18:30,-61.516206966666665
3,B,4,113,18:40,-62.390811633333335
3,B,4,114,18:50,0.0
3,B,4,115,19:00,0.0
3,B,4,116,19:10,0.0
3,B,4,117,19:20,0.0
3,B,4,118,19:30,0.0
3,B,4,119,19:40,0.0
3,B,4,120,19:50,0.0
3,B,4,121,20:00,0.0
3,B,4,122,20:10,0.0
3,B,4,123,20:20,0.0
3,B,4,124,20:30,0.0
3,B,4,125,20:40,-13.009359366666672
3,B,4,126,20:50,-28.122102199999997
3,B,4,127,21:00,-20.644493266666665
3,B,4,128,21:10,-32.64751116666666
3,B,4,129,21:20,-31.095702933333328
3,B,4,130,21:30,-69.38222156666664
3,B,4,131,21:40,-26.453336900000004
3,B,4,132,21:50,-70.32468219999997
3,B,4,133,22:00,-69.75872176666668
3,B,4,134,22:10,-18.37723723333333
3,B,4,135,22:20,-72.4888809
3,B,4,136,22:30,-75.34700276666666
3,B,4,137,22:40,-175.38753409999998
3,B,4,138,22:50,-96.06028639999998
3,B,4,139,23:00,-251.0988031999999
3,B,4,140,23:10,-106.62591509999999
3,B,4,141,23:20,-74.4818745
3,B,4,142,23:30,-68.9831733666667
3,B,4,143,23:40,-16.08551226666667
3,B,4,144,23:50,-11.76587523333333
3,B,5,1,00:00,0.0
3,B,5,2,00:10,0.0
3,B,5,3,00:20,0.0
3,B,5,4,00:30,0.0
3,B,5,5,00:40,0.0
3,B,5,6,00:50,0.0
3,B,5,7,01:00,0.0
3,B,5,8,01:10,0.0
3,B,5,9,01:20,0.0
3,B,5,10,01:30,0.0
3,B,5,11,01:40,0.0
3,B,5,12,01:50,0.0
3,B,5,13,02:00,0.0
3,B,5,14,02:10,0.0
3,B,5,15,02:20,0.0
3,B,5,16,02:30,0.0
3,B,5,17,02:40,0.0
3,B,5,18,02:50,0.0
3,B,5,19,03:00,0.0
3,B,5,20,03:10,0.0
3,B,5,21,03:20,0.0
3,B,5,22,03:30,0.0
3,B,5,23,03:40,0.0
3,B,5,24,03:50,0.0
3,B,5,25,04:00,0.0
3,B,5,26,04:10,0.0
3,B,5,27,04:20,0.0
3,B,5,28,04:30,0.0
3,B,5,29,04:40,0.0
3,B,5,30,04:50,0.0
3,B,5,31,05:00,0.0
3,B,5,32,05:10,0.0
3,B,5,33,05:20,0.0
3,B,5,34,05:30,0.0
3,B,5,35,05:40,0.0
3,B,5,36,05:50,0.0
3,B,5,37,06:00,19.238263290322582
3,B,5,38,06:10,149.3455451935484
3,B,5,39,06:20,119.10440661290325
3,B,5,40,06:30,207.70944303225806
3,B,5,41,06:40,299.6940165806451
3,B,5,42,06:50,305.80084516129034
3,B,5,43,07:00,325.9690001612904
3,B,5,44,07:10,291.3063971935484
3,B,5,45,07:20,285.32876361290323
3,B,5,46,07:30,430.64354041935485
3,B,5,47,07:40,67.7527804516129
3,B,5,48,07:50,0.0
3,B,5,49,08:00,0.0
3,B,5,50,08:10,0.0
3,B,5,51,08:20,0.0
3,B,5,52,08:30,0.0
3,B,5,53,08:40,0.0
3,B,5,54,08:50,0.0
3,B,5,55,09:00,0.0
3,B,5,56,09:10,0.0
3,B,5,57,09:20,0.0
3,B,5,58,09:30,0.0
3,B,5,59,09:40,0.0
3,B,5,60,09:50,0.0
3,B,5,61,10:00,0.0
3,B,5,62,10:10,0.0
3,B,5,63,10:20,0.0
3,B,5,64,10:30,0.0
3,B,5,65,10:40,0.0
3,B,5,66,10:50,0.0
3,B,5,67,11:00,-54.09838222580645
3,B,5,68,11:10,0.0
3,B,5,69,11:20,0.0
3,B,5,70,11:30,-6.5704777741935505
3,B,5,71,11:40,-73.86069535483873
3,B,5,72,11:50,-54.744504677419364
3,B,5,73,12:00,6.604929354838712
3,B,5,74,12:10,-11.89867261290323
3,B,5,75,12:20,2.9963540645161273
3,B,5,76,12:30,56.013560387096774
3,B,5,77,12:40,30.713192774193548
3,B,5,78,12:50,0.0
3,B,5,79,13:00,0.0
3,B,5,80,13:10,0.0
3,B,5,81,13:20,0.0
3,B,5,82,13:30,0.0
3,B,5,83,13:40,0.0
3,B,5,84,13:50,0.0
3,B,5,85,14:00,0.0
3,B,5,86,14:10,0.0
3,B,5,87,14:20,0.0
3,B,5,88,14:30,0.0
3,B,5,89,14:40,0.0
3,B,5,90,14:50,41.41122183870968
3,B,5,91,15:00,57.00217561290321
3,B,5,92,15:10,55.85670667741935
3,B,5,93,15:20,53.32332232258063
3,B,5,94,15:30,51.038747096774195
3,B,5,95,15:40,49.73164764516129
3,B,5,96,15:50,43.17759209677419
3,B,5,97,16:00,41.801943709677424
3,B,5,98,16:10,35.75311622580646
3,B,5,99,16:20,25.075897129032256
3,B,5,100,16:30,29.613083000000003
3,B,5,101,16:40,26.018661483870964
3,B,5,102,16:50,22.128370290322575
3,B,5,103,17:00,20.272771870967745
3,B,5,104,17:10,21.117487387096773
3,B,5,105,17:20,21.35309829032257
3,B,5,106,17:30,17.189533225806453
3,B,5,107,17:40,-5.192530580645162
3,B,5,108,17:50,2.39623477419355
3,B,5,109,18:00,-42.13816467741937
3,B,5,110,18:10,-21.948299096774196
3,B,5,111,18:20,-20.65072683870968
3,B,5,112,18:30,-19.203222677419358
3,B,5,113,18:40,-31.931840838709686
3,B,5,114,18:50,-3.221049322580645
3,B,5,115,19:00,-4.596754193548388
3,B,5,116,19:10,-14.345041677419355
3,B,5,117,19:20,-3.6342712903225807
3,B,5,118,19:30,-2.817169548387097
3,B,5,119,19:40,-5.517208483870967
3,B,5,120,19:50,-7.677312806451614
3,B,5,121,20:00,-0.4407615161290334
3,B,5,122,20:10,-28.678435354838715
3,B,5,123,20:20,-4.963465419354839
3,B,5,124,20:30,-3.0124132258064513
3,B,5,125,20:40,-23.196134645161283
3,B,5,126,20:50,-8.103611387096771
3,B,5,127,21:00,-7.211598290322581
3,B,5,128,21:10,-8.153743580645157
3,B,5,129,21:20,-8.886886032258065
3,B,5,130,21:30,-14.971324483870971
3,B,5,131,21:40,-12.78114364516129
3,B,5,132,21:50,-74.74249406451612
3,B,5,133,22:00,-85.93396254838711
3,B,5,134,22:10,-10.481432032258057
3,B,5,135,22:20,-89.33713438709677
3,B,5,136,22:30,-108.82613138709678
3,B,5,137,22:40,-233.05637406451618
3,B,5,138,22:50,-132.06255190322582
3,B,5,139,23:00,-155.25614770967744
3,B,5,140,23:10,-183.78495574193545
3,B,5,141,23:20,-118.85186677419352
3,B,5,142,23:30,-119.07108177419356
3,B,5,143,23:40,-11.383549709677423
3,B,5,144,23:50,-5.900539354838713
3,B,6,1,00:00,0.0
3,B,6,2,00:10,0.0
3,B,6,3,00:20,0.0
3,B,6,4,00:30,0.0
3,B,6,5,00:40,0.0
3,B,6,6,00:50,0.0
3,B,6,7,01:00,0.0
3,B,6,8,01:10,0.0
3,B,6,9,01:20,0.0
3,B,6,10,01:30,0.0
3,B,6,11,01:40,0.0
3,B,6,12,01:50,0.0
3,B,6,13,02:00,0.0
3,B,6,14,02:10,0.0
3,B,6,15,02:20,0.0
3,B,6,16,02:30,0.0
3,B,6,17,02:40,0.0
3,B,6,18,02:50,0.0
3,B,6,19,03:00,0.0
3,B,6,20,03:10,0.0
3,B,6,21,03:20,0.0
3,B,6,22,03:30,0.0
3,B,6,23,03:40,0.0
3,B,6,24,03:50,0.0
3,B,6,25,04:00,0.0
3,B,6,26,04:10,0.0
3,B,6,27,04:20,0.0
3,B,6,28,04:30,0.0
3,B,6,29,04:40,0.0
3,B,6,30,04:50,0.0
3,B,6,31,05:00,0.0
3,B,6,32,05:10,0.0
3,B,6,33,05:20,0.0
3,B,6,34,05:30,0.0
3,B,6,35,05:40,0.0
3,B,6,36,05:50,0.0
3,B,6,37,06:00,5.599112933333333
3,B,6,38,06:10,65.0021485
3,B,6,39,06:20,7.001301433333333
3,B,6,40,06:30,125.85744006666667
3,B,6,41,06:40,139.8393043
3,B,6,42,06:50,136.91752653333336
3,B,6,43,07:00,115.95442306666668
3,B,6,44,07:10,112.85359833333332
3,B,6,45,07:20,104.87466883333333
3,B,6,46,07:30,254.97082056666667
3,B,6,47,07:40,103.46497606666665
3,B,6,48,07:50,0.0
3,B,6,49,08:00,0.0
3,B,6,50,08:10,0.0
3,B,6,51,08:20,0.0
3,B,6,52,08:30,0.0
3,B,6,53,08:40,0.0
3,B,6,54,08:50,0.0
3,B,6,55,09:00,0.0
3,B,6,56,09:10,0.0
3,B,6,57,09:20,0.0
3,B,6,58,09:30,0.0
3,B,6,59,09:40,0.0
3,B,6,60,09:50,0.0
3,B,6,61,10:00,0.0
3,B,6,62,10:10,0.0
3,B,6,63,10:20,0.0
3,B,6,64,10:30,0.0
3,B,6,65,10:40,-4.998667433333334
3,B,6,66,10:50,-26.361578899999998
3,B,6,67,11:00,-47.114536266666654
3,B,6,68,11:10,-34.84962279999999
3,B,6,69,11:20,-23.607805866666673
3,B,6,70,11:30,-32.858620733333346
3,B,6,71,11:40,-37.716555533333334
3,B,6,72,11:50,-32.7390416
3,B,6,73,12:00,-1.5133220999999935
3,B,6,74,12:10,-34.14021333333333
3,B,6,75,12:20,-2.1391680000000064
3,B,6,76,12:30,-25.718988233333338
3,B,6,77,12:40,69.87285866666666
3,B,6,78,12:50,-23.075547566666664
3,B,6,79,13:00,-21.234567466666665
3,B,6,80,13:10,-18.558242833333335
3,B,6,81,13:20,-38.69491586666667
3,B,6,82,13:30,-31.454776333333328
3,B,6,83,13:40,-15.983311033333337
3,B,6,84,13:50,0.0
3,B,6,85,14:00,0.0
3,B,6,86,14:10,0.0
3,B,6,87,14:20,0.0
3,B,6,88,14:30,0.0
3,B,6,89,14:40,-1.5654620333333333
3,B,6,90,14:50,98.73862179999999
3,B,6,91,15:00,97.88911353333333
3,B,6,92,15:10,26.531694266666666
3,B,6,93,15:20,14.133597433333337
3,B,6,94,15:30,-24.506906266666665
3,B,6,95,15:40,-4.768812399999998
3,B,6,96,15:50,-1.603178100000006
3,B,6,97,16:00,-2.4137299999999984
3,B,6,98,16:10,4.356445400000002
3,B,6,99,16:20,1.0514300999999904
3,B,6,100,16:30,-8.419239799999993
3,B,6,101,16:40,-20.656346533333327
3,B,6,102,16:50,-28.05330476666668
3,B,6,103,17:00,-22.794743000000015
3,B,6,104,17:10,-18.223609766666673
3,B,6,105,17:20,-13.060957900000004
3,B,6,106,17:30,-14.892663900000004
3,B,6,107,17:40,-8.31606746666667
3,B,6,108,17:50,-3.431939966666664
3,B,6,109,18:00,-72.47084360000001
3,B,6,110,18:10,-39.93696323333333
3,B,6,111,18:20,-42.653364066666676
3,B,6,112,18:30,-57.8124771
3,B,6,113,18:40,-46.13967083333333
3,B,6,114,18:50,-6.1142377
3,B,6,115,19:00,-3.902252733333333
3,B,6,116,19:10,1.7531086999999994
3,B,6,117,19:20,-2.7867837333333325
3,B,6,118,19:30,-3.573570600000001
3,B,6,119,19:40,-1.1660994666666664
3,B,6,120,19:50,-1.2823522666666662
3,B,6,121,20:00,-5.8978844666666665
3,B,6,122,20:10,-32.180430099999995
3,B,6,123,20:20,-2.7264240000000006
3,B,6,124,20:30,-12.4764532
3,B,6,125,20:40,-8.196353599999993
3,B,6,126,20:50,-10.296524433333332
3,B,6,127,21:00,-14.550820033333336
3,B,6,128,21:10,-12.235943900000002
3,B,6,129,21:20,-10.732919866666657
3,B,6,130,21:30,-14.61436079999999
3,B,6,131,21:40,-22.033719466666675
3,B,6,132,21:50,-81.73351466666666
3,B,6,133,22:00,-23.805128766666673
3,B,6,134,22:10,-14.24734353333333
3,B,6,135,22:20,-81.75929716666666
3,B,6,136,22:30,-76.2090907
3,B,6,137,22:40,-72.96098053333334
3,B,6,138,22:50,-104.96972346666665
3,B,6,139,23:00,-44.719324366666676
3,B,6,140,23:10,-89.33891296666668
3,B,6,141,23:20,-85.30556743333334
3,B,6,142,23:30,-127.00529293333332
3,B,6,143,23:40,-13.799715133333333
3,B,6,144,23:50,-14.306143833333335
3,B,7,1,00:00,0.0
3,B,7,2,00:10,0.0
3,B,7,3,00:20,0.0
3,B,7,4,00:30,0.0
3,B,7,5,00:40,0.0
3,B,7,6,00:50,0.0
3,B,7,7,01:00,0.0
3,B,7,8,01:10,0.0
3,B,7,9,01:20,0.0
3,B,7,10,01:30,0.0
3,B,7,11,01:40,0.0
3,B,7,12,01:50,0.0
3,B,7,13,02:00,0.0
3,B,7,14,02:10,0.0
3,B,7,15,02:20,0.0
3,B,7,16,02:30,0.0
3,B,7,17,02:40,0.0
3,B,7,18,02:50,0.0
3,B,7,19,03:00,0.0
3,B,7,20,03:10,0.0
3,B,7,21,03:20,0.0
3,B,7,22,03:30,0.0
3,B,7,23,03:40,0.0
3,B,7,24,03:50,0.0
3,B,7,25,04:00,0.0
3,B,7,26,04:10,0.0
3,B,7,27,04:20,0.0
3,B,7,28,04:30,0.0
3,B,7,29,04:40,0.0
3,B,7,30,04:50,0.0
3,B,7,31,05:00,0.0
3,B,7,32,05:10,0.0
3,B,7,33,05:20,0.0
3,B,7,34,05:30,0.0
3,B,7,35,05:40,0.0
3,B,7,36,05:50,0.0
3,B,7,37,06:00,32.741345290322585
3,B,7,38,06:10,51.80529548387096
3,B,7,39,06:20,48.02329103225807
3,B,7,40,06:30,61.908489483870966
3,B,7,41,06:40,30.493596129032266
3,B,7,42,06:50,24.47841683870968
3,B,7,43,07:00,-2.446001225806452
3,B,7,44,07:10,17.728247064516125
3,B,7,45,07:20,26.10314858064517
3,B,7,46,07:30,98.64269829032257
3,B,7,47,07:40,29.16318251612903
3,B,7,48,07:50,3.716318935483871
3,B,7,49,08:00,1.0181383548387097
3,B,7,50,08:10,0.0
3,B,7,51,08:20,0.0
3,B,7,52,08:30,0.0
3,B,7,53,08:40,0.0
3,B,7,54,08:50,0.0
3,B,7,55,09:00,0.0
3,B,7,56,09:10,0.0
3,B,7,57,09:20,3.0079455161290323
3,B,7,58,09:30,5.761897322580645
3,B,7,59,09:40,4.245710935483872
3,B,7,60,09:50,0.0
3,B,7,61,10:00,0.0
3,B,7,62,10:10,1.3038745161290324
3,B,7,63,10:20,0.0
3,B,7,64,10:30,0.0
3,B,7,65,10:40,0.2768423548387098
3,B,7,66,10:50,-27.003896645161294
3,B,7,67,11:00,79.31863003225807
3,B,7,68,11:10,-63.46085635483872
3,B,7,69,11:20,-6.969300967741938
3,B,7,70,11:30,24.222346451612903
3,B,7,71,11:40,89.88961561290321
3,B,7,72,11:50,79.62853951612904
3,B,7,73,12:00,99.85497674193547
3,B,7,74,12:10,60.07598487096773
3,B,7,75,12:20,70.3698053548387
3,B,7,76,12:30,83.53176870967742
3,B,7,77,12:40,142.32022054838708
3,B,7,78,12:50,3.780562064516129
3,B,7,79,13:00,1.5192802903225813
3,B,7,80,13:10,5.4525118064516125
3,B,7,81,13:20,13.893015193548388
3,B,7,82,13:30,11.8366784516129
3,B,7,83,13:40,6.053255161290322
3,B,7,84,13:50,0.5286280645161291
3,B,7,85,14:00,0.0
3,B,7,86,14:10,0.0
3,B,7,87,14:20,0.0
3,B,7,88,14:30,0.0
3,B,7,89,14:40,7.4501690322580645
3,B,7,90,14:50,150.38998116129028
3,B,7,91,15:00,130.69869490322586
3,B,7,92,15:10,133.5353573870968
3,B,7,93,15:20,80.50634622580647
3,B,7,94,15:30,40.005902064516114
3,B,7,95,15:40,30.68047729032258
3,B,7,96,15:50,12.600028612903223
3,B,7,97,16:00,8.022926451612912
3,B,7,98,16:10,8.973158838709677
3,B,7,99,16:20,8.89449577419355
3,B,7,100,16:30,13.07510658064517
3,B,7,101,16:40,2.775043967741931
3,B,7,102,16:50,-1.5705455161290398
3,B,7,103,17:00,0.16267654838709183
3,B,7,104,17:10,-1.2852070967741898
3,B,7,105,17:20,0.6687695806451711
3,B,7,106,17:30,-1.8530428064516125
3,B,7,107,17:40,3.324804741935483
3,B,7,108,17:50,5.310893612903225
3,B,7,109,18:00,-178.37568883870966
3,B,7,110,18:10,-95.34258125806451
3,B,7,111,18:20,-121.48242564516127
3,B,7,112,18:30,-104.84532593548386
3,B,7,113,18:40,-156.93041258064517
3,B,7,114,18:50,-14.106410838709674
3,B,7,115,19:00,-40.64652148387096
3,B,7,116,19:10,-138.54791074193545
3,B,7,117,19:20,-12.185101967741932
3,B,7,118,19:30,-21.84263919354839
3,B,7,119,19:40,-6.832531548387096
3,B,7,120,19:50,-9.103585677419355
3,B,7,121,20:00,-26.777031322580644
3,B,7,122,20:10,-111.03051229032259
3,B,7,123,20:20,-9.523560258064517
3,B,7,124,20:30,-37.65214270967742
3,B,7,125,20:40,-49.8074785483871
3,B,7,126,20:50,-56.976770290322555
3,B,7,127,21:00,-50.26908548387096
3,B,7,128,21:10,-58.378923290322575
3,B,7,129,21:20,-58.96086464516129
3,B,7,130,21:30,-62.330821580645164
3,B,7,131,21:40,-65.61545029032257
3,B,7,132,21:50,-293.11471819354836
3,B,7,133,22:00,-56.00772319354838
3,B,7,134,22:10,-31.679364806451616
3,B,7,135,22:20,-199.434413483871
3,B,7,136,22:30,-139.35556841935488
3,B,7,137,22:40,-28.44386229032258
3,B,7,138,22:50,-369.8032999677419
3,B,7,139,23:00,-31.191754580645153
3,B,7,140,23:10,-27.157595548387096
3,B,7,141,23:20,-356.4558915483871
3,B,7,142,23:30,-128.01613896774194
3,B,7,143,23:40,-23.957415516129032
3,B,7,144,23:50,-17.466311903225805
3,B,8,1,00:00,0.0
3,B,8,2,00:10,0.0
3,B,8,3,00:20,0.0
3,B,8,4,00:30,0.0
3,B,8,5,00:40,0.0
3,B,8,6,00:50,0.0
3,B,8,7,01:00,0.0
3,B,8,8,01:10,0.0
3,B,8,9,01:20,0.0
3,B,8,10,01:30,0.0
3,B,8,11,01:40,0.0
3,B,8,12,01:50,0.0
3,B,8,13,02:00,0.0
3,B,8,14,02:10,0.0
3,B,8,15,02:20,0.0
3,B,8,16,02:30,0.0
3,B,8,17,02:40,0.0
3,B,8,18,02:50,0.0
3,B,8,19,03:00,0.0
3,B,8,20,03:10,0.0
3,B,8,21,03:20,0.0
3,B,8,22,03:30,0.0
3,B,8,23,03:40,0.0
3,B,8,24,03:50,0.0
3,B,8,25,04:00,0.0
3,B,8,26,04:10,0.0
3,B,8,27,04:20,0.0
3,B,8,28,04:30,0.0
3,B,8,29,04:40,0.0
3,B,8,30,04:50,0.0
3,B,8,31,05:00,0.0
3,B,8,32,05:10,0.0
3,B,8,33,05:20,0.0
3,B,8,34,05:30,0.0
3,B,8,35,05:40,0.0
3,B,8,36,05:50,0.0
3,B,8,37,06:00,2.567770741935484
3,B,8,38,06:10,0.7172149999999999
3,B,8,39,06:20,0.0
3,B,8,40,06:30,7.310902322580644
3,B,8,41,06:40,3.8131449677419362
3,B,8,42,06:50,4.946826548387096
3,B,8,43,07:00,2.7062250645161297
3,B,8,44,07:10,-6.688945451612904
3,B,8,45,07:20,-0.43117777419354975
3,B,8,46,07:30,47.55982516129032
3,B,8,47,07:40,4.273406290322581
3,B,8,48,07:50,0.0
3,B,8,49,08:00,0.0
3,B,8,50,08:10,0.0
3,B,8,51,08:20,0.0
3,B,8,52,08:30,0.0
3,B,8,53,08:40,0.0
3,B,8,54,08:50,0.0
3,B,8,55,09:00,0.0
3,B,8,56,09:10,0.0
3,B,8,57,09:20,0.0
3,B,8,58,09:30,0.0
3,B,8,59,09:40,0.0
3,B,8,60,09:50,0.0
3,B,8,61,10:00,0.0
3,B,8,62,10:10,0.0
3,B,8,63,10:20,0.0
3,B,8,64,10:30,0.0
3,B,8,65,10:40,-6.300657903225806
3,B,8,66,10:50,-49.20357822580645
3,B,8,67,11:00,-0.4298587419354742
3,B,8,68,11:10,-60.45846619354839
3,B,8,69,11:20,-74.68460229032259
3,B,8,70,11:30,-56.165834258064514
3,B,8,71,11:40,25.865046677419354
3,B,8,72,11:50,117.4673675483871
3,B,8,73,12:00,116.70010587096773
3,B,8,74,12:10,37.67998893548388
3,B,8,75,12:20,72.33150458064516
3,B,8,76,12:30,143.53256987096773
3,B,8,77,12:40,84.90000758064514
3,B,8,78,12:50,-13.629244225806453
3,B,8,79,13:00,-13.519821612903225
3,B,8,80,13:10,-12.070524741935483
3,B,8,81,13:20,-11.50773735483871
3,B,8,82,13:30,-13.482797322580646
3,B,8,83,13:40,-12.09309206451613
3,B,8,84,13:50,0.0
3,B,8,85,14:00,0.0
3,B,8,86,14:10,0.0
3,B,8,87,14:20,0.0
3,B,8,88,14:30,0.0
3,B,8,89,14:40,-0.14236783870967742
3,B,8,90,14:50,50.98714564516129
3,B,8,91,15:00,84.99613554838707
3,B,8,92,15:10,18.48356470967742
3,B,8,93,15:20,12.922329129032263
3,B,8,94,15:30,-6.614301225806455
3,B,8,95,15:40,6.778622000000003
3,B,8,96,15:50,8.831148193548385
3,B,8,97,16:00,-0.317317354838706
3,B,8,98,16:10,-1.3991816451612984
3,B,8,99,16:20,0.07185948387096401
3,B,8,100,16:30,-7.01472325806452
3,B,8,101,16:40,-9.297551838709674
3,B,8,102,16:50,-17.184561870967745
3,B,8,103,17:00,-16.135279999999995
3,B,8,104,17:10,-16.3297085483871
3,B,8,105,17:20,-12.817054741935484
3,B,8,106,17:30,-10.612670354838711
3,B,8,107,17:40,-5.755367258064518
3,B,8,108,17:50,-2.4201946129032272
3,B,8,109,18:00,-188.5411532903226
3,B,8,110,18:10,-139.7047282580645
3,B,8,111,18:20,-154.60171261290327
3,B,8,112,18:30,-140.68949351612903
3,B,8,113,18:40,-181.3478372903226
3,B,8,114,18:50,-31.107825612903223
3,B,8,115,19:00,-44.38257451612903
3,B,8,116,19:10,-154.06634400000002
3,B,8,117,19:20,-35.06318909677419
3,B,8,118,19:30,-40.235877225806455
3,B,8,119,19:40,-15.982335870967743
3,B,8,120,19:50,-23.14282290322581
3,B,8,121,20:00,-33.66039861290322
3,B,8,122,20:10,-160.58685622580646
3,B,8,123,20:20,-39.8618384516129
3,B,8,124,20:30,-45.30646132258065
3,B,8,125,20:40,-58.60875732258063
3,B,8,126,20:50,-73.8000782903226
3,B,8,127,21:00,-75.28863432258065
3,B,8,128,21:10,-98.92574867741939
3,B,8,129,21:20,-108.06417561290327
3,B,8,130,21:30,-129.03502180645162
3,B,8,131,21:40,-94.73555638709682
3,B,8,132,21:50,-127.23010319354842
3,B,8,133,22:00,-78.54270735483873
3,B,8,134,22:10,-15.621609032258062
3,B,8,135,22:20,-72.41802832258062
3,B,8,136,22:30,-40.224326645161305
3,B,8,137,22:40,-54.986806935483884
3,B,8,138,22:50,-141.807546
3,B,8,139,23:00,-14.785923387096773
3,B,8,140,23:10,-67.81319099999999
3,B,8,141,23:20,-127.6452423870968
3,B,8,142,23:30,-96.0523043548387
3,B,8,143,23:40,-5.167436290322583
3,B,8,144,23:50,-2.6834166774193515
3,B,9,1,00:00,0.0
3,B,9,2,00:10,0.0
3,B,9,3,00:20,0.0
3,B,9,4,00:30,0.0
3,B,9,5,00:40,0.0
3,B,9,6,00:50,0.0
3,B,9,7,01:00,0.0
3,B,9,8,01:10,0.0
3,B,9,9,01:20,0.0
3,B,9,10,01:30,0.0
3,B,9,11,01:40,0.0
3,B,9,12,01:50,0.0
3,B,9,13,02:00,0.0
3,B,9,14,02:10,0.0
3,B,9,15,02:20,0.0
3,B,9,16,02:30,0.0
3,B,9,17,02:40,0.0
3,B,9,18,02:50,0.0
3,B,9,19,03:00,0.0
3,B,9,20,03:10,0.0
3,B,9,21,03:20,0.0
3,B,9,22,03:30,0.0
3,B,9,23,03:40,0.0
3,B,9,24,03:50,0.0
3,B,9,25,04:00,0.0
3,B,9,26,04:10,0.0
3,B,9,27,04:20,0.0
3,B,9,28,04:30,0.0
3,B,9,29,04:40,0.0
3,B,9,30,04:50,0.0
3,B,9,31,05:00,0.0
3,B,9,32,05:10,0.0
3,B,9,33,05:20,0.0
3,B,9,34,05:30,0.0
3,B,9,35,05:40,0.0
3,B,9,36,05:50,0.0
3,B,9,37,06:00,5.1490307
3,B,9,38,06:10,6.3779115
3,B,9,39,06:20,6.7666956
3,B,9,40,06:30,20.410906166666663
3,B,9,41,06:40,172.2685330666667
3,B,9,42,06:50,165.93872900000002
3,B,9,43,07:00,127.3573831
3,B,9,44,07:10,113.83244499999999
3,B,9,45,07:20,84.47299243333333
3,B,9,46,07:30,270.11390126666663
3,B,9,47,07:40,45.102671066666666
3,B,9,48,07:50,0.0
3,B,9,49,08:00,0.0
3,B,9,50,08:10,0.0
3,B,9,51,08:20,0.0
3,B,9,52,08:30,0.0
3,B,9,53,08:40,0.0
3,B,9,54,08:50,0.0
3,B,9,55,09:00,0.0
3,B,9,56,09:10,0.0
3,B,9,57,09:20,0.0
3,B,9,58,09:30,0.0
3,B,9,59,09:40,0.0
3,B,9,60,09:50,0.0
3,B,9,61,10:00,0.0
3,B,9,62,10:10,0.0
3,B,9,63,10:20,0.0
3,B,9,64,10:30,0.0
3,B,9,65,10:40,-3.1312924333333334
3,B,9,66,10:50,-4.5376292
3,B,9,67,11:00,-77.0618726
3,B,9,68,11:10,-20.115806666666668
3,B,9,69,11:20,-80.743039
3,B,9,70,11:30,-87.41292053333333
3,B,9,71,11:40,-85.46196136666667
3,B,9,72,11:50,-99.63927389999999
3,B,9,73,12:00,-67.33711153333334
3,B,9,74,12:10,-108.41480223333335
3,B,9,75,12:20,-77.37913083333333
3,B,9,76,12:30,-47.45993966666667
3,B,9,77,12:40,11.235596366666666
3,B,9,78,12:50,0.0
3,B,9,79,13:00,0.0
3,B,9,80,13:10,0.0
3,B,9,81,13:20,0.0
3,B,9,82,13:30,-4.0341577
3,B,9,83,13:40,-1.2338094
3,B,9,84,13:50,0.0
3,B,9,85,14:00,0.0
3,B,9,86,14:10,0.0
3,B,9,87,14:20,0.0
3,B,9,88,14:30,0.0
3,B,9,89,14:40,0.0
3,B,9,90,14:50,-160.44059016666662
3,B,9,91,15:00,-157.28961636666665
3,B,9,92,15:10,-153.64320966666668
3,B,9,93,15:20,-89.52128769999999
3,B,9,94,15:30,-46.27335996666667
3,B,9,95,15:40,-52.43064606666667
3,B,9,96,15:50,-47.618083799999994
3,B,9,97,16:00,-60.09904899999999
3,B,9,98,16:10,-61.02232613333335
3,B,9,99,16:20,-52.14919873333336
3,B,9,100,16:30,-49.78322270000001
3,B,9,101,16:40,-54.190525166666674
3,B,9,102,16:50,-52.31758123333335
3,B,9,103,17:00,-43.39403713333333
3,B,9,104,17:10,-42.404559600000006
3,B,9,105,17:20,-32.7114728
3,B,9,106,17:30,-21.640078666666675
3,B,9,107,17:40,-10.814200866666665
3,B,9,108,17:50,1.8813275333333308
3,B,9,109,18:00,-110.08354416666664
3,B,9,110,18:10,-71.60332270000002
3,B,9,111,18:20,-60.693440366666664
3,B,9,112,18:30,-61.36044303333335
3,B,9,113,18:40,-69.3035812
3,B,9,114,18:50,36.925158733333326
3,B,9,115,19:00,-15.509606433333333
3,B,9,116,19:10,10.340929099999999
3,B,9,117,19:20,-11.512143433333334
3,B,9,118,19:30,-19.5058403
3,B,9,119,19:40,12.6625922
3,B,9,120,19:50,-2.1583582999999984
3,B,9,121,20:00,-8.464629666666669
3,B,9,122,20:10,-31.63578723333333
3,B,9,123,20:20,-15.031058833333335
3,B,9,124,20:30,-11.0963552
3,B,9,125,20:40,-43.302374266666675
3,B,9,126,20:50,-47.28024756666668
3,B,9,127,21:00,-39.8811475
3,B,9,128,21:10,-43.374988266666676
3,B,9,129,21:20,-39.995269099999994
3,B,9,130,21:30,-53.16854336666667
3,B,9,131,21:40,-20.36639023333333
3,B,9,132,21:50,-23.299486466666664
3,B,9,133,22:00,-25.34420283333333
3,B,9,134,22:10,-2.206845500000001
3,B,9,135,22:20,-12.905328233333327
3,B,9,136,22:30,-17.515500499999998
3,B,9,137,22:40,-24.457676066666668
3,B,9,138,22:50,-25.10031146666667
3,B,9,139,23:00,-13.655802900000003
3,B,9,140,23:10,-30.359220599999997
3,B,9,141,23:20,-25.84408193333335
3,B,9,142,23:30,-26.96111509999999
3,B,9,143,23:40,-1.8855644333333355
3,B,9,144,23:50,-1.5917865333333339
3,B,10,1,00:00,0.0
3,B,10,2,00:10,0.0
3,B,10,3,00:20,0.0
3,B,10,4,00:30,0.0
3,B,10,5,00:40,0.0
3,B,10,6,00:50,0.0
3,B,10,7,01:00,0.0
3,B,10,8,01:10,0.0
3,B,10,9,01:20,0.0
3,B,10,10,01:30,0.0
3,B,10,11,01:40,0.0
3,B,10,12,01:50,0.0
3,B,10,13,02:00,0.0
3,B,10,14,02:10,0.0
3,B,10,15,02:20,0.0
3,B,10,16,02:30,0.0
3,B,10,17,02:40,0.0
3,B,10,18,02:50,0.0
3,B,10,19,03:00,0.0
3,B,10,20,03:10,0.0
3,B,10,21,03:20,0.0
3,B,10,22,03:30,0.0
3,B,10,23,03:40,0.0
3,B,10,24,03:50,0.0
3,B,10,25,04:00,0.0
3,B,10,26,04:10,0.0
3,B,10,27,04:20,0.0
3,B,10,28,04:30,0.0
3,B,10,29,04:40,0.0
3,B,10,30,04:50,0.0
3,B,10,31,05:00,0.0
3,B,10,32,05:10,0.0
3,B,10,33,05:20,0.0
3,B,10,34,05:30,0.0
3,B,10,35,05:40,0.0
3,B,10,36,05:50,0.0
3,B,10,37,06:00,0.14973680645161289
3,B,10,38,06:10,-1.3798865806451608
3,B,10,39,06:20,-20.95094629032258
3,B,10,40,06:30,21.759948322580655
3,B,10,41,06:40,-32.99227358064517
3,B,10,42,06:50,-12.896843129032257
3,B,10,43,07:00,-1.81094132258064
3,B,10,44,07:10,-20.816388838709678
3,B,10,45,07:20,-1.2310823225806482
3,B,10,46,07:30,-26.614984903225803
3,B,10,47,07:40,0.18319277419354948
3,B,10,48,07:50,0.0
3,B,10,49,08:00,0.0
3,B,10,50,08:10,0.0
3,B,10,51,08:20,0.0
3,B,10,52,08:30,0.0
3,B,10,53,08:40,0.0
3,B,10,54,08:50,0.0
3,B,10,55,09:00,0.0
3,B,10,56,09:10,0.0
3,B,10,57,09:20,0.0
3,B,10,58,09:30,0.0
3,B,10,59,09:40,0.0
3,B,10,60,09:50,0.0
3,B,10,61,10:00,0.0
3,B,10,62,10:10,0.0
3,B,10,63,10:20,0.0
3,B,10,64,10:30,0.0
3,B,10,65,10:40,-5.883343516129032
3,B,10,66,10:50,-96.47343012903227
3,B,10,67,11:00,-224.06146377419353
3,B,10,68,11:10,-94.78102116129033
3,B,10,69,11:20,-172.0633550967742
3,B,10,70,11:30,-211.85565045161295
3,B,10,71,11:40,-172.95659996774194
3,B,10,72,11:50,-86.91197709677417
3,B,10,73,12:00,-59.26340080645163
3,B,10,74,12:10,-126.5347386451613
3,B,10,75,12:20,-92.34485977419355
3,B,10,76,12:30,-62.03493351612904
3,B,10,77,12:40,23.058734612903226
3,B,10,78,12:50,-2.805940580645161
3,B,10,79,13:00,-3.8085544516129035
3,B,10,80,13:10,-3.444488516129032
3,B,10,81,13:20,-3.0850372580645162
3,B,10,82,13:30,-13.618552612903228
3,B,10,83,13:40,-1.5628304516129032
3,B,10,84,13:50,0.0
3,B,10,85,14:00,0.0
3,B,10,86,14:10,0.0
3,B,10,87,14:20,0.0
3,B,10,88,14:30,0.0
3,B,10,89,14:40,0.0
3,B,10,90,14:50,-238.79386299999996
3,B,10,91,15:00,-199.3448160967742
3,B,10,92,15:10,-240.06155696774198
3,B,10,93,15:20,-137.00769058064517
3,B,10,94,15:30,-91.71146974193549
3,B,10,95,15:40,-82.41126558064518
3,B,10,96,15:50,-91.80446025806452
3,B,10,97,16:00,-97.76212380645163
3,B,10,98,16:10,-85.79345941935483
3,B,10,99,16:20,-72.45514470967743
3,B,10,100,16:30,-54.6813255483871
3,B,10,101,16:40,-50.857150000000004
3,B,10,102,16:50,-43.499036612903225
3,B,10,103,17:00,-39.19613954838709
3,B,10,104,17:10,-29.122423096774195
3,B,10,105,17:20,-18.943780354838708
3,B,10,106,17:30,-8.42784180645161
3,B,10,107,17:40,-5.406326193548385
3,B,10,108,17:50,0.0
3,B,10,109,18:00,0.3976301935483863
3,B,10,110,18:10,8.826014161290313
3,B,10,111,18:20,10.022415258064516
3,B,10,112,18:30,4.946074129032259
3,B,10,113,18:40,-51.322564161290316
3,B,10,114,18:50,41.403003258064516
3,B,10,115,19:00,-2.823495387096774
3,B,10,116,19:10,87.45191796774193
3,B,10,117,19:20,-0.6276344193548387
3,B,10,118,19:30,-0.915594612903226
3,B,10,119,19:40,9.223961774193548
3,B,10,120,19:50,-0.9509677419354838
3,B,10,121,20:00,-0.9025389032258063
3,B,10,122,20:10,59.57288638709677
3,B,10,123,20:20,-2.119139774193548
3,B,10,124,20:30,-2.7185310967741936
3,B,10,125,20:40,23.16325290322581
3,B,10,126,20:50,-30.973686322580647
3,B,10,127,21:00,-23.912916354838707
3,B,10,128,21:10,-25.06193103225806
3,B,10,129,21:20,-30.233499709677417
3,B,10,130,21:30,-42.3124278064516
3,B,10,131,21:40,-7.739147258064518
3,B,10,132,21:50,0.0
3,B,10,133,22:00,-0.8861624193548323
3,B,10,134,22:10,0.0
3,B,10,135,22:20,0.0
3,B,10,136,22:30,0.0
3,B,10,137,22:40,0.0
3,B,10,138,22:50,0.0
3,B,10,139,23:00,0.0
3,B,10,140,23:10,0.0
3,B,10,141,23:20,0.0
3,B,10,142,23:30,0.0
3,B,10,143,23:40,0.0
3,B,10,144,23:50,0.0
3,B,11,1,00:00,0.0
3,B,11,2,00:10,0.0
3,B,11,3,00:20,0.0
3,B,11,4,00:30,0.0
3,B,11,5,00:40,0.0
3,B,11,6,00:50,0.0
3,B,11,7,01:00,0.0
3,B,11,8,01:10,0.0
3,B,11,9,01:20,0.0
3,B,11,10,01:30,0.0
3,B,11,11,01:40,0.0
3,B,11,12,01:50,0.0
3,B,11,13,02:00,0.0
3,B,11,14,02:10,0.0
3,B,11,15,02:20,0.0
3,B,11,16,02:30,0.0
3,B,11,17,02:40,0.0
3,B,11,18,02:50,0.0
3,B,11,19,03:00,0.0
3,B,11,20,03:10,0.0
3,B,11,21,03:20,0.0
3,B,11,22,03:30,0.0
3,B,11,23,03:40,0.0
3,B,11,24,03:50,0.0
3,B,11,25,04:00,0.0
3,B,11,26,04:10,0.0
3,B,11,27,04:20,0.0
3,B,11,28,04:30,0.0
3,B,11,29,04:40,0.0
3,B,11,30,04:50,0.0
3,B,11,31,05:00,0.0
3,B,11,32,05:10,0.0
3,B,11,33,05:20,0.0
3,B,11,34,05:30,0.0
3,B,11,35,05:40,0.0
3,B,11,36,05:50,0.0
3,B,11,37,06:00,10.9342873
3,B,11,38,06:10,57.97346373333333
3,B,11,39,06:20,115.06024329999997
3,B,11,40,06:30,24.42855146666667
3,B,11,41,06:40,8.335943933333336
3,B,11,42,06:50,19.532527800000004
3,B,11,43,07:00,23.603032566666663
3,B,11,44,07:10,26.999533333333332
3,B,11,45,07:20,64.29286053333333
3,B,11,46,07:30,34.785165366666675
3,B,11,47,07:40,27.410808799999995
3,B,11,48,07:50,30.75389416666667
3,B,11,49,08:00,20.888962133333333
3,B,11,50,08:10,5.576862
3,B,11,51,08:20,1.8029451666666667
3,B,11,52,08:30,0.0
3,B,11,53,08:40,0.0
3,B,11,54,08:50,0.0
3,B,11,55,09:00,0.0
3,B,11,56,09:10,0.0
3,B,11,57,09:20,0.0
3,B,11,58,09:30,-0.7557358666666675
3,B,11,59,09:40,-0.41733203333333413
3,B,11,60,09:50,0.0
3,B,11,61,10:00,0.0
3,B,11,62,10:10,-6.730988833333333
3,B,11,63,10:20,-4.460747833333333
3,B,11,64,10:30,0.0
3,B,11,65,10:40,-12.2384953
3,B,11,66,10:50,-64.29618529999999
3,B,11,67,11:00,-97.99942193333332
3,B,11,68,11:10,-163.71215223333334
3,B,11,69,11:20,-143.7513116666667
3,B,11,70,11:30,-109.38085406666666
3,B,11,71,11:40,-107.71694053333333
3,B,11,72,11:50,-117.48847996666667
3,B,11,73,12:00,-122.18393583333334
3,B,11,74,12:10,-158.33697776666665
3,B,11,75,12:20,-104.74237153333333
3,B,11,76,12:30,-103.05311203333329
3,B,11,77,12:40,-3.9146431
3,B,11,78,12:50,-17.362368866666667
3,B,11,79,13:00,-17.780261433333333
3,B,11,80,13:10,-26.2754453
3,B,11,81,13:20,-38.03090653333333
3,B,11,82,13:30,-57.34166106666667
3,B,11,83,13:40,-33.316895333333335
3,B,11,84,13:50,0.0
3,B,11,85,14:00,0.0
3,B,11,86,14:10,0.0
3,B,11,87,14:20,0.0
3,B,11,88,14:30,0.0
3,B,11,89,14:40,-6.0626062
3,B,11,90,14:50,-202.57998950000004
3,B,11,91,15:00,-96.74701053333335
3,B,11,92,15:10,-323.66607100000004
3,B,11,93,15:20,-308.1819129666667
3,B,11,94,15:30,-148.02276853333333
3,B,11,95,15:40,-88.79266866666667
3,B,11,96,15:50,-91.3585935
3,B,11,97,16:00,-88.54352003333337
3,B,11,98,16:10,-86.88060476666666
3,B,11,99,16:20,-78.8118445
3,B,11,100,16:30,-73.00556133333333
3,B,11,101,16:40,-79.5520956333333
3,B,11,102,16:50,-73.1992037
3,B,11,103,17:00,-44.72753866666665
3,B,11,104,17:10,-20.725307966666666
3,B,11,105,17:20,-4.111869299999995
3,B,11,106,17:30,-4.152059933333342
3,B,11,107,17:40,-0.5208589999999977
3,B,11,108,17:50,0.0
3,B,11,109,18:00,74.62675619999999
3,B,11,110,18:10,97.19085166666669
3,B,11,111,18:20,65.96300736666667
3,B,11,112,18:30,79.63677226666665
3,B,11,113,18:40,35.92440036666665
3,B,11,114,18:50,156.33077813333333
3,B,11,115,19:00,0.0
3,B,11,116,19:10,266.8783238666667
3,B,11,117,19:20,0.0
3,B,11,118,19:30,0.0
3,B,11,119,19:40,32.954157900000006
3,B,11,120,19:50,0.0
3,B,11,121,20:00,0.0
3,B,11,122,20:10,311.6481531666667
3,B,11,123,20:20,0.0
3,B,11,124,20:30,0.0
3,B,11,125,20:40,95.27971539999999
3,B,11,126,20:50,3.118417733333335
3,B,11,127,21:00,0.1426687333333348
3,B,11,128,21:10,0.0
3,B,11,129,21:20,0.6133965333333341
3,B,11,130,21:30,3.3022967333333306
3,B,11,131,21:40,0.0007778333333343805
3,B,11,132,21:50,0.0
3,B,11,133,22:00,0.0
3,B,11,134,22:10,0.0
3,B,11,135,22:20,0.0
3,B,11,136,22:30,0.0
3,B,11,137,22:40,0.0
3,B,11,138,22:50,0.0
3,B,11,139,23:00,0.0
3,B,11,140,23:10,0.0
3,B,11,141,23:20,0.0
3,B,11,142,23:30,0.0
3,B,11,143,23:40,0.0
3,B,11,144,23:50,0.0
3,B,12,1,00:00,0.0
3,B,12,2,00:10,0.0
3,B,12,3,00:20,0.0
3,B,12,4,00:30,0.0
3,B,12,5,00:40,0.0
3,B,12,6,00:50,0.0
3,B,12,7,01:00,0.0
3,B,12,8,01:10,0.0
3,B,12,9,01:20,0.0
3,B,12,10,01:30,0.0
3,B,12,11,01:40,0.0
3,B,12,12,01:50,0.0
3,B,12,13,02:00,0.0
3,B,12,14,02:10,0.0
3,B,12,15,02:20,0.0
3,B,12,16,02:30,0.0
3,B,12,17,02:40,0.0
3,B,12,18,02:50,0.0
3,B,12,19,03:00,0.0
3,B,12,20,03:10,0.0
3,B,12,21,03:20,0.0
3,B,12,22,03:30,0.0
3,B,12,23,03:40,0.0
3,B,12,24,03:50,0.0
3,B,12,25,04:00,0.0
3,B,12,26,04:10,0.0
3,B,12,27,04:20,0.0
3,B,12,28,04:30,0.0
3,B,12,29,04:40,0.0
3,B,12,30,04:50,0.0
3,B,12,31,05:00,0.0
3,B,12,32,05:10,0.0
3,B,12,33,05:20,0.0
3,B,12,34,05:30,0.0
3,B,12,35,05:40,0.0
3,B,12,36,05:50,0.0
3,B,12,37,06:00,113.8057076451613
3,B,12,38,06:10,-9.088969677419358
3,B,12,39,06:20,-11.036705741935487
3,B,12,40,06:30,2.673980870967739
3,B,12,41,06:40,-3.8297610000000026
3,B,12,42,06:50,-26.68559496774194
3,B,12,43,07:00,-30.938392548387103
3,B,12,44,07:10,12.260896258064507
3,B,12,45,07:20,133.5600633548387
3,B,12,46,07:30,-4.403334838709687
3,B,12,47,07:40,17.298328064516124
3,B,12,48,07:50,33.28244870967742
3,B,12,49,08:00,38.289702806451615
3,B,12,50,08:10,31.99801574193548
3,B,12,51,08:20,20.059606774193547
3,B,12,52,08:30,13.071170967741933
3,B,12,53,08:40,1.9560530967741936
3,B,12,54,08:50,0.0
3,B,12,55,09:00,0.0
3,B,12,56,09:10,-25.724049258064515
3,B,12,57,09:20,8.910187870967741
3,B,12,58,09:30,18.53348119354839
3,B,12,59,09:40,28.93697438709678
3,B,12,60,09:50,-6.513582451612903
3,B,12,61,10:00,-9.472029258064515
3,B,12,62,10:10,14.474065870967738
3,B,12,63,10:20,-3.11255135483871
3,B,12,64,10:30,-16.359492774193544
3,B,12,65,10:40,-26.879690225806456
3,B,12,66,10:50,-17.009023709677404
3,B,12,67,11:00,-32.27314774193548
3,B,12,68,11:10,-16.360500774193557
3,B,12,69,11:20,-32.35762835483869
3,B,12,70,11:30,-46.92853858064517
3,B,12,71,11:40,-28.763518129032256
3,B,12,72,11:50,-63.25996216129032
3,B,12,73,12:00,-36.182433096774204
3,B,12,74,12:10,-64.39133548387096
3,B,12,75,12:20,-29.156820548387095
3,B,12,76,12:30,-28.616657741935473
3,B,12,77,12:40,43.90579303225807
3,B,12,78,12:50,-44.84266406451613
3,B,12,79,13:00,-43.26020483870967
3,B,12,80,13:10,-45.03501470967743
3,B,12,81,13:20,-49.04908612903227
3,B,12,82,13:30,-38.77269551612904
3,B,12,83,13:40,-82.59218422580645
3,B,12,84,13:50,0.0
3,B,12,85,14:00,0.0
3,B,12,86,14:10,0.0
3,B,12,87,14:20,0.0
3,B,12,88,14:30,0.0
3,B,12,89,14:40,-23.902589580645163
3,B,12,90,14:50,-42.8521405483871
3,B,12,91,15:00,-102.94625503225808
3,B,12,92,15:10,-42.08076006451612
3,B,12,93,15:20,-49.40097096774191
3,B,12,94,15:30,-230.1430272258064
3,B,12,95,15:40,-52.9107525483871
3,B,12,96,15:50,-49.65326187096776
3,B,12,97,16:00,-54.62848199999998
3,B,12,98,16:10,-38.654963677419346
3,B,12,99,16:20,-27.154545032258063
3,B,12,100,16:30,-36.93423941935483
3,B,12,101,16:40,-30.22592125806451
3,B,12,102,16:50,-19.091474193548382
3,B,12,103,17:00,-11.22154622580646
3,B,12,104,17:10,-7.4418122903225905
3,B,12,105,17:20,0.2747590000000118
3,B,12,106,17:30,-0.21667516129031494
3,B,12,107,17:40,1.0879803548387192
3,B,12,108,17:50,2.1628579677419344
3,B,12,109,18:00,-12.75111380645161
3,B,12,110,18:10,63.80590951612904
3,B,12,111,18:20,6.758413774193547
3,B,12,112,18:30,33.01932325806451
3,B,12,113,18:40,-0.36625116129031937
3,B,12,114,18:50,11.923697193548385
3,B,12,115,19:00,0.0
3,B,12,116,19:10,53.59528648387097
3,B,12,117,19:20,0.0
3,B,12,118,19:30,0.0
3,B,12,119,19:40,11.840096225806452
3,B,12,120,19:50,0.0
3,B,12,121,20:00,0.0
3,B,12,122,20:10,134.3501551612903
3,B,12,123,20:20,0.18627235483870966
3,B,12,124,20:30,-0.7072736451612903
3,B,12,125,20:40,26.011511870967738
3,B,12,126,20:50,2.1365661935483846
3,B,12,127,21:00,2.0455392580645184
3,B,12,128,21:10,1.8976692903225894
3,B,12,129,21:20,1.5988282580645121
3,B,12,130,21:30,3.104720064516128
3,B,12,131,21:40,2.7490430645161337
3,B,12,132,21:50,0.0
3,B,12,133,22:00,0.0
3,B,12,134,22:10,0.0
3,B,12,135,22:20,0.0
3,B,12,136,22:30,0.0
3,B,12,137,22:40,0.0
3,B,12,138,22:50,0.0
3,B,12,139,23:00,0.0
3,B,12,140,23:10,0.0
3,B,12,141,23:20,0.0
3,B,12,142,23:30,0.0
3,B,12,143,23:40,0.0
3,B,12,144,23:50,0.0
4-3,B,2,1,00:00,0.0
4-3,B,2,2,00:10,0.0
4-3,B,2,3,00:20,0.0
4-3,B,2,4,00:30,0.0
4-3,B,2,5,00:40,0.0
4-3,B,2,6,00:50,0.0
4-3,B,2,7,01:00,0.0
4-3,B,2,8,01:10,0.0
4-3,B,2,9,01:20,0.0
4-3,B,2,10,01:30,0.0
4-3,B,2,11,01:40,0.0
4-3,B,2,12,01:50,0.0
4-3,B,2,13,02:00,0.0
4-3,B,2,14,02:10,0.0
4-3,B,2,15,02:20,0.0
4-3,B,2,16,02:30,0.0
4-3,B,2,17,02:40,0.0
4-3,B,2,18,02:50,0.0
4-3,B,2,19,03:00,0.0
4-3,B,2,20,03:10,0.0
4-3,B,2,21,03:20,0.0
4-3,B,2,22,03:30,0.0
4-3,B,2,23,03:40,0.0
4-3,B,2,24,03:50,0.0
4-3,B,2,25,04:00,0.0
4-3,B,2,26,04:10,0.0
4-3,B,2,27,04:20,0.0
4-3,B,2,28,04:30,0.0
4-3,B,2,29,04:40,0.0
4-3,B,2,30,04:50,0.0
4-3,B,2,31,05:00,0.0
4-3,B,2,32,05:10,0.0
4-3,B,2,33,05:20,0.0
4-3,B,2,34,05:30,0.0
4-3,B,2,35,05:40,0.0
4-3,B,2,36,05:50,0.0
4-3,B,2,37,06:00,-10.624374571428566
4-3,B,2,38,06:10,-42.93307264285714
4-3,B,2,39,06:20,-3.4186250357142804
4-3,B,2,40,06:30,-38.61333789285714
4-3,B,2,41,06:40,-29.60564753571429
4-3,B,2,42,06:50,1.831928928571429
4-3,B,2,43,07:00,3.903188321428568
4-3,B,2,44,07:10,-29.87218785714286
4-3,B,2,45,07:20,-0.8868885357142874
4-3,B,2,46,07:30,26.225679535714285
4-3,B,2,47,07:40,-5.8139450357142834
4-3,B,2,48,07:50,-6.235244285714285
4-3,B,2,49,08:00,-6.915632964285714
4-3,B,2,50,08:10,-4.131345214285715
4-3,B,2,51,08:20,-0.3729679285714286
4-3,B,2,52,08:30,0.0
4-3,B,2,53,08:40,0.0
4-3,B,2,54,08:50,0.0
4-3,B,2,55,09:00,0.0
4-3,B,2,56,09:10,-4.260901107142857
4-3,B,2,57,09:20,-6.949644714285715
4-3,B,2,58,09:30,-2.122097714285715
4-3,B,2,59,09:40,-12.994850107142856
4-3,B,2,60,09:50,-11.04500917857143
4-3,B,2,61,10:00,-13.557327892857144
4-3,B,2,62,10:10,-16.311410964285713
4-3,B,2,63,10:20,-19.01037117857143
4-3,B,2,64,10:30,-17.13585367857143
4-3,B,2,65,10:40,-34.871078928571436
4-3,B,2,66,10:50,-105.02987532142856
4-3,B,2,67,11:00,-63.17404921428571
4-3,B,2,68,11:10,-47.40511371428571
4-3,B,2,69,11:20,-30.634638499999998
4-3,B,2,70,11:30,-43.857531178571435
4-3,B,2,71,11:40,-37.98308657142858
4-3,B,2,72,11:50,0.3046304285714224
4-3,B,2,73,12:00,-47.02226728571429
4-3,B,2,74,12:10,-76.97244114285714
4-3,B,2,75,12:20,-81.703853
4-3,B,2,76,12:30,-73.15494417857143
4-3,B,2,77,12:40,-149.346788
4-3,B,2,78,12:50,-47.125202071428575
4-3,B,2,79,13:00,-58.73260653571428
4-3,B,2,80,13:10,-44.34144467857142
4-3,B,2,81,13:20,-57.70618435714285
4-3,B,2,82,13:30,-30.483185214285715
4-3,B,2,83,13:40,-40.38224346428571
4-3,B,2,84,13:50,-2.581356535714285
4-3,B,2,85,14:00,5.368186571428572
4-3,B,2,86,14:10,8.730919928571428
4-3,B,2,87,14:20,0.0
4-3,B,2,88,14:30,0.0
4-3,B,2,89,14:40,4.198891607142857
4-3,B,2,90,14:50,-91.08822057142856
4-3,B,2,91,15:00,-51.75748596428569
4-3,B,2,92,15:10,-57.48088178571429
4-3,B,2,93,15:20,-41.16590857142858
4-3,B,2,94,15:30,-75.60575642857142
4-3,B,2,95,15:40,-35.82156075000001
4-3,B,2,96,15:50,-5.001900678571421
4-3,B,2,97,16:00,0.5497081071428482
4-3,B,2,98,16:10,-8.800120642857147
4-3,B,2,99,16:20,-8.16754239285714
4-3,B,2,100,16:30,3.8052887500000048
4-3,B,2,101,16:40,-2.4976446071428677
4-3,B,2,102,16:50,-4.683028785714277
4-3,B,2,103,17:00,-0.18534192857142223
4-3,B,2,104,17:10,-4.9269060714285695
4-3,B,2,105,17:20,-13.545652928571434
4-3,B,2,106,17:30,-16.738703642857143
4-3,B,2,107,17:40,-30.342752714285712
4-3,B,2,108,17:50,-38.80061525
4-3,B,2,109,18:00,-179.57618664285715
4-3,B,2,110,18:10,-118.52437382142855
4-3,B,2,111,18:20,-84.89176071428572
4-3,B,2,112,18:30,-68.15493782142856
4-3,B,2,113,18:40,-157.41819528571426
4-3,B,2,114,18:50,-82.57851953571428
4-3,B,2,115,19:00,-55.09727221428572
4-3,B,2,116,19:10,-151.59473025000003
4-3,B,2,117,19:20,-87.78569164285713
4-3,B,2,118,19:30,-75.85323132142857
4-3,B,2,119,19:40,-73.14329935714287
4-3,B,2,120,19:50,-87.79457371428573
4-3,B,2,121,20:00,-63.740751964285714
4-3,B,2,122,20:10,-106.7804452857143
4-3,B,2,123,20:20,-132.75662
4-3,B,2,124,20:30,-66.10005992857143
4-3,B,2,125,20:40,-79.38209914285714
4-3,B,2,126,20:50,-50.47415067857141
4-3,B,2,127,21:00,-34.630269642857144
4-3,B,2,128,21:10,-55.93187532142857
4-3,B,2,129,21:20,-70.61078953571429
4-3,B,2,130,21:30,-106.26578299999997
4-3,B,2,131,21:40,-42.98570389285716
4-3,B,2,132,21:50,-68.74523310714287
4-3,B,2,133,22:00,-61.17118939285714
4-3,B,2,134,22:10,-80.63801367857143
4-3,B,2,135,22:20,-77.35181917857143
4-3,B,2,136,22:30,-67.37412889285714
4-3,B,2,137,22:40,-59.32308821428573
4-3,B,2,138,22:50,-51.454512428571434
4-3,B,2,139,23:00,-98.15486146428573
4-3,B,2,140,23:10,-83.64815999999999
4-3,B,2,141,23:20,-106.40517575
4-3,B,2,142,23:30,-36.94242560714286
4-3,B,2,143,23:40,-31.805938785714282
4-3,B,2,144,23:50,-21.953145464285708
4-3,B,3,1,00:00,0.0
4-3,B,3,2,00:10,0.0
4-3,B,3,3,00:20,0.0
4-3,B,3,4,00:30,0.0
4-3,B,3,5,00:40,0.0
4-3,B,3,6,00:50,0.0
4-3,B,3,7,01:00,0.0
4-3,B,3,8,01:10,0.0
4-3,B,3,9,01:20,0.0
4-3,B,3,10,01:30,0.0
4-3,B,3,11,01:40,0.0
4-3,B,3,12,01:50,0.0
4-3,B,3,13,02:00,0.0
4-3,B,3,14,02:10,0.0
4-3,B,3,15,02:20,0.0
4-3,B,3,16,02:30,0.0
4-3,B,3,17,02:40,0.0
4-3,B,3,18,02:50,0.0
4-3,B,3,19,03:00,0.0
4-3,B,3,20,03:10,0.0
4-3,B,3,21,03:20,0.0
4-3,B,3,22,03:30,0.0
4-3,B,3,23,03:40,0.0
4-3,B,3,24,03:50,0.0
4-3,B,3,25,04:00,0.0
4-3,B,3,26,04:10,0.0
4-3,B,3,27,04:20,0.0
4-3,B,3,28,04:30,0.0
4-3,B,3,29,04:40,0.0
4-3,B,3,30,04:50,0.0
4-3,B,3,31,05:00,0.0
4-3,B,3,32,05:10,0.0
4-3,B,3,33,05:20,0.0
4-3,B,3,34,05:30,0.0
4-3,B,3,35,05:40,0.0
4-3,B,3,36,05:50,0.0
4-3,B,3,37,06:00,1.3049363548387096
4-3,B,3,38,06:10,60.573116193548394
4-3,B,3,39,06:20,-4.656536322580647
4-3,B,3,40,06:30,55.01786370967743
4-3,B,3,41,06:40,41.47519141935484
4-3,B,3,42,06:50,71.28411922580645
4-3,B,3,43,07:00,91.65589396774193
4-3,B,3,44,07:10,121.96928787096776
4-3,B,3,45,07:20,103.7093369354839
4-3,B,3,46,07:30,165.3565552580645
4-3,B,3,47,07:40,91.30888180645161
4-3,B,3,48,07:50,2.863715387096774
4-3,B,3,49,08:00,2.851970612903226
4-3,B,3,50,08:10,0.24057106451612906
4-3,B,3,51,08:20,0.0
4-3,B,3,52,08:30,0.0
4-3,B,3,53,08:40,0.0
4-3,B,3,54,08:50,0.0
4-3,B,3,55,09:00,0.0
4-3,B,3,56,09:10,0.0
4-3,B,3,57,09:20,-9.901518032258064
4-3,B,3,58,09:30,4.267350677419353
4-3,B,3,59,09:40,1.861664645161291
4-3,B,3,60,09:50,-2.6380167419354836
4-3,B,3,61,10:00,-4.46661464516129
4-3,B,3,62,10:10,-1.566793677419355
4-3,B,3,63,10:20,-1.1796317741935483
4-3,B,3,64,10:30,-6.658899064516129
4-3,B,3,65,10:40,-12.572011419354839
4-3,B,3,66,10:50,-55.44002829032257
4-3,B,3,67,11:00,-50.617123677419364
4-3,B,3,68,11:10,-58.745048
4-3,B,3,69,11:20,-18.346602161290324
4-3,B,3,70,11:30,20.548950193548386
4-3,B,3,71,11:40,35.61288848387097
4-3,B,3,72,11:50,19.32011732258065
4-3,B,3,73,12:00,-31.82578751612903
4-3,B,3,74,12:10,-64.93865312903226
4-3,B,3,75,12:20,6.464552935483863
4-3,B,3,76,12:30,-4.282263935483873
4-3,B,3,77,12:40,-3.6245757741935596
4-3,B,3,78,12:50,-17.77489490322581
4-3,B,3,79,13:00,-6.456008161290322
4-3,B,3,80,13:10,-14.056895677419355
4-3,B,3,81,13:20,-22.202984967741937
4-3,B,3,82,13:30,-13.157585483870967
4-3,B,3,83,13:40,-7.418105387096776
4-3,B,3,84,13:50,-9.912227677419356
4-3,B,3,85,14:00,6.327030161290322
4-3,B,3,86,14:10,-7.309289774193549
4-3,B,3,87,14:20,-23.148012483870968
4-3,B,3,88,14:30,0.0
4-3,B,3,89,14:40,-10.114993354838711
4-3,B,3,90,14:50,61.55411067741936
4-3,B,3,91,15:00,115.79904725806453
4-3,B,3,92,15:10,17.548843677419367
4-3,B,3,93,15:20,-57.27679112903225
4-3,B,3,94,15:30,23.026744483870974
4-3,B,3,95,15:40,39.21757567741936
4-3,B,3,96,15:50,46.277610387096765
4-3,B,3,97,16:00,42.288208999999995
4-3,B,3,98,16:10,37.52857416129032
4-3,B,3,99,16:20,30.041757645161287
4-3,B,3,100,16:30,47.27708996774192
4-3,B,3,101,16:40,44.78554338709679
4-3,B,3,102,16:50,37.81185164516129
4-3,B,3,103,17:00,25.07925361290323
4-3,B,3,104,17:10,14.107152387096773
4-3,B,3,105,17:20,10.377767967741937
4-3,B,3,106,17:30,-4.094181096774198
4-3,B,3,107,17:40,-12.780642645161292
4-3,B,3,108,17:50,1.1036203225806445
4-3,B,3,109,18:00,-96.3819389032258
4-3,B,3,110,18:10,-73.66285529032258
4-3,B,3,111,18:20,-18.688076064516128
4-3,B,3,112,18:30,-20.332844612903227
4-3,B,3,113,18:40,-32.94906987096774
4-3,B,3,114,18:50,-16.70816290322581
4-3,B,3,115,19:00,-45.794883225806444
4-3,B,3,116,19:10,-19.240044709677413
4-3,B,3,117,19:20,-21.515382516129034
4-3,B,3,118,19:30,-8.192518064516127
4-3,B,3,119,19:40,-33.61493587096774
4-3,B,3,120,19:50,-14.757243709677423
4-3,B,3,121,20:00,-39.34421193548386
4-3,B,3,122,20:10,-27.279410838709676
4-3,B,3,123,20:20,-63.41502948387097
4-3,B,3,124,20:30,0.0
4-3,B,3,125,20:40,-30.995135354838713
4-3,B,3,126,20:50,-38.325100225806445
4-3,B,3,127,21:00,-57.76090483870967
4-3,B,3,128,21:10,-28.09149180645161
4-3,B,3,129,21:20,-34.204413354838714
4-3,B,3,130,21:30,-59.059449161290324
4-3,B,3,131,21:40,-20.140501290322593
4-3,B,3,132,21:50,-106.30832132258065
4-3,B,3,133,22:00,-76.71017587096772
4-3,B,3,134,22:10,-61.74113351612904
4-3,B,3,135,22:20,-62.45646951612904
4-3,B,3,136,22:30,-64.73724080645162
4-3,B,3,137,22:40,-92.59968035483874
4-3,B,3,138,22:50,-72.22625832258063
4-3,B,3,139,23:00,-97.24168793548388
4-3,B,3,140,23:10,-72.93317483870969
4-3,B,3,141,23:20,-83.31808203225809
4-3,B,3,142,23:30,-44.21775054838709
4-3,B,3,143,23:40,-13.98967354838712
4-3,B,3,144,23:50,-26.298676870967753
4-3,B,4,1,00:00,0.0
4-3,B,4,2,00:10,0.0
4-3,B,4,3,00:20,0.0
4-3,B,4,4,00:30,0.0
4-3,B,4,5,00:40,0.0
4-3,B,4,6,00:50,0.0
4-3,B,4,7,01:00,0.0
4-3,B,4,8,01:10,0.0
4-3,B,4,9,01:20,0.0
4-3,B,4,10,01:30,0.0
4-3,B,4,11,01:40,0.0
4-3,B,4,12,01:50,0.0
4-3,B,4,13,02:00,0.0
4-3,B,4,14,02:10,0.0
4-3,B,4,15,02:20,0.0
4-3,B,4,16,02:30,0.0
4-3,B,4,17,02:40,0.0
4-3,B,4,18,02:50,0.0
4-3,B,4,19,03:00,0.0
4-3,B,4,20,03:10,0.0
4-3,B,4,21,03:20,0.0
4-3,B,4,22,03:30,0.0
4-3,B,4,23,03:40,0.0
4-3,B,4,24,03:50,0.0
4-3,B,4,25,04:00,0.0
4-3,B,4,26,04:10,0.0
4-3,B,4,27,04:20,0.0
4-3,B,4,28,04:30,0.0
4-3,B,4,29,04:40,0.0
4-3,B,4,30,04:50,0.0
4-3,B,4,31,05:00,0.0
4-3,B,4,32,05:10,0.0
4-3,B,4,33,05:20,0.0
4-3,B,4,34,05:30,0.0
4-3,B,4,35,05:40,0.0
4-3,B,4,36,05:50,0.0
4-3,B,4,37,06:00,7.491241099999999
4-3,B,4,38,06:10,15.6139638
4-3,B,4,39,06:20,95.05144836666666
4-3,B,4,40,06:30,91.1470816
4-3,B,4,41,06:40,130.71782293333334
4-3,B,4,42,06:50,173.10175916666674
4-3,B,4,43,07:00,190.94561843333332
4-3,B,4,44,07:10,191.66391886666665
4-3,B,4,45,07:20,190.13740009999998
4-3,B,4,46,07:30,279.94127546666664
4-3,B,4,47,07:40,36.17488313333333
4-3,B,4,48,07:50,0.0
4-3,B,4,49,08:00,0.0
4-3,B,4,50,08:10,0.0
4-3,B,4,51,08:20,0.0
4-3,B,4,52,08:30,0.0
4-3,B,4,53,08:40,0.0
4-3,B,4,54,08:50,0.0
4-3,B,4,55,09:00,0.0
4-3,B,4,56,09:10,0.0
4-3,B,4,57,09:20,0.0
4-3,B,4,58,09:30,0.0
4-3,B,4,59,09:40,0.0
4-3,B,4,60,09:50,-5.158533666666667
4-3,B,4,61,10:00,-1.4661623999999998
4-3,B,4,62,10:10,0.0
4-3,B,4,63,10:20,0.0
4-3,B,4,64,10:30,0.0
4-3,B,4,65,10:40,0.0
4-3,B,4,66,10:50,-14.6828805
4-3,B,4,67,11:00,22.3921331
4-3,B,4,68,11:10,16.6424511
4-3,B,4,69,11:20,-11.826313533333332
4-3,B,4,70,11:30,-6.395329933333332
4-3,B,4,71,11:40,-17.671098500000006
4-3,B,4,72,11:50,-16.162648666666666
4-3,B,4,73,12:00,-39.94427603333334
4-3,B,4,74,12:10,61.187011033333334
4-3,B,4,75,12:20,81.94771123333334
4-3,B,4,76,12:30,80.58238133333333
4-3,B,4,77,12:40,32.99975106666667
4-3,B,4,78,12:50,-0.11279683333333333
4-3,B,4,79,13:00,-0.17659946666666665
4-3,B,4,80,13:10,-2.230307766666667
4-3,B,4,81,13:20,0.0
4-3,B,4,82,13:30,0.0
4-3,B,4,83,13:40,0.0
4-3,B,4,84,13:50,0.0
4-3,B,4,85,14:00,0.0
4-3,B,4,86,14:10,0.0
4-3,B,4,87,14:20,0.0
4-3,B,4,88,14:30,0.0
4-3,B,4,89,14:40,0.0
4-3,B,4,90,14:50,74.05973689999996
4-3,B,4,91,15:00,104.62991376666666
4-3,B,4,92,15:10,67.82056779999999
4-3,B,4,93,15:20,30.355175166666662
4-3,B,4,94,15:30,52.9662803
4-3,B,4,95,15:40,52.32049713333333
4-3,B,4,96,15:50,46.37611356666666
4-3,B,4,97,16:00,38.2314685
4-3,B,4,98,16:10,37.57159899999999
4-3,B,4,99,16:20,40.04757823333333
4-3,B,4,100,16:30,43.96305853333333
4-3,B,4,101,16:40,56.704942233333334
4-3,B,4,102,16:50,51.230478399999996
4-3,B,4,103,17:00,37.84492923333334
4-3,B,4,104,17:10,22.258525566666666
4-3,B,4,105,17:20,17.7967532
4-3,B,4,106,17:30,13.02843043333334
4-3,B,4,107,17:40,4.357132800000003
4-3,B,4,108,17:50,1.5155410999999996
4-3,B,4,109,18:00,-31.662687533333333
4-3,B,4,110,18:10,-21.983204233333332
4-3,B,4,111,18:20,-30.185270399999997
4-3,B,4,112,18:30,-42.63535970000001
4-3,B,4,113,18:40,-13.665960099999996
4-3,B,4,114,18:50,-29.521091233333337
4-3,B,4,115,19:00,-32.4278141
4-3,B,4,116,19:10,-5.604046699999996
4-3,B,4,117,19:20,-18.6614286
4-3,B,4,118,19:30,-11.2874397
4-3,B,4,119,19:40,-7.455390133333333
4-3,B,4,120,19:50,-0.0793768
4-3,B,4,121,20:00,-37.40692496666667
4-3,B,4,122,20:10,-28.301085700000005
4-3,B,4,123,20:20,-12.621115533333331
4-3,B,4,124,20:30,0.0
4-3,B,4,125,20:40,-9.91584693333333
4-3,B,4,126,20:50,-15.44954820000001
4-3,B,4,127,21:00,-32.190598666666666
4-3,B,4,128,21:10,-42.2471861
4-3,B,4,129,21:20,-20.44685886666667
4-3,B,4,130,21:30,-44.39658510000001
4-3,B,4,131,21:40,-27.866267533333332
4-3,B,4,132,21:50,-28.196535299999997
4-3,B,4,133,22:00,-51.42086843333333
4-3,B,4,134,22:10,-58.9384811
4-3,B,4,135,22:20,-48.99424753333334
4-3,B,4,136,22:30,-95.76004319999998
4-3,B,4,137,22:40,-65.79142780000002
4-3,B,4,138,22:50,-27.766193833333325
4-3,B,4,139,23:00,-41.82174563333334
4-3,B,4,140,23:10,-34.84842686666664
4-3,B,4,141,23:20,-35.863368099999995
4-3,B,4,142,23:30,-31.05972006666668
4-3,B,4,143,23:40,-43.45919683333334
4-3,B,4,144,23:50,-28.00687809999999
4-3,B,5,1,00:00,0.0
4-3,B,5,2,00:10,0.0
4-3,B,5,3,00:20,0.0
4-3,B,5,4,00:30,0.0
4-3,B,5,5,00:40,0.0
4-3,B,5,6,00:50,0.0
4-3,B,5,7,01:00,0.0
4-3,B,5,8,01:10,0.0
4-3,B,5,9,01:20,0.0
4-3,B,5,10,01:30,0.0
4-3,B,5,11,01:40,0.0
4-3,B,5,12,01:50,0.0
4-3,B,5,13,02:00,0.0
4-3,B,5,14,02:10,0.0
4-3,B,5,15,02:20,0.0
4-3,B,5,16,02:30,0.0
4-3,B,5,17,02:40,0.0
4-3,B,5,18,02:50,0.0
4-3,B,5,19,03:00,0.0
4-3,B,5,20,03:10,0.0
4-3,B,5,21,03:20,0.0
4-3,B,5,22,03:30,0.0
4-3,B,5,23,03:40,0.0
4-3,B,5,24,03:50,0.0
4-3,B,5,25,04:00,0.0
4-3,B,5,26,04:10,0.0
4-3,B,5,27,04:20,0.0
4-3,B,5,28,04:30,0.0
4-3,B,5,29,04:40,0.0
4-3,B,5,30,04:50,0.0
4-3,B,5,31,05:00,0.0
4-3,B,5,32,05:10,0.0
4-3,B,5,33,05:20,0.0
4-3,B,5,34,05:30,0.0
4-3,B,5,35,05:40,0.0
4-3,B,5,36,05:50,0.0
4-3,B,5,37,06:00,14.298144419354838
4-3,B,5,38,06:10,185.27576838709678
4-3,B,5,39,06:20,161.09103119354842
4-3,B,5,40,06:30,203.2723874516129
4-3,B,5,41,06:40,251.77151054838708
4-3,B,5,42,06:50,290.5166099354839
4-3,B,5,43,07:00,311.63321729032265
4-3,B,5,44,07:10,279.47467164516127
4-3,B,5,45,07:20,370.085259483871
4-3,B,5,46,07:30,449.6296569677419
4-3,B,5,47,07:40,87.10080012903227
4-3,B,5,48,07:50,0.0
4-3,B,5,49,08:00,0.0
4-3,B,5,50,08:10,0.0
4-3,B,5,51,08:20,0.0
4-3,B,5,52,08:30,0.0
4-3,B,5,53,08:40,0.0
4-3,B,5,54,08:50,0.0
4-3,B,5,55,09:00,0.0
4-3,B,5,56,09:10,0.0
4-3,B,5,57,09:20,0.0
4-3,B,5,58,09:30,0.0
4-3,B,5,59,09:40,0.0
4-3,B,5,60,09:50,0.0
4-3,B,5,61,10:00,0.0
4-3,B,5,62,10:10,0.0
4-3,B,5,63,10:20,0.0
4-3,B,5,64,10:30,0.0
4-3,B,5,65,10:40,0.0
4-3,B,5,66,10:50,-45.29998029032257
4-3,B,5,67,11:00,-16.07672441935484
4-3,B,5,68,11:10,-28.073438161290323
4-3,B,5,69,11:20,-18.312308935483873
4-3,B,5,70,11:30,-12.650552483870966
4-3,B,5,71,11:40,-12.961720096774195
4-3,B,5,72,11:50,-48.3558614516129
4-3,B,5,73,12:00,-22.089421935483873
4-3,B,5,74,12:10,26.15634258064516
4-3,B,5,75,12:20,31.65406970967742
4-3,B,5,76,12:30,64.2215484516129
4-3,B,5,77,12:40,19.54839816129032
4-3,B,5,78,12:50,0.0
4-3,B,5,79,13:00,0.0
4-3,B,5,80,13:10,0.0
4-3,B,5,81,13:20,0.0
4-3,B,5,82,13:30,0.0
4-3,B,5,83,13:40,0.0
4-3,B,5,84,13:50,0.0
4-3,B,5,85,14:00,0.0
4-3,B,5,86,14:10,0.0
4-3,B,5,87,14:20,0.0
4-3,B,5,88,14:30,0.0
4-3,B,5,89,14:40,0.0
4-3,B,5,90,14:50,44.92039829032258
4-3,B,5,91,15:00,57.995150064516125
4-3,B,5,92,15:10,46.67361400000001
4-3,B,5,93,15:20,36.735024
4-3,B,5,94,15:30,32.8286869032258
4-3,B,5,95,15:40,41.25742051612903
4-3,B,5,96,15:50,36.58149390322581
4-3,B,5,97,16:00,40.000444838709676
4-3,B,5,98,16:10,37.28845722580645
4-3,B,5,99,16:20,33.64484987096775
4-3,B,5,100,16:30,28.6805116451613
4-3,B,5,101,16:40,26.085066419354842
4-3,B,5,102,16:50,24.181982161290332
4-3,B,5,103,17:00,30.382668516129034
4-3,B,5,104,17:10,18.460568354838717
4-3,B,5,105,17:20,14.2802885483871
4-3,B,5,106,17:30,9.73156748387096
4-3,B,5,107,17:40,-1.232232129032258
4-3,B,5,108,17:50,2.3247937096774156
4-3,B,5,109,18:00,-42.862939483870974
4-3,B,5,110,18:10,-9.955556580645165
4-3,B,5,111,18:20,-23.77876441935484
4-3,B,5,112,18:30,-19.57105625806452
4-3,B,5,113,18:40,-6.6713235483871
4-3,B,5,114,18:50,-7.3199454516129
4-3,B,5,115,19:00,-9.442482129032257
4-3,B,5,116,19:10,-4.926516838709681
4-3,B,5,117,19:20,-19.724888225806453
4-3,B,5,118,19:30,0.0
4-3,B,5,119,19:40,-2.722478322580646
4-3,B,5,120,19:50,-16.34391761290323
4-3,B,5,121,20:00,-15.619506903225806
4-3,B,5,122,20:10,-17.064893741935485
4-3,B,5,123,20:20,-8.113715516129032
4-3,B,5,124,20:30,-2.2264712580645165
4-3,B,5,125,20:40,-12.64381919354839
4-3,B,5,126,20:50,-3.2430063870967696
4-3,B,5,127,21:00,-5.209463290322581
4-3,B,5,128,21:10,-4.220668612903227
4-3,B,5,129,21:20,-2.3555371935483858
4-3,B,5,130,21:30,-5.000007096774198
4-3,B,5,131,21:40,-9.461648225806448
4-3,B,5,132,21:50,-71.74098122580645
4-3,B,5,133,22:00,-55.37627532258065
4-3,B,5,134,22:10,-64.93716238709678
4-3,B,5,135,22:20,-56.53242561290321
4-3,B,5,136,22:30,-110.69420706451612
4-3,B,5,137,22:40,-103.38827809677421
4-3,B,5,138,22:50,-75.00308132258066
4-3,B,5,139,23:00,-74.27957919354839
4-3,B,5,140,23:10,-81.86421183870968
4-3,B,5,141,23:20,-90.04516374193547
4-3,B,5,142,23:30,-82.0846342903226
4-3,B,5,143,23:40,-100.4733890967742
4-3,B,5,144,23:50,-66.40584341935485
4-3,B,6,1,00:00,0.0
4-3,B,6,2,00:10,0.0
4-3,B,6,3,00:20,0.0
4-3,B,6,4,00:30,0.0
4-3,B,6,5,00:40,0.0
4-3,B,6,6,00:50,0.0
4-3,B,6,7,01:00,0.0
4-3,B,6,8,01:10,0.0
4-3,B,6,9,01:20,0.0
4-3,B,6,10,01:30,0.0
4-3,B,6,11,01:40,0.0
4-3,B,6,12,01:50,0.0
4-3,B,6,13,02:00,0.0
4-3,B,6,14,02:10,0.0
4-3,B,6,15,02:20,0.0
4-3,B,6,16,02:30,0.0
4-3,B,6,17,02:40,0.0
4-3,B,6,18,02:50,0.0
4-3,B,6,19,03:00,0.0
4-3,B,6,20,03:10,0.0
4-3,B,6,21,03:20,0.0
4-3,B,6,22,03:30,0.0
4-3,B,6,23,03:40,0.0
4-3,B,6,24,03:50,0.0
4-3,B,6,25,04:00,0.0
4-3,B,6,26,04:10,0.0
4-3,B,6,27,04:20,0.0
4-3,B,6,28,04:30,0.0
4-3,B,6,29,04:40,0.0
4-3,B,6,30,04:50,0.0
4-3,B,6,31,05:00,0.0
4-3,B,6,32,05:10,0.0
4-3,B,6,33,05:20,0.0
4-3,B,6,34,05:30,0.0
4-3,B,6,35,05:40,0.0
4-3,B,6,36,05:50,0.0
4-3,B,6,37,06:00,30.012388400000003
4-3,B,6,38,06:10,89.3399619
4-3,B,6,39,06:20,117.0158052
4-3,B,6,40,06:30,111.9033768
4-3,B,6,41,06:40,53.85823256666665
4-3,B,6,42,06:50,101.39584029999999
4-3,B,6,43,07:00,103.4788304666667
4-3,B,6,44,07:10,100.72557636666667
4-3,B,6,45,07:20,132.0111818
4-3,B,6,46,07:30,112.7264656
4-3,B,6,47,07:40,67.8764333
4-3,B,6,48,07:50,0.0
4-3,B,6,49,08:00,0.0
4-3,B,6,50,08:10,0.0
4-3,B,6,51,08:20,0.0
4-3,B,6,52,08:30,0.0
4-3,B,6,53,08:40,0.0
4-3,B,6,54,08:50,0.0
4-3,B,6,55,09:00,0.0
4-3,B,6,56,09:10,0.0
4-3,B,6,57,09:20,0.0
4-3,B,6,58,09:30,0.0
4-3,B,6,59,09:40,0.0
4-3,B,6,60,09:50,0.0
4-3,B,6,61,10:00,0.0
4-3,B,6,62,10:10,0.0
4-3,B,6,63,10:20,-6.609147633333333
4-3,B,6,64,10:30,0.0
4-3,B,6,65,10:40,-2.522564533333333
4-3,B,6,66,10:50,-21.93429696666667
4-3,B,6,67,11:00,-73.90884583333334
4-3,B,6,68,11:10,-1.8064605999999988
4-3,B,6,69,11:20,-5.8482850000000095
4-3,B,6,70,11:30,-4.534363033333329
4-3,B,6,71,11:40,-34.6986343
4-3,B,6,72,11:50,-51.49076093333333
4-3,B,6,73,12:00,-10.596339433333334
4-3,B,6,74,12:10,53.71420043333333
4-3,B,6,75,12:20,35.16851126666667
4-3,B,6,76,12:30,16.4542196
4-3,B,6,77,12:40,45.51376423333333
4-3,B,6,78,12:50,-11.919602600000001
4-3,B,6,79,13:00,-21.73617873333333
4-3,B,6,80,13:10,-35.215977466666665
4-3,B,6,81,13:20,-23.695840866666664
4-3,B,6,82,13:30,-18.436769899999998
4-3,B,6,83,13:40,-9.188977099999999
4-3,B,6,84,13:50,-1.9483926666666662
4-3,B,6,85,14:00,-3.7849018
4-3,B,6,86,14:10,-4.900566866666668
4-3,B,6,87,14:20,-11.195640299999999
4-3,B,6,88,14:30,0.0
4-3,B,6,89,14:40,-33.469712333333334
4-3,B,6,90,14:50,-26.32384916666666
4-3,B,6,91,15:00,21.526204566666674
4-3,B,6,92,15:10,21.459650300000003
4-3,B,6,93,15:20,30.315305400000003
4-3,B,6,94,15:30,-2.5935098666666705
4-3,B,6,95,15:40,-16.251006866666668
4-3,B,6,96,15:50,30.154616866666665
4-3,B,6,97,16:00,17.909238733333332
4-3,B,6,98,16:10,-4.530867900000002
4-3,B,6,99,16:20,-12.970923933333333
4-3,B,6,100,16:30,-6.832511599999998
4-3,B,6,101,16:40,-4.075253933333337
4-3,B,6,102,16:50,-25.613926066666668
4-3,B,6,103,17:00,-26.3233092
4-3,B,6,104,17:10,-11.479019666666666
4-3,B,6,105,17:20,-9.759270400000002
4-3,B,6,106,17:30,-6.733492600000005
4-3,B,6,107,17:40,1.5528096666666709
4-3,B,6,108,17:50,-5.6285717666666715
4-3,B,6,109,18:00,-113.60103893333333
4-3,B,6,110,18:10,-42.01398900000001
4-3,B,6,111,18:20,-43.3597281
4-3,B,6,112,18:30,-43.57857666666667
4-3,B,6,113,18:40,-51.91262223333333
4-3,B,6,114,18:50,-19.854385566666664
4-3,B,6,115,19:00,-1.1758331333333312
4-3,B,6,116,19:10,12.252262733333332
4-3,B,6,117,19:20,-11.540706266666666
4-3,B,6,118,19:30,-53.2950305
4-3,B,6,119,19:40,-4.727715766666665
4-3,B,6,120,19:50,-6.373149633333327
4-3,B,6,121,20:00,-2.7462176666666682
4-3,B,6,122,20:10,-10.981853033333334
4-3,B,6,123,20:20,-8.418531166666666
4-3,B,6,124,20:30,-11.300818899999998
4-3,B,6,125,20:40,1.8543494666666713
4-3,B,6,126,20:50,-5.621180466666662
4-3,B,6,127,21:00,-11.159007533333329
4-3,B,6,128,21:10,-5.9030870666666635
4-3,B,6,129,21:20,-6.908574766666663
4-3,B,6,130,21:30,-17.846667066666665
4-3,B,6,131,21:40,-15.144904499999999
4-3,B,6,132,21:50,-25.9449027
4-3,B,6,133,22:00,-19.186333266666672
4-3,B,6,134,22:10,-15.113739066666659
4-3,B,6,135,22:20,-21.052586800000007
4-3,B,6,136,22:30,-15.008489899999997
4-3,B,6,137,22:40,-34.535925
4-3,B,6,138,22:50,-10.36220113333333
4-3,B,6,139,23:00,-21.892982733333337
4-3,B,6,140,23:10,-44.91520516666667
4-3,B,6,141,23:20,-22.620563066666666
4-3,B,6,142,23:30,-18.95271263333334
4-3,B,6,143,23:40,-12.6743626
4-3,B,6,144,23:50,-35.41154733333334
4-3,B,7,1,00:00,0.0
4-3,B,7,2,00:10,0.0
4-3,B,7,3,00:20,0.0
4-3,B,7,4,00:30,0.0
4-3,B,7,5,00:40,0.0
4-3,B,7,6,00:50,0.0
4-3,B,7,7,01:00,0.0
4-3,B,7,8,01:10,0.0
4-3,B,7,9,01:20,0.0
4-3,B,7,10,01:30,0.0
4-3,B,7,11,01:40,0.0
4-3,B,7,12,01:50,0.0
4-3,B,7,13,02:00,0.0
4-3,B,7,14,02:10,0.0
4-3,B,7,15,02:20,0.0
4-3,B,7,16,02:30,0.0
4-3,B,7,17,02:40,0.0
4-3,B,7,18,02:50,0.0
4-3,B,7,19,03:00,0.0
4-3,B,7,20,03:10,0.0
4-3,B,7,21,03:20,0.0
4-3,B,7,22,03:30,0.0
4-3,B,7,23,03:40,0.0
4-3,B,7,24,03:50,0.0
4-3,B,7,25,04:00,0.0
4-3,B,7,26,04:10,0.0
4-3,B,7,27,04:20,0.0
4-3,B,7,28,04:30,0.0
4-3,B,7,29,04:40,0.0
4-3,B,7,30,04:50,0.0
4-3,B,7,31,05:00,0.0
4-3,B,7,32,05:10,0.0
4-3,B,7,33,05:20,0.0
4-3,B,7,34,05:30,0.0
4-3,B,7,35,05:40,0.0
4-3,B,7,36,05:50,0.0
4-3,B,7,37,06:00,54.18433929032259
4-3,B,7,38,06:10,32.38709622580644
4-3,B,7,39,06:20,2.2721074193548376
4-3,B,7,40,06:30,41.117908548387085
4-3,B,7,41,06:40,34.16021448387096
4-3,B,7,42,06:50,26.654957741935487
4-3,B,7,43,07:00,43.71356780645162
4-3,B,7,44,07:10,37.75315090322581
4-3,B,7,45,07:20,66.12561006451611
4-3,B,7,46,07:30,62.33837799999999
4-3,B,7,47,07:40,38.4048329032258
4-3,B,7,48,07:50,6.890380677419355
4-3,B,7,49,08:00,5.1913218064516125
4-3,B,7,50,08:10,1.5900644193548388
4-3,B,7,51,08:20,1.844603129032258
4-3,B,7,52,08:30,0.0
4-3,B,7,53,08:40,0.0
4-3,B,7,54,08:50,0.0
4-3,B,7,55,09:00,7.93802435483871
4-3,B,7,56,09:10,6.846914612903226
4-3,B,7,57,09:20,0.0
4-3,B,7,58,09:30,1.2468984516129031
4-3,B,7,59,09:40,0.0
4-3,B,7,60,09:50,0.0
4-3,B,7,61,10:00,0.0
4-3,B,7,62,10:10,5.371209935483871
4-3,B,7,63,10:20,3.0846910000000003
4-3,B,7,64,10:30,2.114457322580645
4-3,B,7,65,10:40,1.0675905806451613
4-3,B,7,66,10:50,50.39323622580645
4-3,B,7,67,11:00,70.42472074193547
4-3,B,7,68,11:10,2.351117387096775
4-3,B,7,69,11:20,70.22779999999999
4-3,B,7,70,11:30,29.120022612903227
4-3,B,7,71,11:40,63.96860435483871
4-3,B,7,72,11:50,96.53949067741935
4-3,B,7,73,12:00,100.17651596774193
4-3,B,7,74,12:10,73.71846735483871
4-3,B,7,75,12:20,137.94864677419355
4-3,B,7,76,12:30,122.69093687096773
4-3,B,7,77,12:40,140.9600688387097
4-3,B,7,78,12:50,-0.7426137096774196
4-3,B,7,79,13:00,2.990457451612903
4-3,B,7,80,13:10,-0.5070709999999999
4-3,B,7,81,13:20,-2.2043365483870954
4-3,B,7,82,13:30,-0.451710322580644
4-3,B,7,83,13:40,-3.616462290322581
4-3,B,7,84,13:50,4.182482806451613
4-3,B,7,85,14:00,0.0
4-3,B,7,86,14:10,4.958861000000001
4-3,B,7,87,14:20,6.366477580645161
4-3,B,7,88,14:30,0.0
4-3,B,7,89,14:40,0.0
4-3,B,7,90,14:50,83.22584580645162
4-3,B,7,91,15:00,102.5262267419355
4-3,B,7,92,15:10,65.26694229032259
4-3,B,7,93,15:20,4.54536977419355
4-3,B,7,94,15:30,29.546210290322573
4-3,B,7,95,15:40,22.537874000000013
4-3,B,7,96,15:50,16.981636548387094
4-3,B,7,97,16:00,0.7291461612903218
4-3,B,7,98,16:10,6.613412000000001
4-3,B,7,99,16:20,6.319787193548384
4-3,B,7,100,16:30,-1.609317999999998
4-3,B,7,101,16:40,2.5521330645161258
4-3,B,7,102,16:50,-11.292895064516125
4-3,B,7,103,17:00,-3.8884731935483923
4-3,B,7,104,17:10,-6.183890258064518
4-3,B,7,105,17:20,-4.768890161290332
4-3,B,7,106,17:30,-4.015012290322585
4-3,B,7,107,17:40,-2.981457290322576
4-3,B,7,108,17:50,-4.637981290322581
4-3,B,7,109,18:00,-88.88343822580646
4-3,B,7,110,18:10,-124.24754193548387
4-3,B,7,111,18:20,-100.52427370967739
4-3,B,7,112,18:30,-90.7362912580645
4-3,B,7,113,18:40,-135.94451264516127
4-3,B,7,114,18:50,-78.103221
4-3,B,7,115,19:00,-44.548262161290324
4-3,B,7,116,19:10,-75.37026083870968
4-3,B,7,117,19:20,-30.526423806451614
4-3,B,7,118,19:30,-39.77180596774193
4-3,B,7,119,19:40,-48.62460996774193
4-3,B,7,120,19:50,-46.9576233548387
4-3,B,7,121,20:00,-35.603204193548386
4-3,B,7,122,20:10,-65.29388761290322
4-3,B,7,123,20:20,-36.94357258064515
4-3,B,7,124,20:30,-36.26284487096774
4-3,B,7,125,20:40,-23.086651387096797
4-3,B,7,126,20:50,-29.506420838709673
4-3,B,7,127,21:00,-31.042614387096776
4-3,B,7,128,21:10,-30.884508225806442
4-3,B,7,129,21:20,-38.55632551612902
4-3,B,7,130,21:30,-60.91980096774193
4-3,B,7,131,21:40,-53.23264012903225
4-3,B,7,132,21:50,-31.165475129032263
4-3,B,7,133,22:00,-42.93188319354839
4-3,B,7,134,22:10,-65.50290606451613
4-3,B,7,135,22:20,-37.72867432258064
4-3,B,7,136,22:30,-57.275742225806454
4-3,B,7,137,22:40,-39.44501529032258
4-3,B,7,138,22:50,-31.887332129032263
4-3,B,7,139,23:00,-30.87709970967742
4-3,B,7,140,23:10,-35.70118274193548
4-3,B,7,141,23:20,-37.77940703225806
4-3,B,7,142,23:30,-26.601637612903215
4-3,B,7,143,23:40,-22.279906129032256
4-3,B,7,144,23:50,-1.858706064516129
4-3,B,8,1,00:00,0.0
4-3,B,8,2,00:10,0.0
4-3,B,8,3,00:20,0.0
4-3,B,8,4,00:30,0.0
4-3,B,8,5,00:40,0.0
4-3,B,8,6,00:50,0.0
4-3,B,8,7,01:00,0.0
4-3,B,8,8,01:10,0.0
4-3,B,8,9,01:20,0.0
4-3,B,8,10,01:30,0.0
4-3,B,8,11,01:40,0.0
4-3,B,8,12,01:50,0.0
4-3,B,8,13,02:00,0.0
4-3,B,8,14,02:10,0.0
4-3,B,8,15,02:20,0.0
4-3,B,8,16,02:30,0.0
4-3,B,8,17,02:40,0.0
4-3,B,8,18,02:50,0.0
4-3,B,8,19,03:00,0.0
4-3,B,8,20,03:10,0.0
4-3,B,8,21,03:20,0.0
4-3,B,8,22,03:30,0.0
4-3,B,8,23,03:40,0.0
4-3,B,8,24,03:50,0.0
4-3,B,8,25,04:00,0.0
4-3,B,8,26,04:10,0.0
4-3,B,8,27,04:20,0.0
4-3,B,8,28,04:30,0.0
4-3,B,8,29,04:40,0.0
4-3,B,8,30,04:50,0.0
4-3,B,8,31,05:00,0.0
4-3,B,8,32,05:10,0.0
4-3,B,8,33,05:20,0.0
4-3,B,8,34,05:30,0.0
4-3,B,8,35,05:40,0.0
4-3,B,8,36,05:50,0.0
4-3,B,8,37,06:00,1.479521806451613
4-3,B,8,38,06:10,0.0
4-3,B,8,39,06:20,0.0
4-3,B,8,40,06:30,3.9840663548387094
4-3,B,8,41,06:40,-4.1690180645161306
4-3,B,8,42,06:50,1.0413091935483862
4-3,B,8,43,07:00,6.690031161290324
4-3,B,8,44,07:10,-4.630054903225808
4-3,B,8,45,07:20,10.136250806451612
4-3,B,8,46,07:30,14.252444645161292
4-3,B,8,47,07:40,8.598564032258064
4-3,B,8,48,07:50,0.0
4-3,B,8,49,08:00,0.0
4-3,B,8,50,08:10,0.0
4-3,B,8,51,08:20,0.0
4-3,B,8,52,08:30,0.0
4-3,B,8,53,08:40,0.0
4-3,B,8,54,08:50,0.0
4-3,B,8,55,09:00,0.0
4-3,B,8,56,09:10,0.0
4-3,B,8,57,09:20,0.0
4-3,B,8,58,09:30,0.0
4-3,B,8,59,09:40,0.0
4-3,B,8,60,09:50,0.0
4-3,B,8,61,10:00,0.0
4-3,B,8,62,10:10,0.0
4-3,B,8,63,10:20,0.0
4-3,B,8,64,10:30,0.0
4-3,B,8,65,10:40,0.0
4-3,B,8,66,10:50,8.393562419354835
4-3,B,8,67,11:00,-15.065790032258064
4-3,B,8,68,11:10,-18.60899974193548
4-3,B,8,69,11:20,2.5827858064516147
4-3,B,8,70,11:30,26.43197435483871
4-3,B,8,71,11:40,83.88923848387097
4-3,B,8,72,11:50,120.87265432258064
4-3,B,8,73,12:00,50.82148183870967
4-3,B,8,74,12:10,75.11019545161291
4-3,B,8,75,12:20,80.88294838709677
4-3,B,8,76,12:30,72.91945222580645
4-3,B,8,77,12:40,129.4635912580645
4-3,B,8,78,12:50,-13.18181977419355
4-3,B,8,79,13:00,-12.54142029032258
4-3,B,8,80,13:10,-12.992051419354839
4-3,B,8,81,13:20,-8.805662612903227
4-3,B,8,82,13:30,-9.386213387096776
4-3,B,8,83,13:40,0.16083945161290322
4-3,B,8,84,13:50,0.0
4-3,B,8,85,14:00,0.0
4-3,B,8,86,14:10,0.0
4-3,B,8,87,14:20,0.0
4-3,B,8,88,14:30,0.0
4-3,B,8,89,14:40,-0.44594029032258065
4-3,B,8,90,14:50,42.13593980645161
4-3,B,8,91,15:00,72.79521029032257
4-3,B,8,92,15:10,23.808275193548393
4-3,B,8,93,15:20,-1.5178732903225798
4-3,B,8,94,15:30,0.8696807096774177
4-3,B,8,95,15:40,3.4483137096774175
4-3,B,8,96,15:50,-6.197440193548394
4-3,B,8,97,16:00,-7.811491935483866
4-3,B,8,98,16:10,-12.29183674193548
4-3,B,8,99,16:20,-18.22060774193549
4-3,B,8,100,16:30,-25.03686158064516
4-3,B,8,101,16:40,-29.271103838709674
4-3,B,8,102,16:50,-27.13724529032258
4-3,B,8,103,17:00,-32.5091875483871
4-3,B,8,104,17:10,-30.713074612903227
4-3,B,8,105,17:20,-27.700323193548385
4-3,B,8,106,17:30,-25.763206645161283
4-3,B,8,107,17:40,-15.819299032258057
4-3,B,8,108,17:50,-10.062045161290321
4-3,B,8,109,18:00,-220.11158603225803
4-3,B,8,110,18:10,-140.95144206451616
4-3,B,8,111,18:20,-178.2187648709677
4-3,B,8,112,18:30,-128.94553958064515
4-3,B,8,113,18:40,-228.12107825806456
4-3,B,8,114,18:50,-79.91991441935482
4-3,B,8,115,19:00,-37.25694841935484
4-3,B,8,116,19:10,-86.21255754838711
4-3,B,8,117,19:20,-27.890324548387092
4-3,B,8,118,19:30,-25.82645767741936
4-3,B,8,119,19:40,-31.490656387096777
4-3,B,8,120,19:50,-36.9676665483871
4-3,B,8,121,20:00,-28.768922806451616
4-3,B,8,122,20:10,-56.51024961290323
4-3,B,8,123,20:20,-38.3764711935484
4-3,B,8,124,20:30,-37.38587880645161
4-3,B,8,125,20:40,-40.16810070967741
4-3,B,8,126,20:50,-67.98013241935483
4-3,B,8,127,21:00,-87.17083341935488
4-3,B,8,128,21:10,-78.96036616129031
4-3,B,8,129,21:20,-90.58614093548388
4-3,B,8,130,21:30,-112.20811674193548
4-3,B,8,131,21:40,-82.018497
4-3,B,8,132,21:50,-31.84402251612904
4-3,B,8,133,22:00,-79.43144232258061
4-3,B,8,134,22:10,-43.7041915483871
4-3,B,8,135,22:20,-32.92066890322581
4-3,B,8,136,22:30,-49.80337567741935
4-3,B,8,137,22:40,-60.28317277419356
4-3,B,8,138,22:50,-84.91102074193547
4-3,B,8,139,23:00,-14.350371387096788
4-3,B,8,140,23:10,-23.036583967741947
4-3,B,8,141,23:20,-16.048290645161295
4-3,B,8,142,23:30,-28.994622677419343
4-3,B,8,143,23:40,-29.98282241935483
4-3,B,8,144,23:50,-20.136838451612896
4-3,B,9,1,00:00,0.0
4-3,B,9,2,00:10,0.0
4-3,B,9,3,00:20,0.0
4-3,B,9,4,00:30,0.0
4-3,B,9,5,00:40,0.0
4-3,B,9,6,00:50,0.0
4-3,B,9,7,01:00,0.0
4-3,B,9,8,01:10,0.0
4-3,B,9,9,01:20,0.0
4-3,B,9,10,01:30,0.0
4-3,B,9,11,01:40,0.0
4-3,B,9,12,01:50,0.0
4-3,B,9,13,02:00,0.0
4-3,B,9,14,02:10,0.0
4-3,B,9,15,02:20,0.0
4-3,B,9,16,02:30,0.0
4-3,B,9,17,02:40,0.0
4-3,B,9,18,02:50,0.0
4-3,B,9,19,03:00,0.0
4-3,B,9,20,03:10,0.0
4-3,B,9,21,03:20,0.0
4-3,B,9,22,03:30,0.0
4-3,B,9,23,03:40,0.0
4-3,B,9,24,03:50,0.0
4-3,B,9,25,04:00,0.0
4-3,B,9,26,04:10,0.0
4-3,B,9,27,04:20,0.0
4-3,B,9,28,04:30,0.0
4-3,B,9,29,04:40,0.0
4-3,B,9,30,04:50,0.0
4-3,B,9,31,05:00,0.0
4-3,B,9,32,05:10,0.0
4-3,B,9,33,05:20,0.0
4-3,B,9,34,05:30,0.0
4-3,B,9,35,05:40,0.0
4-3,B,9,36,05:50,0.0
4-3,B,9,37,06:00,3.2731239666666667
4-3,B,9,38,06:10,0.20154573333333334
4-3,B,9,39,06:20,5.428919966666672
4-3,B,9,40,06:30,30.83253063333333
4-3,B,9,41,06:40,16.313544033333336
4-3,B,9,42,06:50,161.14813726666668
4-3,B,9,43,07:00,103.5066319
4-3,B,9,44,07:10,83.61995496666667
4-3,B,9,45,07:20,91.35016193333333
4-3,B,9,46,07:30,187.68831346666673
4-3,B,9,47,07:40,101.47571939999999
4-3,B,9,48,07:50,0.0
4-3,B,9,49,08:00,0.0
4-3,B,9,50,08:10,0.0
4-3,B,9,51,08:20,0.0
4-3,B,9,52,08:30,0.0
4-3,B,9,53,08:40,0.0
4-3,B,9,54,08:50,0.0
4-3,B,9,55,09:00,0.0
4-3,B,9,56,09:10,0.0
4-3,B,9,57,09:20,0.0
4-3,B,9,58,09:30,0.0
4-3,B,9,59,09:40,-4.854875033333333
4-3,B,9,60,09:50,-6.781103766666666
4-3,B,9,61,10:00,-2.1145341666666666
4-3,B,9,62,10:10,-3.2711923333333335
4-3,B,9,63,10:20,-5.473074033333334
4-3,B,9,64,10:30,-1.2265265333333335
4-3,B,9,65,10:40,-3.4224686
4-3,B,9,66,10:50,-59.965739099999986
4-3,B,9,67,11:00,-103.11418486666666
4-3,B,9,68,11:10,-110.1254625
4-3,B,9,69,11:20,-52.906841633333336
4-3,B,9,70,11:30,-58.99110340000001
4-3,B,9,71,11:40,-69.285105
4-3,B,9,72,11:50,-90.31507596666667
4-3,B,9,73,12:00,-61.32026859999999
4-3,B,9,74,12:10,-68.68787760000001
4-3,B,9,75,12:20,-2.494340266666666
4-3,B,9,76,12:30,-28.540686
4-3,B,9,77,12:40,-7.894455733333334
4-3,B,9,78,12:50,0.0
4-3,B,9,79,13:00,0.0
4-3,B,9,80,13:10,0.0
4-3,B,9,81,13:20,0.0
4-3,B,9,82,13:30,-2.4203742333333333
4-3,B,9,83,13:40,-11.468838400000001
4-3,B,9,84,13:50,-24.908009266666667
4-3,B,9,85,14:00,-28.7891578
4-3,B,9,86,14:10,-28.9586911
4-3,B,9,87,14:20,-16.488750466666666
4-3,B,9,88,14:30,0.0
4-3,B,9,89,14:40,-36.8895526
4-3,B,9,90,14:50,-52.4879976
4-3,B,9,91,15:00,-65.32837113333332
4-3,B,9,92,15:10,-31.622415333333333
4-3,B,9,93,15:20,-40.95404153333334
4-3,B,9,94,15:30,-45.15886503333333
4-3,B,9,95,15:40,-47.87279193333334
4-3,B,9,96,15:50,-52.3476972
4-3,B,9,97,16:00,-52.87050456666666
4-3,B,9,98,16:10,-63.063985599999995
4-3,B,9,99,16:20,-34.71490836666667
4-3,B,9,100,16:30,-43.22723580000001
4-3,B,9,101,16:40,-32.86912273333334
4-3,B,9,102,16:50,-28.160339033333344
4-3,B,9,103,17:00,-29.50293033333333
4-3,B,9,104,17:10,-29.142538266666666
4-3,B,9,105,17:20,-24.076114599999997
4-3,B,9,106,17:30,-11.59352073333334
4-3,B,9,107,17:40,-5.355355033333333
4-3,B,9,108,17:50,-14.280208033333336
4-3,B,9,109,18:00,-74.7427891
4-3,B,9,110,18:10,-46.43998666666667
4-3,B,9,111,18:20,-51.49854823333335
4-3,B,9,112,18:30,-20.98635043333333
4-3,B,9,113,18:40,-60.88265456666667
4-3,B,9,114,18:50,-22.55953303333333
4-3,B,9,115,19:00,16.926698699999996
4-3,B,9,116,19:10,-19.77337136666667
4-3,B,9,117,19:20,-12.139548666666675
4-3,B,9,118,19:30,-13.853175333333335
4-3,B,9,119,19:40,-19.820408433333327
4-3,B,9,120,19:50,-37.61825633333334
4-3,B,9,121,20:00,-38.09595706666667
4-3,B,9,122,20:10,-5.148475199999999
4-3,B,9,123,20:20,-3.2231853000000057
4-3,B,9,124,20:30,15.115061833333332
4-3,B,9,125,20:40,-27.922851833333336
4-3,B,9,126,20:50,-33.19095266666667
4-3,B,9,127,21:00,-32.048576366666666
4-3,B,9,128,21:10,-36.694043300000004
4-3,B,9,129,21:20,-34.939887600000006
4-3,B,9,130,21:30,-40.410823799999996
4-3,B,9,131,21:40,-29.148283566666667
4-3,B,9,132,21:50,-7.2118877666666545
4-3,B,9,133,22:00,-37.288415166666674
4-3,B,9,134,22:10,-8.037506133333325
4-3,B,9,135,22:20,-6.322155733333337
4-3,B,9,136,22:30,-7.61371896666667
4-3,B,9,137,22:40,-6.078349166666669
4-3,B,9,138,22:50,-3.9357602666666707
4-3,B,9,139,23:00,-3.971527866666664
4-3,B,9,140,23:10,-3.982384200000001
4-3,B,9,141,23:20,-3.4854449333333304
4-3,B,9,142,23:30,-3.1133909000000015
4-3,B,9,143,23:40,-1.6227833333333328
4-3,B,9,144,23:50,-1.0251555666666643
4-3,B,10,1,00:00,0.0
4-3,B,10,2,00:10,0.0
4-3,B,10,3,00:20,0.0
4-3,B,10,4,00:30,0.0
4-3,B,10,5,00:40,0.0
4-3,B,10,6,00:50,0.0
4-3,B,10,7,01:00,0.0
4-3,B,10,8,01:10,0.0
4-3,B,10,9,01:20,0.0
4-3,B,10,10,01:30,0.0
4-3,B,10,11,01:40,0.0
4-3,B,10,12,01:50,0.0
4-3,B,10,13,02:00,0.0
4-3,B,10,14,02:10,0.0
4-3,B,10,15,02:20,0.0
4-3,B,10,16,02:30,0.0
4-3,B,10,17,02:40,0.0
4-3,B,10,18,02:50,0.0
4-3,B,10,19,03:00,0.0
4-3,B,10,20,03:10,0.0
4-3,B,10,21,03:20,0.0
4-3,B,10,22,03:30,0.0
4-3,B,10,23,03:40,0.0
4-3,B,10,24,03:50,0.0
4-3,B,10,25,04:00,0.0
4-3,B,10,26,04:10,0.0
4-3,B,10,27,04:20,0.0
4-3,B,10,28,04:30,0.0
4-3,B,10,29,04:40,0.0
4-3,B,10,30,04:50,0.0
4-3,B,10,31,05:00,0.0
4-3,B,10,32,05:10,0.0
4-3,B,10,33,05:20,0.0
4-3,B,10,34,05:30,0.0
4-3,B,10,35,05:40,0.0
4-3,B,10,36,05:50,0.0
4-3,B,10,37,06:00,1.2077093225806455
4-3,B,10,38,06:10,25.127610741935474
4-3,B,10,39,06:20,30.48808022580645
4-3,B,10,40,06:30,11.764326806451612
4-3,B,10,41,06:40,-22.180696483870967
4-3,B,10,42,06:50,21.089209709677423
4-3,B,10,43,07:00,25.486143580645173
4-3,B,10,44,07:10,9.98934932258064
4-3,B,10,45,07:20,12.674076225806445
4-3,B,10,46,07:30,29.687529419354846
4-3,B,10,47,07:40,-0.6837522580645184
4-3,B,10,48,07:50,2.0578760322580645
4-3,B,10,49,08:00,0.0
4-3,B,10,50,08:10,0.0
4-3,B,10,51,08:20,0.0
4-3,B,10,52,08:30,0.0
4-3,B,10,53,08:40,0.0
4-3,B,10,54,08:50,0.0
4-3,B,10,55,09:00,0.0
4-3,B,10,56,09:10,0.0
4-3,B,10,57,09:20,-5.659405548387097
4-3,B,10,58,09:30,-9.323464516129032
4-3,B,10,59,09:40,-21.37615570967742
4-3,B,10,60,09:50,-22.119424580645163
4-3,B,10,61,10:00,-19.797908161290323
4-3,B,10,62,10:10,-19.890772258064516
4-3,B,10,63,10:20,-18.974487193548384
4-3,B,10,64,10:30,-13.911645096774192
4-3,B,10,65,10:40,-19.92521829032258
4-3,B,10,66,10:50,-214.93663664516126
4-3,B,10,67,11:00,-208.80344977419355
4-3,B,10,68,11:10,-154.91566448387098
4-3,B,10,69,11:20,-131.6972275483871
4-3,B,10,70,11:30,-49.17847887096774
4-3,B,10,71,11:40,-59.15858832258064
4-3,B,10,72,11:50,-135.9319077096774
4-3,B,10,73,12:00,-127.43453616129031
4-3,B,10,74,12:10,-105.07079638709675
4-3,B,10,75,12:20,-107.22169483870967
4-3,B,10,76,12:30,-112.95776738709678
4-3,B,10,77,12:40,-22.917174612903228
4-3,B,10,78,12:50,-3.6136650967741937
4-3,B,10,79,13:00,-1.182221935483871
4-3,B,10,80,13:10,-3.186776870967742
4-3,B,10,81,13:20,-4.8373825483870965
4-3,B,10,82,13:30,-6.314969193548387
4-3,B,10,83,13:40,-12.05872312903226
4-3,B,10,84,13:50,-24.487802096774196
4-3,B,10,85,14:00,-31.427889806451613
4-3,B,10,86,14:10,-34.4142043548387
4-3,B,10,87,14:20,-7.637017354838711
4-3,B,10,88,14:30,-3.3556284516129034
4-3,B,10,89,14:40,-72.3224285483871
4-3,B,10,90,14:50,-210.35921338709676
4-3,B,10,91,15:00,-166.05356183870964
4-3,B,10,92,15:10,-107.12921051612904
4-3,B,10,93,15:20,-121.4652136451613
4-3,B,10,94,15:30,-93.01402077419354
4-3,B,10,95,15:40,-74.4783124516129
4-3,B,10,96,15:50,-84.48123570967742
4-3,B,10,97,16:00,-99.67495583870965
4-3,B,10,98,16:10,-86.88556458064515
4-3,B,10,99,16:20,-65.86177206451613
4-3,B,10,100,16:30,-67.08102919354839
4-3,B,10,101,16:40,-61.38215670967741
4-3,B,10,102,16:50,-50.765832129032255
4-3,B,10,103,17:00,-34.810728096774184
4-3,B,10,104,17:10,-35.90588135483871
4-3,B,10,105,17:20,-26.669781483870967
4-3,B,10,106,17:30,-9.842605806451614
4-3,B,10,107,17:40,-5.8711399032258065
4-3,B,10,108,17:50,0.0
4-3,B,10,109,18:00,5.18978093548387
4-3,B,10,110,18:10,14.051601548387099
4-3,B,10,111,18:20,19.849270903225808
4-3,B,10,112,18:30,42.10130332258064
4-3,B,10,113,18:40,11.598333096774196
4-3,B,10,114,18:50,25.669172903225807
4-3,B,10,115,19:00,13.29998548387097
4-3,B,10,116,19:10,0.12302003225806857
4-3,B,10,117,19:20,6.915316419354841
4-3,B,10,118,19:30,21.769702612903217
4-3,B,10,119,19:40,1.4003879354838682
4-3,B,10,120,19:50,19.621242096774193
4-3,B,10,121,20:00,13.215862129032262
4-3,B,10,122,20:10,25.739670451612902
4-3,B,10,123,20:20,-2.0345996774193527
4-3,B,10,124,20:30,-16.237352290322583
4-3,B,10,125,20:40,28.61463987096774
4-3,B,10,126,20:50,-16.53831935483871
4-3,B,10,127,21:00,-14.635258290322579
4-3,B,10,128,21:10,-13.308210741935486
4-3,B,10,129,21:20,-16.378923580645168
4-3,B,10,130,21:30,-23.97872929032258
4-3,B,10,131,21:40,-8.231796322580646
4-3,B,10,132,21:50,-5.409495258064522
4-3,B,10,133,22:00,-5.126742903225807
4-3,B,10,134,22:10,-0.18910796774193547
4-3,B,10,135,22:20,-1.7814033870967794
4-3,B,10,136,22:30,-2.189499935483868
4-3,B,10,137,22:40,-0.40797051612903046
4-3,B,10,138,22:50,-0.11446780645161608
4-3,B,10,139,23:00,-0.22756383870968155
4-3,B,10,140,23:10,0.0
4-3,B,10,141,23:20,0.0
4-3,B,10,142,23:30,-1.6592288709677427
4-3,B,10,143,23:40,0.0
4-3,B,10,144,23:50,0.0
4-3,B,11,1,00:00,0.0
4-3,B,11,2,00:10,0.0
4-3,B,11,3,00:20,0.0
4-3,B,11,4,00:30,0.0
4-3,B,11,5,00:40,0.0
4-3,B,11,6,00:50,0.0
4-3,B,11,7,01:00,0.0
4-3,B,11,8,01:10,0.0
4-3,B,11,9,01:20,0.0
4-3,B,11,10,01:30,0.0
4-3,B,11,11,01:40,0.0
4-3,B,11,12,01:50,0.0
4-3,B,11,13,02:00,0.0
4-3,B,11,14,02:10,0.0
4-3,B,11,15,02:20,0.0
4-3,B,11,16,02:30,0.0
4-3,B,11,17,02:40,0.0
4-3,B,11,18,02:50,0.0
4-3,B,11,19,03:00,0.0
4-3,B,11,20,03:10,0.0
4-3,B,11,21,03:20,0.0
4-3,B,11,22,03:30,0.0
4-3,B,11,23,03:40,0.0
4-3,B,11,24,03:50,0.0
4-3,B,11,25,04:00,0.0
4-3,B,11,26,04:10,0.0
4-3,B,11,27,04:20,0.0
4-3,B,11,28,04:30,0.0
4-3,B,11,29,04:40,0.0
4-3,B,11,30,04:50,0.0
4-3,B,11,31,05:00,0.0
4-3,B,11,32,05:10,0.0
4-3,B,11,33,05:20,0.0
4-3,B,11,34,05:30,0.0
4-3,B,11,35,05:40,0.0
4-3,B,11,36,05:50,0.0
4-3,B,11,37,06:00,47.406451266666664
4-3,B,11,38,06:10,19.147408533333337
4-3,B,11,39,06:20,27.721735533333334
4-3,B,11,40,06:30,40.274984633333325
4-3,B,11,41,06:40,8.187864766666666
4-3,B,11,42,06:50,34.3150082
4-3,B,11,43,07:00,17.121245066666667
4-3,B,11,44,07:10,23.862453999999996
4-3,B,11,45,07:20,56.06057763333334
4-3,B,11,46,07:30,63.26421563333334
4-3,B,11,47,07:40,61.21311696666667
4-3,B,11,48,07:50,29.06055683333333
4-3,B,11,49,08:00,23.189010433333333
4-3,B,11,50,08:10,3.016512233333333
4-3,B,11,51,08:20,0.0
4-3,B,11,52,08:30,0.0
4-3,B,11,53,08:40,0.0
4-3,B,11,54,08:50,0.0
4-3,B,11,55,09:00,0.0
4-3,B,11,56,09:10,0.0
4-3,B,11,57,09:20,0.36647183333333355
4-3,B,11,58,09:30,5.099706133333333
4-3,B,11,59,09:40,14.380382599999999
4-3,B,11,60,09:50,-6.659413933333334
4-3,B,11,61,10:00,-6.869076566666666
4-3,B,11,62,10:10,-12.633207
4-3,B,11,63,10:20,-23.17019606666667
4-3,B,11,64,10:30,-14.4636464
4-3,B,11,65,10:40,-19.45321596666667
4-3,B,11,66,10:50,-95.01946566666666
4-3,B,11,67,11:00,-95.7939725333333
4-3,B,11,68,11:10,-95.79997906666668
4-3,B,11,69,11:20,-82.27190396666667
4-3,B,11,70,11:30,-53.67275983333334
4-3,B,11,71,11:40,-67.0671754
4-3,B,11,72,11:50,-122.46290446666667
4-3,B,11,73,12:00,-138.24877556666664
4-3,B,11,74,12:10,-123.52152070000001
4-3,B,11,75,12:20,-81.30421153333333
4-3,B,11,76,12:30,-116.56010606666668
4-3,B,11,77,12:40,-83.56898046666666
4-3,B,11,78,12:50,-22.55953906666667
4-3,B,11,79,13:00,-13.041893966666667
4-3,B,11,80,13:10,-22.69430226666667
4-3,B,11,81,13:20,-34.51086183333334
4-3,B,11,82,13:30,-53.63206323333334
4-3,B,11,83,13:40,-47.91896566666666
4-3,B,11,84,13:50,-38.2797762
4-3,B,11,85,14:00,-22.152382799999998
4-3,B,11,86,14:10,-32.44727413333333
4-3,B,11,87,14:20,-19.599619166666667
4-3,B,11,88,14:30,0.0
4-3,B,11,89,14:40,-69.15686223333333
4-3,B,11,90,14:50,-197.67114513333328
4-3,B,11,91,15:00,-246.48825119999998
4-3,B,11,92,15:10,-96.32992903333334
4-3,B,11,93,15:20,-126.5923375
4-3,B,11,94,15:30,-106.50948013333333
4-3,B,11,95,15:40,-85.1601893
4-3,B,11,96,15:50,-87.31807746666665
4-3,B,11,97,16:00,-87.79334713333333
4-3,B,11,98,16:10,-79.64608413333332
4-3,B,11,99,16:20,-86.15872826666667
4-3,B,11,100,16:30,-90.5115588
4-3,B,11,101,16:40,-92.48340916666663
4-3,B,11,102,16:50,-88.75666293333333
4-3,B,11,103,17:00,-52.16437043333335
4-3,B,11,104,17:10,-38.38566073333333
4-3,B,11,105,17:20,-10.308982800000006
4-3,B,11,106,17:30,-1.7851385333333383
4-3,B,11,107,17:40,-1.171687700000003
4-3,B,11,108,17:50,0.0
4-3,B,11,109,18:00,100.20510186666667
4-3,B,11,110,18:10,92.5926306666667
4-3,B,11,111,18:20,27.870258333333332
4-3,B,11,112,18:30,6.054881366666669
4-3,B,11,113,18:40,49.83164313333334
4-3,B,11,114,18:50,88.38364926666667
4-3,B,11,115,19:00,73.7837024
4-3,B,11,116,19:10,67.87581943333333
4-3,B,11,117,19:20,60.625893866666665
4-3,B,11,118,19:30,87.38754530000001
4-3,B,11,119,19:40,75.639605
4-3,B,11,120,19:50,37.81798193333332
4-3,B,11,121,20:00,67.74140456666666
4-3,B,11,122,20:10,16.364549533333328
4-3,B,11,123,20:20,52.629817200000005
4-3,B,11,124,20:30,22.10406476666667
4-3,B,11,125,20:40,115.76684416666669
4-3,B,11,126,20:50,3.5546265000000004
4-3,B,11,127,21:00,4.392805766666667
4-3,B,11,128,21:10,5.374387400000001
4-3,B,11,129,21:20,2.198323533333335
4-3,B,11,130,21:30,7.962174600000009
4-3,B,11,131,21:40,3.9622139333333375
4-3,B,11,132,21:50,-0.2528631666666646
4-3,B,11,133,22:00,-0.33881209999999556
4-3,B,11,134,22:10,-0.8483166999999943
4-3,B,11,135,22:20,0.0
4-3,B,11,136,22:30,0.0
4-3,B,11,137,22:40,0.0
4-3,B,11,138,22:50,0.0
4-3,B,11,139,23:00,0.0
4-3,B,11,140,23:10,-0.10533299999999599
4-3,B,11,141,23:20,0.0
4-3,B,11,142,23:30,-0.16027480000000197
4-3,B,11,143,23:40,0.0
4-3,B,11,144,23:50,0.0
4-3,B,12,1,00:00,0.0
4-3,B,12,2,00:10,0.0
4-3,B,12,3,00:20,0.0
4-3,B,12,4,00:30,0.0
4-3,B,12,5,00:40,0.0
4-3,B,12,6,00:50,0.0
4-3,B,12,7,01:00,0.0
4-3,B,12,8,01:10,0.0
4-3,B,12,9,01:20,0.0
4-3,B,12,10,01:30,0.0
4-3,B,12,11,01:40,0.0
4-3,B,12,12,01:50,0.0
4-3,B,12,13,02:00,0.0
4-3,B,12,14,02:10,0.0
4-3,B,12,15,02:20,0.0
4-3,B,12,16,02:30,0.0
4-3,B,12,17,02:40,0.0
4-3,B,12,18,02:50,0.0
4-3,B,12,19,03:00,0.0
4-3,B,12,20,03:10,0.0
4-3,B,12,21,03:20,0.0
4-3,B,12,22,03:30,0.0
4-3,B,12,23,03:40,0.0
4-3,B,12,24,03:50,0.0
4-3,B,12,25,04:00,0.0
4-3,B,12,26,04:10,0.0
4-3,B,12,27,04:20,0.0
4-3,B,12,28,04:30,0.0
4-3,B,12,29,04:40,0.0
4-3,B,12,30,04:50,0.0
4-3,B,12,31,05:00,0.0
4-3,B,12,32,05:10,0.0
4-3,B,12,33,05:20,0.0
4-3,B,12,34,05:30,0.0
4-3,B,12,35,05:40,0.0
4-3,B,12,36,05:50,0.0
4-3,B,12,37,06:00,59.58822051612904
4-3,B,12,38,06:10,45.318688967741934
4-3,B,12,39,06:20,-32.27641938709677
4-3,B,12,40,06:30,12.372173451612904
4-3,B,12,41,06:40,-12.204908419354826
4-3,B,12,42,06:50,4.139440677419364
4-3,B,12,43,07:00,-8.680597677419357
4-3,B,12,44,07:10,4.904484032258066
4-3,B,12,45,07:20,62.0132320645161
4-3,B,12,46,07:30,53.11267029032256
4-3,B,12,47,07:40,26.680377967741926
4-3,B,12,48,07:50,28.796283903225806
4-3,B,12,49,08:00,35.01290025806451
4-3,B,12,50,08:10,16.056590290322582
4-3,B,12,51,08:20,8.00420435483871
4-3,B,12,52,08:30,-4.268770161290322
4-3,B,12,53,08:40,-15.21267335483871
4-3,B,12,54,08:50,-3.838931806451614
4-3,B,12,55,09:00,-24.087168225806447
4-3,B,12,56,09:10,-0.4786864838709673
4-3,B,12,57,09:20,28.48493196774194
4-3,B,12,58,09:30,4.675429580645164
4-3,B,12,59,09:40,-20.13063029032258
4-3,B,12,60,09:50,24.24812887096774
4-3,B,12,61,10:00,17.362505193548387
4-3,B,12,62,10:10,14.071644322580644
4-3,B,12,63,10:20,7.405071225806453
4-3,B,12,64,10:30,2.117390870967742
4-3,B,12,65,10:40,-10.124066999999998
4-3,B,12,66,10:50,5.997815419354834
4-3,B,12,67,11:00,-12.140181354838713
4-3,B,12,68,11:10,-23.865185258064525
4-3,B,12,69,11:20,-27.848818903225805
4-3,B,12,70,11:30,-30.443196741935477
4-3,B,12,71,11:40,-46.02974741935485
4-3,B,12,72,11:50,-52.578359612903235
4-3,B,12,73,12:00,-117.57994883870967
4-3,B,12,74,12:10,-63.232974516129026
4-3,B,12,75,12:20,-18.10488348387097
4-3,B,12,76,12:30,-42.16407783870967
4-3,B,12,77,12:40,-29.671616741935484
4-3,B,12,78,12:50,-27.027903483870965
4-3,B,12,79,13:00,-31.89159583870968
4-3,B,12,80,13:10,-28.9972004516129
4-3,B,12,81,13:20,-34.940731935483875
4-3,B,12,82,13:30,-24.529126064516124
4-3,B,12,83,13:40,-37.97514696774194
4-3,B,12,84,13:50,-1.3656331935483874
4-3,B,12,85,14:00,0.0
4-3,B,12,86,14:10,-4.391753258064515
4-3,B,12,87,14:20,5.880452838709678
4-3,B,12,88,14:30,0.0
4-3,B,12,89,14:40,-10.56202548387097
4-3,B,12,90,14:50,-30.139534225806464
4-3,B,12,91,15:00,-77.54342022580647
4-3,B,12,92,15:10,-104.08526916129033
4-3,B,12,93,15:20,-156.85737151612906
4-3,B,12,94,15:30,-92.60506319354839
4-3,B,12,95,15:40,-77.47277064516129
4-3,B,12,96,15:50,-40.930666451612886
4-3,B,12,97,16:00,-41.996577548387094
4-3,B,12,98,16:10,-57.24725177419354
4-3,B,12,99,16:20,-26.50815899999999
4-3,B,12,100,16:30,-44.84864954838708
4-3,B,12,101,16:40,-20.016386935483872
4-3,B,12,102,16:50,-11.400773161290324
4-3,B,12,103,17:00,-7.822265129032251
4-3,B,12,104,17:10,-5.917172774193549
4-3,B,12,105,17:20,-1.6214360000000005
4-3,B,12,106,17:30,-13.239570225806458
4-3,B,12,107,17:40,-2.2108936451612946
4-3,B,12,108,17:50,-0.8678915161290316
4-3,B,12,109,18:00,38.5941362580645
4-3,B,12,110,18:10,52.42745325806451
4-3,B,12,111,18:20,17.93973258064516
4-3,B,12,112,18:30,40.67969880645161
4-3,B,12,113,18:40,-8.098207032258069
4-3,B,12,114,18:50,59.19144803225805
4-3,B,12,115,19:00,3.8951267741935505
4-3,B,12,116,19:10,31.438061354838716
4-3,B,12,117,19:20,3.1577988709677443
4-3,B,12,118,19:30,-24.813181032258065
4-3,B,12,119,19:40,-5.451307032258066
4-3,B,12,120,19:50,-1.0611285483870991
4-3,B,12,121,20:00,7.241714838709677
4-3,B,12,122,20:10,19.931012580645167
4-3,B,12,123,20:20,3.4614553870967724
4-3,B,12,124,20:30,-0.7072736451612903
4-3,B,12,125,20:40,16.713699032258074
4-3,B,12,126,20:50,0.4495271935483867
4-3,B,12,127,21:00,0.9926407741935463
4-3,B,12,128,21:10,1.4386174838709738
4-3,B,12,129,21:20,0.36550761290322953
4-3,B,12,130,21:30,0.37699535483871077
4-3,B,12,131,21:40,0.0
4-3,B,12,132,21:50,-1.500123516129032
4-3,B,12,133,22:00,-0.7590477419354805
4-3,B,12,134,22:10,-0.5096987419354836
4-3,B,12,135,22:20,-0.10759112903225844
4-3,B,12,136,22:30,-0.04642854838709442
4-3,B,12,137,22:40,0.0
4-3,B,12,138,22:50,0.0
4-3,B,12,139,23:00,0.0
4-3,B,12,140,23:10,0.0
4-3,B,12,141,23:20,-26.31679832258065
4-3,B,12,142,23:30,-0.5024265161290303
4-3,B,12,143,23:40,0.0
4-3,B,12,144,23:50,0.0
