date,plan_kwh,charge_kwh,discharge_kwh,emergency_kwh,curtail_kwh,storage_start,storage_end,plan_cost_yuan,emergency_cost_yuan,daily_cost_yuan,storage_min,storage_max,pool_size,k_eff,mode,objective_yuan,theta_mean,theta_total_yuan,tangent_count,value_at_s_min,value_at_s_max,dec_storage_end_mean,dec_storage_end_min,dec_storage_end_max,dec_plan_kwh,solver_path
2025-02-01,47842.94081,738.750469,598.3878799,0,13324.40229,1200,1200,35629.80162,0,35629.80162,1200,1403.792171,24,1.183052796,kernel,74551.93818,37464.30241,36932.94215,63,37616.05568,36815.08245,8740.115409,1200,8974.392632,480.9372393,highs+presolve
2025-02-02,90225.35199,191.7686547,155.3326103,0,11832.638,1200,1200,69998.87992,0,69998.87992,1200,1323.656751,25,5.189447041,kernel,138610.3264,68807.51246,68519.02011,41,69790.14251,67806.2197,4091.845039,1200,8591.773015,39.61016582,highs+presolve
2025-02-03,88816.23063,830.4378623,672.6546685,0,8441.530933,1200,1200,68379.46021,0,68379.46021,1200,1352.048422,26,3.706559377,kernel,135099.7298,67134.82481,66551.8175,48,68397.38396,65509.57301,5427.81326,1200,10799.76952,74.05458467,highs+presolve
2025-02-04,88270.91996,2110.775017,1709.727764,0,6675.008753,1200,1200,67893.99335,0,67893.99335,1200,2334.082905,27,3.906985466,kernel,133821.2428,66477.71484,65756.77024,50,67680.14301,64978.64868,5874.841604,1200,10798.65165,72.83889968,highs+presolve
2025-02-05,87086.31641,1256.43566,1017.712885,0,6099.166649,1200,1200,67458.71976,0,67458.71976,1200,2067.253342,28,4.652718053,kernel,133723.3201,66450.92395,65909.98818,55,67473.42996,65071.1185,4887.318342,1200,10723.06072,149.0708283,highs+presolve
2025-02-06,88175.37326,942.7231667,763.605765,0,7725.198641,1200,1200,67985.03332,0,67985.03332,1200,1401.809465,29,6.405470468,kernel,134184.9886,66589.0942,65991.17296,55,67771.87383,65231.24747,5511.489192,1200,10786.70576,88.98336428,highs+presolve
2025-02-07,48391.98815,341.4688694,276.5897842,0,16521.4294,1200,1200,35791.54788,0,35791.54788,1200,1301.85383,30,2.630679646,kernel,78521.72298,39743.78954,38435.63545,65,40083.92656,38211.00481,9344.446392,1200,10618.39016,1011.079327,highs+presolve
2025-02-08,47035.43758,410.7623391,332.7174946,0,15380.23002,1200,1200,34634.0876,0,34634.0876,1200,1297.191642,31,2.548532372,kernel,70970.84532,35758.58892,34949.37546,62,36021.4602,34901.80116,9894.351914,1200,10683.06079,334.1412967,highs+presolve
2025-02-09,85236.66964,1328.354022,1075.966758,0,5428.866412,1200,1200,66337.11456,0,66337.11456,1200,1863.562233,32,5.966575633,kernel,131930.7721,65501.0912,65230.44446,62,66321.67296,64395.24214,3868.543476,1200,10799.52364,138.8822431,highs+presolve
2025-02-10,85337.91157,569.5761143,461.3566526,0,10903.05453,1200,1200,66371.76326,0,66371.76326,1200,1447.402065,33,6.908601268,kernel,131978.9941,65506.59708,65225.70179,64,66358.26302,64388.72987,3971.223746,1200,10799.61045,144.8384446,highs+presolve
2025-02-11,84488.55539,401.5874602,325.2858428,0,9191.656642,1200,1200,65507.90205,0,65507.90205,1200,1419.288056,34,6.551362381,kernel,129905.0972,64477.57384,64096.17833,55,65323.38079,63385.23651,4285.166708,1200,10799.44552,110.139677,highs+presolve
2025-02-12,82715.42647,773.6263197,626.6373189,0,7301.701338,1200,1200,64454.63632,0,64454.63632,1200,1393.902616,35,6.397616284,kernel,128461.2756,63936.05701,63664.28331,54,64690.94891,62711.25326,3727.581514,1200,10791.11121,115.5589814,highs+presolve
2025-02-13,81945.62841,530.9425624,430.0634755,0,10515.27031,1200,1200,63870.13213,0,63870.13213,1200,1377.447402,36,5.77501133,kernel,127073.1076,63391.58038,62901.5045,55,64139.03689,62140.42478,4144.865833,1200,10799.3733,108.6466677,highs+presolve
2025-02-14,46461.08833,399.261712,323.4019867,0,16583.42679,1200,1200,34406.3609,0,34406.3609,1200,1389.480367,37,2.575405224,kernel,77034.03163,39200.71649,37370.75171,62,39663.27007,37202.04688,10061.07486,1200,10752.2444,1294.046816,highs+presolve
2025-02-15,44493.0806,827.4245794,670.2139093,0,15055.77883,1200,1200,32788.19205,0,32788.19205,1200,1584.133131,38,1.820208055,kernel,68161.5202,34398.04866,33502.33506,62,34659.17489,33471.94263,10427.05255,1200,10781.4811,472.2141541,highs+presolve
2025-02-16,81947.28829,1675.04735,1356.788353,0,6251.65019,1200,1200,63239.12388,0,63239.12388,1200,2165.388229,39,6.007248874,kernel,125224.4779,62398.83312,61689.671,48,63431.04261,60942.14372,5419.906171,1200,10799.07417,105.3030701,highs+presolve
2025-02-17,82029.27124,572.8764389,464.0299155,0,10736.56155,1200,1200,63371.02063,0,63371.02063,1200,1523.49445,40,7.986863545,kernel,125704.4271,62569.81016,61989.39444,51,63614.71907,61158.80839,5035.356546,1200,10799.20074,118.1858279,highs+presolve
2025-02-18,81789.45702,422.5958472,342.3026362,0,9617.776026,1200,1200,62852.8592,0,62852.8592,1200,1331.838772,41,7.557415071,kernel,124179.5356,61850.03071,61046.48294,49,62985.01466,60347.65808,5843.333125,1200,10796.11499,97.51815817,highs+presolve
2025-02-19,81272.47949,1615.467943,1308.529034,0,8086.213197,1200,1200,62398.93328,0,62398.93328,1200,1717.952021,42,7.722967903,kernel,123187.9017,61343.32872,60498.98481,52,62464.41597,59870.76212,6020.651195,1200,10799.279,102.1521888,highs+presolve
2025-02-20,79914.2004,929.3533153,752.7761854,0,8744.489539,1200,1200,61725.21742,0,61725.21742,1200,1429.02348,43,7.796786083,kernel,122473.5969,60908.93018,60287.92537,61,61785.84446,59683.58047,5341.363077,1200,10797.53992,158.0799699,highs+presolve
2025-02-21,44325.92044,446.0667485,361.3140663,0,18680.90573,1200,1200,32726.09431,0,32726.09431,1200,1270.210873,44,2.706965785,kernel,69509.23062,35169.25871,34037.01827,63,35472.2022,33980.95098,10341.4365,1200,10724.71796,673.0449727,highs+presolve
2025-02-22,43511.73838,748.5172694,606.2989882,0,15524.75721,1200,1200,32077.60207,0,32077.60207,1200,1363.250584,45,3.573249113,kernel,67683.05966,34180.54827,33227.11008,64,34455.93952,33175.60272,10262.03099,1200,10641.77296,580.7745556,highs+presolve
2025-02-23,80503.89674,1063.404879,861.3579517,0,8769.996127,1200,1200,61875.72829,0,61875.72829,1200,1515.448105,46,9.359203993,kernel,122425.9644,60791.55136,60113.53604,58,61893.14319,59499.87026,5950.815867,1200,10799.39725,152.8412565,highs+presolve
2025-02-24,79963.73394,611.0793121,494.9742428,0,11644.59526,1200,1200,61500.61845,0,61500.61845,1200,1481.600386,47,10.19527029,kernel,121871.7847,60475.32951,59869.70428,59,61529.82044,59214.16816,5755.220554,1200,10799.37432,170.6705177,highs+presolve
2025-02-25,78562.33034,534.9441911,433.3047948,0,12639.36771,1200,1200,60709.39597,0,60709.39597,1200,1388.349792,48,10.52942206,kernel,120960.3852,60050.32944,59580.03345,59,61005.82359,58826.69552,5176.862423,1200,10799.38841,204.0364709,highs+presolve
2025-02-26,76710.61714,785.0480334,635.8889071,0,7746.609985,1200,1200,59550.37354,0,59550.37354,1200,1476.486416,49,9.618092306,kernel,118800.8757,59208.36122,58753.47193,55,59995.23257,58094.29913,4698.884709,1200,10795.83767,135.8880917,highs+presolve
2025-02-27,76527.03843,907.5983557,735.1546681,0,9398.010544,1200,1200,59279.71023,0,59279.71023,1200,1700.484064,50,9.703443685,kernel,117978.4337,58802.94082,58282.16191,60,59585.36534,57739.59594,5026.070284,1200,10795.82716,119.949794,highs+presolve
2025-02-28,43287.51286,438.8661892,355.4816132,0,19911.53474,1200,1200,31841.56417,0,31841.56417,1200,1302.802337,51,3.924866858,kernel,67068.89578,33883.87986,32932.36956,64,34136.51615,32876.85644,10265.97846,1200,10627.83291,566.13609,highs+presolve
2025-03-01,42394.69383,394.9619052,319.9191432,21.56748333,18682.45262,1200,1200,31165.2315,45.8093346,31211.04083,1200,1334.746207,28,3.597924448,kernel,65590.72045,33041.96183,32237.43511,64,33353.27524,32188.27001,10291.43569,1200,10682.18005,547.2767992,highs+presolve
2025-03-02,74325.88494,3653.406902,2959.259591,0,1273.430558,1200,1200,58108.83808,0,58108.83808,1200,3975.084956,29,8.936765061,kernel,116107.1719,57803.06191,57592.32028,60,58485.15968,57195.12915,4253.872859,1200,10774.37997,118.2721985,highs+presolve
2025-03-03,75834.93531,3395.758029,2750.564004,0,3172.594656,1200,1200,58962.81358,0,58962.81358,1200,2729.204025,30,11.56355504,kernel,117376.9719,58261.55924,58122.12319,59,59162.65764,57582.91926,4381.25483,1200,10773.25454,100.9684022,highs+presolve
2025-03-04,76555.15711,677.2081112,548.5385701,0,7227.029632,1200,1200,59506.77051,0,59506.77051,1200,1410.408188,31,13.12947272,kernel,118469.2199,58711.208,58630.30543,58,59703.58792,58008.25936,4277.165571,1200,10799.40851,97.98534739,highs+presolve
2025-03-05,76541.88292,588.0979949,476.3593759,0,10299.67229,1200,1200,59464.5856,0,59464.5856,1200,1392.7857,32,14.04316997,kernel,118375.1652,58651.44948,58552.79394,58,59689.52904,57928.05348,4385.528112,1200,10799.47827,105.5630375,highs+presolve
2025-03-06,75392.19197,580.8961531,470.525884,0,9341.167568,1200,1200,58710.17296,0,58710.17296,1200,1408.196995,33,14.29041677,kernel,116997.4902,58064.01166,57957.44451,61,58942.61425,57381.33234,4092.201676,1200,10791.45125,108.8967406,highs+presolve
2025-03-07,42308.81035,257.806319,208.8231184,0,21337.54162,1200,1200,31019.74515,0,31019.74515,1200,1359.889405,34,5.248016128,kernel,64301.66598,32403.86762,31620.27167,63,32681.38419,31583.25737,10310.46699,1200,10614.24509,422.9553412,highs+presolve
2025-03-08,41955.11374,299.6000545,242.6760441,0,22835.05021,1200,1200,30571.95875,0,30571.95875,1200,1320.630278,35,5.715796066,kernel,62604.35243,31536.59551,30763.16487,63,31841.17744,30733.73363,10312.23413,1200,10618.9187,330.4557445,highs+presolve
2025-03-09,74496.27353,386.4048349,312.9879163,0,11089.33156,1200,1200,58110.76674,0,58110.76674,1200,1397.783404,36,12.89755277,kernel,115834.9831,57548.48663,57480.31875,57,58349.93545,56920.18012,3937.498592,1200,10799.73011,79.12010128,highs+presolve
2025-03-10,74215.01936,890.2588764,721.1096899,0,6003.798722,1200,1200,57748.72644,0,57748.72644,1200,1570.851405,37,11.74796499,kernel,114850.7462,57078.19263,56934.48347,58,57911.20072,56417.51068,4454.046413,1200,10798.77839,55.60170249,highs+presolve
2025-03-11,74099.70626,559.3556964,453.078114,0,10054.50987,1200,1200,57572.90174,0,57572.90174,1200,1427.94139,38,12.48786439,kernel,114381.6201,56841.00949,56659.91913,58,57703.646,56161.45872,4418.786602,1200,10799.01702,49.15144572,highs+presolve
2025-03-12,73888.5915,600.8911989,486.7218711,0,11338.88749,1200,1200,57262.28552,0,57262.28552,1200,1586.960967,39,12.63865432,kernel,113609.8171,56459.33436,56214.49162,59,57380.92145,55727.5301,4791.811554,1200,10798.19792,45.63475516,highs+presolve
2025-03-13,73839.99033,1879.953016,1522.761943,0,5937.181243,1200,1200,57033.91121,0,57033.91121,1200,2207.810201,40,12.54300922,kernel,112949.3524,56126.94502,55802.03587,57,57132.28851,55338.75801,5416.287094,1200,10799.13413,40.01956988,highs+presolve
2025-03-14,41271.16718,349.2068889,282.85758,0,25175.39189,1200,1200,30050.14176,0,30050.14176,1200,1313.719241,41,5.475665183,kernel,61567.15701,31056.64387,30203.59938,63,31363.54748,30173.59864,10332.64206,1200,10587.62834,360.3804101,highs+presolve
2025-03-15,40914.79964,885.2321983,717.0380806,0,19822.48037,1200,1200,29708.36087,0,29708.36087,1200,1819.011378,42,5.792984498,kernel,60669.56393,30596.9511,29734.13678,63,30935.41702,29704.32325,10312.91732,1200,10652.63639,335.8385264,highs+presolve
2025-03-16,73837.25034,411.2998152,333.1528503,0,10408.05645,1200,1200,56918.32734,0,56918.32734,1200,1318.615776,43,14.10356743,kernel,112659.0765,55902.86971,55626.55158,57,57005.31096,55095.67528,5314.375412,1200,10799.6609,38.47458175,highs+presolve
2025-03-17,73707.57143,315.5321594,255.5810491,0,15789.48888,1200,1200,56738.01237,0,56738.01237,1200,1372.325369,44,13.63072765,kernel,112220.854,55698.37544,55351.91982,58,56837.00254,54871.20176,5644.028165,1200,10796.15809,49.401395,highs+presolve
2025-03-18,73213.88603,808.8747045,655.1885107,0,11934.24147,1200,1200,56082.32208,0,56082.32208,1200,1627.485998,45,12.21904403,kernel,110778.214,54975.93492,54490.62637,56,56215.19428,54003.87131,6471.546542,1200,10799.75571,79.11399773,highs+presolve
2025-03-19,72058.55427,568.7615832,460.6968824,0,12485.01912,1200,1200,55381.54988,0,55381.54988,1200,1439.500264,46,11.41647343,kernel,109890.5764,54610.71505,54076.10908,58,55780.01769,53574.72243,6423.375434,1200,10799.66447,138.1264577,highs+presolve
2025-03-20,71391.08581,804.852598,651.9306044,0,9029.202004,1200,1200,54955.23435,0,54955.23435,1200,1510.104123,47,11.02660819,kernel,109225.4371,54315.33244,53741.25757,59,55423.68687,53286.46767,6680.9775,1200,10799.87336,164.5713846,highs+presolve
2025-03-21,40448.83214,455.8997401,369.2787895,0,28328.74667,1200,1200,29390.5308,0,29390.5308,1200,1364.308716,48,5.408683269,kernel,60264.40409,30431.44552,29490.16018,61,30774.23384,29451.96036,10255.45815,1200,10669.52815,400.939891,highs+presolve
2025-03-22,39872.03827,341.0170449,276.2238064,0,23926.0453,1200,1200,29044.07753,0,29044.07753,1200,1392.806485,49,5.464399963,kernel,60949.57052,30809.12868,29717.20494,63,31232.3556,29649.78214,10183.20882,1200,10610.04969,603.3264128,highs+presolve
2025-03-23,70736.52048,818.0374559,662.6103392,0,11811.37325,1200,1200,54539.64057,0,54539.64057,1200,1437.876268,50,11.90450551,kernel,108674.4174,54029.36357,53483.48892,60,55153.42171,53006.67262,6400.732476,1200,10799.3587,195.6673374,highs+presolve
2025-03-24,69134.66434,736.5989684,596.6451644,0,10996.21345,1200,1200,53534.64121,0,53534.64121,1200,1442.874838,51,10.82467826,kernel,107218.6136,53385.47183,52861.87742,61,54345.08879,52375.91376,5993.602152,1200,10798.39422,234.3301629,highs+presolve
2025-03-25,69148.96584,1163.403784,942.3570653,0,7977.794405,1200,1200,53544.17757,0,53544.17757,1200,1553.017663,52,12.38108594,kernel,107289.0751,53407.32975,52878.40216,62,54400.29034,52403.27279,6247.373272,1200,10797.01753,245.6092378,highs-no-presolve
2025-03-26,69083.5042,529.8911525,429.2118335,0,13390.27002,1200,1200,53456.66926,0,53456.66926,1200,1381.797115,53,12.88556861,kernel,106933.5952,53242.30738,52704.32953,61,54211.30406,52293.69389,6364.085095,1200,10799.6886,220.0942726,highs+presolve
2025-03-27,68565.77066,869.8935712,704.6137927,0,9683.501483,1200,1200,53073.739,0,53073.739,1200,1516.369376,54,12.58815289,kernel,106153.8021,52890.98334,52332.41699,59,53804.84276,51988.21053,6704.177165,1200,10797.15022,217.8512165,highs+presolve
2025-03-28,39090.01259,436.2381539,353.3529047,0,28185.24658,1200,1200,28413.56793,0,28413.56793,1200,1274.618458,55,5.170440917,kernel,58695.00133,29643.29649,28717.41172,63,29977.57955,28674.90903,10255.24247,1200,10622.5278,441.7630149,highs+presolve
2025-03-29,38597.93338,530.3057935,429.5476927,2.940066667,30792.90616,1200,1200,28094.33865,6.2447016,28100.58335,1200,1316.933758,56,5.522490021,kernel,58680.56097,29640.18851,28674.16432,64,30006.38661,28620.09192,10234.6144,1200,10700.45203,522.7104555,highs+presolve
2025-03-30,66880.53575,768.782171,622.7135585,6.347433333,11395.19487,1200,1200,52075.93958,13.4819484,52089.42153,1200,1401.933682,57,11.42360066,kernel,104728.4062,52217.26911,51746.89957,63,52971.68907,51452.54762,6086.395863,1200,10797.32948,243.783362,highs+presolve
2025-03-31,66430.65028,821.3283373,665.2759533,0,9323.208412,1200,1200,51678.12601,0,51678.12601,1200,1516.093822,58,11.21560788,kernel,103764.411,51766.71778,51305.2151,61,52454.53145,51072.54298,6394.687255,1200,10774.64884,207.0063743,highs+presolve
2025-04-01,65508.36976,1166.477405,944.846698,0,5077.887539,1200,1200,50823.16863,0,50823.16863,1200,1502.111132,31,7.574699714,kernel,101223.2122,50432.88755,50239.80872,62,50983.39731,50229.91769,6788.130682,1200,10798.75798,53.61338997,highs+presolve
2025-04-02,65740.44217,2170.769375,1758.323194,339.0296877,5231.690278,1200,1200,50944.92564,872.744195,51817.66983,1200,2795.925374,32,9.955227906,kernel,101420.7743,50506.62518,50309.24112,60,51111.5274,50282.55474,6394.299264,1200,10798.47622,48.59273344,highs+presolve
2025-04-03,66150.82314,764.719015,619.4224022,0,10141.99626,1200,1200,51329.12986,0,51329.12986,1200,1445.37062,33,12.53059098,kernel,102282.0235,50904.13916,50709.04239,61,51572.67516,50643.65384,6129.564328,1200,10560.61236,73.01058489,highs+presolve
2025-04-04,37483.49491,376.1751689,304.7018868,0,30981.21938,1200,1200,27309.40566,0,27309.40566,1200,1356.234128,34,4.373110871,kernel,56118.43304,28245.17325,27670.73824,64,28447.68464,27645.80995,10343.59131,1200,10658.05503,308.2480032,highs+presolve
2025-04-05,36966.04035,709.4929698,574.6893055,0,24787.1217,1200,1200,26855.91352,0,26855.91352,1200,1450.542282,35,4.442887292,kernel,55034.79803,27674.53509,27162.48929,65,27872.29862,27139.2389,10318.00814,1200,10704.57619,275.7671434,highs+presolve
2025-04-06,65620.34615,749.0992957,606.7704295,0,11067.94102,1200,1200,50790.97839,0,50790.97839,1200,1351.924755,36,10.68685242,kernel,101061.3408,50300.86153,50094.46097,57,50966.81983,50074.65483,6348.895926,1200,10776.74179,66.85894573,highs+presolve
2025-04-07,65487.54174,637.0774248,516.0327141,0,12123.77774,1200,1200,50642.5312,0,50642.5312,1200,1403.86216,37,11.36356786,kernel,100747.8799,50138.38215,49927.50702,60,50820.11419,49907.71618,6659.002789,1200,10799.68046,65.52498058,highs+presolve
2025-04-08,65420.57476,1152.50854,933.5319173,0,10848.40452,1200,1200,50505.77191,0,50505.77191,1200,1649.365741,38,12.46732365,kernel,100436.0381,49969.06367,49748.41031,62,50687.47631,49724.90743,6934.562147,1200,10800,65.09673617,highs+presolve
2025-04-09,65319.91211,1512.477859,1225.107066,0,5898.2303,1200,1200,50392.55262,0,50392.55262,1200,1728.02806,39,12.20812502,kernel,100160.6598,49831.55906,49607.05218,61,50553.51174,49592.75508,7343.463644,1200,10797.74536,58.76476635,highs+presolve
2025-04-10,65375.96913,1214.463117,983.715125,0,10684.58324,1200,1200,50445.34496,0,50445.34496,1200,1531.255623,40,14.09104102,kernel,100272.1614,49880.75401,49668.33152,60,50603.78041,49649.62314,7092.308792,1200,10797.12153,57.55727938,highs+presolve
2025-04-11,36943.48097,685.9112654,555.5881249,0,31496.50767,1200,1200,26739.9188,0,26739.9188,1200,1393.084086,41,5.118456781,kernel,54561.86425,27449.647,26924.21204,65,27637.64207,26904.26426,10327.21632,1200,10693.9512,247.983367,highs+presolve
2025-04-12,37075.69755,405.9815174,328.8450291,0,27973.40052,1200,1200,26806.5666,0,26806.5666,1200,1324.593208,42,6.033245976,kernel,55971.70912,28226.12102,27435.56738,64,28536.13168,27388.17049,10251.71415,1200,10683.5313,469.4785324,highs+presolve
2025-04-13,64951.96998,637.4118535,516.3036013,0,10554.50325,1200,1200,50091.39182,0,50091.39182,1200,1335.625093,43,13.18584219,kernel,99637.44963,49551.34117,49334.64364,62,50302.79931,49324.13937,7219.772252,1200,10798.17396,69.88868729,highs+presolve
2025-04-14,64665.96061,748.3453336,606.1597202,0,11995.7432,1200,1200,49905.12602,0,49905.12602,1200,1396.301797,44,14.17348927,kernel,99377.35307,49416.17571,49195.95778,60,50181.37372,49184.45929,7185.420698,1200,10800,86.0117923,highs+presolve
2025-04-15,64532.74498,475.6809097,385.3015369,0,14302.93677,1200,1200,49771.80742,0,49771.80742,1200,1388.791034,45,15.44869139,kernel,99115.696,49282.2262,49059.35147,62,50056.16288,49045.0511,7243.985937,1200,10798.79978,86.92310781,highs+presolve
2025-04-16,64088.47678,836.2533751,677.3652339,0,8149.996687,1200,1200,49433.12779,0,49433.12779,1200,1443.582882,46,15.22324384,kernel,98570.15279,49004.83888,48776.07284,60,49793.87371,48760.96929,7366.739256,1200,10796.87876,102.4870948,highs+presolve
2025-04-17,64000.81928,477.4568189,386.7400233,0,11041.76014,1200,1200,49310.67181,0,49310.67181,1200,1345.141605,47,16.00888402,kernel,98288.20678,48859.93421,48629.49749,61,49658.10884,48613.71477,7347.830532,1200,10800,98.49376075,highs+presolve
2025-04-18,36590.18116,407.5461144,330.1123527,43.46379633,30202.09401,1200,1200,26313.40248,93.56233636,26406.96482,1200,1416.01236,48,5.981744463,kernel,53826.50434,27117.30703,26476.81536,64,27349.67887,26450.6874,10296.85066,1200,10647.92331,295.577426,highs+presolve
2025-04-19,36539.4952,462.1673453,374.3555497,2.1812,29669.18536,1200,1200,26227.83437,4.6328688,26232.46724,1200,1347.050387,49,7.247524031,kernel,54194.38797,27326.72803,26574.39284,64,27619.98509,26533.70998,10230.41194,1200,10724.60066,390.2215091,highs+presolve
2025-04-20,63770.8898,759.3267973,615.0547058,0,11668.87282,1200,1200,49130.37639,0,49130.37639,1200,1514.279897,50,16.93195549,kernel,97956.1771,48679.57118,48456.72665,61,49499.32088,48436.53195,7389.051977,1200,10799.22868,103.4369691,highs+presolve
2025-04-21,63561.99456,756.1093695,612.4485893,0,14901.42339,1200,1200,48959.87889,0,48959.87889,1200,1502.331518,51,17.45809319,kernel,97610.33516,48513.48097,48295.90598,61,49314.30355,48274.61012,7488.797348,1200,10800,99.31988752,highs+presolve
2025-04-22,62962.75525,822.6766628,666.3680968,0,10653.51737,1200,1200,48482.60443,0,48482.60443,1200,1480.292306,52,16.72425554,kernel,96764.965,48107.0852,47895.86628,63,48868.40662,47867.96389,7580.154264,1200,10799.854,106.2748909,highs+presolve
2025-04-23,62995.01747,621.4232111,503.352801,8.113233333,11485.14357,1200,1200,48472.01456,17.2325076,48489.24706,1200,1341.883116,53,17.98367065,kernel,96726.1002,48080.01185,47871.12297,63,48854.0608,47842.46233,7590.901472,1200,10800,104.9063379,highs+presolve
2025-04-24,62771.71403,433.7793372,351.3612631,0,15599.18925,1200,1200,48214.77336,0,48214.77336,1200,1347.279024,54,17.96141731,kernel,96132.0772,47790.25852,47577.88826,62,48552.71603,47548.07034,7692.789548,1200,10799.90456,92.51078955,highs+presolve
2025-04-25,35832.76159,431.6471068,349.6341565,0,33750.39099,1200,1200,25684.44866,0,25684.44866,1200,1299.975993,55,6.500087882,kernel,53004.85873,26734.88833,26005.15696,65,26999.69176,25967.21924,10209.70001,1200,10719.3752,374.6370212,highs+presolve
2025-04-26,35491.59808,632.7728342,512.5459957,0,35301.17761,1200,1200,25355.37261,0,25355.37261,1200,1451.005624,56,6.368485569,kernel,52414.43861,26440.87693,25683.42359,65,26731.00503,25641.55511,10188.00785,1200,10701.49628,393.6149387,highs+presolve
2025-04-27,61852.03587,918.7274371,744.169224,0,13104.00647,1200,1200,47465.80779,0,47465.80779,1200,1442.181498,57,14.8973089,kernel,94671.27344,47088.96058,46887.10794,63,47784.11655,46855.98616,7902.888089,1200,10799.86422,90.71134474,highs+presolve
2025-04-28,61826.77685,2115.600928,1713.636752,0,4802.845359,1200,1200,47436.68181,0,47436.68181,1200,2135.416233,58,15.47602562,kernel,94587.04534,47041.14597,46837.11994,64,47749.56217,46807.95985,8177.545665,1200,10799.93862,90.16785754,highs+presolve
2025-04-29,62328.38261,805.7454283,652.6537969,0,14742.07726,1200,1200,47874.39072,0,47874.39072,1200,1653.249967,59,20.7435446,kernel,95560.7552,47485.82479,47279.76704,63,48280.96135,47238.38977,7649.971125,1200,10799.9791,114.1613557,highs+presolve
2025-04-30,62339.61747,742.5300689,601.4493558,0,13941.68232,1200,1200,47807.84453,0,47807.84453,1200,1532.485061,60,21.69250819,kernel,95353.40727,47363.86222,47146.87018,63,48206.5083,47104.04056,7844.816497,1200,10797.78067,112.7844938,highs+presolve
2025-05-01,60501.23499,5125.54712,4151.693167,0,8516.00224,1200,1200,46182.88442,0,46182.88442,1200,4772.991718,30,9.46355995,kernel,91787.82667,45554.99007,45521.72694,34,46266.09448,45519.48278,5925.209853,1200,6254.10483,31.45091275,highs+presolve
2025-05-02,34111.44345,4067.081796,3294.336255,135.3787572,19183.75659,1200,1200,24382.8709,292.6324731,24675.50338,1200,4280.559526,31,2.498491897,kernel,50115.42548,25231.62641,24701.28912,65,25414.12612,24682.89897,10419.25483,1200,10680.78405,304.0364852,highs+presolve
2025-05-03,34920.7907,2764.26534,2239.054926,58.16779515,25586.57643,1200,1200,25081.77674,124.3811288,25206.15787,1200,3360.30075,32,5.949359749,kernel,51187.21821,25734.34956,25268.2078,65,25919.00053,25241.77488,10091.8862,1200,10719.90507,243.7486537,highs+presolve
2025-05-04,61297.18917,3035.153359,2458.47422,0,8985.842697,1200,1200,47091.54632,0,47091.54632,1200,3586.611701,33,16.76637727,kernel,93974.59803,46608.72528,46596.63957,33,47377.95392,46580.0548,5282.821788,1413.675783,5468.147948,86.65367529,highs+presolve
2025-05-05,61738.24952,4025.838313,3260.929034,14.72901667,5912.06246,1200,1200,47403.12076,31.2844314,47434.40519,1200,3573.691314,34,17.58755304,kernel,94497.24602,46839.2218,46831.6375,32,47665.60398,46812.57768,5285.606421,1586.082895,5488.231584,81.0624256,highs+presolve
2025-05-06,61530.44737,3996.966862,3237.543158,0,7900.941302,1200,1200,47213.99623,0,47213.99623,1200,3535.94703,35,17.23446726,kernel,93967.96746,46624.357,46609.04963,34,47358.91297,46601.38829,5568.01463,1423.193436,5715.797401,45.85560171,highs+presolve
2025-05-07,61709.11191,4044.184284,3275.78927,0,5872.870943,1200,1200,47427.84652,0,47427.84652,1200,4343.235954,36,17.52716152,kernel,94443.41438,46887.74381,46875.27891,33,47568.13074,46868.8685,5453.702685,1468.68947,5574.333452,44.03679987,highs+presolve
2025-05-08,62166.20311,3101.910146,2512.547218,0,5750.327778,1200,1200,47887.04612,0,47887.04612,1200,3089.772477,37,19.49643942,kernel,95485.29225,47387.18553,47382.04835,32,48103.23948,47372.09993,5173.909981,1782.944711,5327.738856,66.8324049,highs+presolve
2025-05-09,36749.68756,1435.45186,1162.716007,0,27977.56586,1200,1200,26615.11608,0,26615.11608,1200,2221.271462,38,8.142201567,kernel,59776.39521,30410.93354,28699.56307,64,31076.82256,28466.37659,9827.128574,1200,10793.73804,1252.018966,highs+presolve
2025-05-10,36287.79367,2098.004745,1699.383843,0,23768.12749,1200,1200,26192.56578,0,26192.56578,1200,2870.961456,39,8.190637525,kernel,55549.17758,28063.04522,27084.07126,65,28465.09663,26984.35751,9921.97339,1200,10778.0051,644.5336572,highs+presolve
2025-05-11,62604.18361,2775.324242,2248.012636,0,6592.792921,1200,1200,48226.35516,0,48226.35516,1200,3141.228284,40,21.17078497,kernel,96161.36218,47664.01178,47670.89029,28,48490.4262,47648.0035,4839.700397,2111.25827,5085.189611,76.4848295,highs+presolve
2025-05-12,62784.80479,1869.864392,1514.590158,0,10498.33532,1200,1200,48373.82692,0,48373.82692,1200,2526.84172,41,21.38040604,kernel,96437.8512,47792.49683,47801.28744,29,48636.45217,47777.93236,4862.444528,2201.815709,5108.234801,76.19716199,highs+presolve
2025-05-13,62546.32696,1627.641168,1318.389346,0,9107.862367,1200,1200,48123.02237,0,48123.02237,1200,2319.1096,42,22.35129784,kernel,95867.09653,47502.83015,47502.88804,31,48364.20348,47486.17653,5285.799711,1902.258818,5503.483732,76.18342632,highs+presolve
2025-05-14,62303.68332,1675.61545,1357.248515,0,8971.167601,1200,1200,47979.33847,0,47979.33847,1200,2434.253014,43,21.6688441,kernel,95572.37516,47398.41538,47392.9545,33,48179.41585,47383.61393,5525.324585,1767.837876,5709.595036,62.28987232,highs+presolve
2025-05-15,62205.94369,2144.154892,1736.765462,0,9033.49598,1200,1200,47887.69078,0,47887.69078,1200,2394.329092,44,20.91436363,kernel,95337.38094,47299.50429,47290.8107,34,48046.56529,47285.03021,5657.904658,1653.858001,5825.394912,51.71695949,highs+presolve
2025-05-16,36181.81133,1274.691888,1032.50043,0,33224.11334,1200,1200,26269.00387,0,26269.00387,1200,2097.163002,45,8.114690565,kernel,55433.66374,27998.82847,27086.36736,64,28347.28675,26996.37796,9870.910685,1200,10780.55294,592.222685,highs+presolve
2025-05-17,36378.38048,1549.263338,1254.903304,0,25635.22137,1200,1200,26395.64847,0,26395.64847,1200,2203.31102,46,8.861106529,kernel,56395.38996,28507.95295,27440.1981,64,28955.18223,27321.83201,9858.588164,1200,10788.22675,731.3421884,highs+presolve
2025-05-18,62005.94675,1830.404475,1482.627625,0,7982.001796,1200,1200,47691.45388,0,47691.45388,1200,2115.770923,47,22.01695505,kernel,94888.35091,47096.69163,47086.16445,34,47802.18136,47084.01459,5787.505774,1578.224975,5935.506291,39.65250448,highs+presolve
2025-05-19,61901.64871,1283.985788,1040.028488,0,14142.47486,1200,1200,47602.86049,0,47602.86049,1200,2195.042922,48,22.43522321,kernel,94713.28518,47016.4252,47004.79731,35,47708.48275,47003.13478,5808.98554,1461.518963,5950.469624,38.7279366,highs+presolve
2025-05-20,61763.02682,2040.02631,1652.421311,0,6848.027001,1200,1200,47453.82708,0,47453.82708,1200,2478.955097,49,22.56561774,kernel,94375.57707,46840.55331,46826.6744,35,47548.8974,46825.44011,5940.339404,1357.276309,6088.852588,36.82635213,highs+presolve
2025-05-21,61748.03681,2476.891391,2006.282027,0,9914.812164,1200,1200,47454.52868,0,47454.52868,1200,3051.139975,50,22.46929279,kernel,94412.59237,46849.12968,46834.62843,37,47577.95859,46833.44873,6013.401616,1348.681533,6189.697784,48.68176846,highs+presolve
2025-05-22,61685.6055,1132.255745,917.1271534,0,10653.8461,1200,1200,47382.29263,0,47382.29263,1200,1778.201279,51,21.64674555,kernel,94290.24265,46770.33651,46755.08812,35,47535.14888,46754.35671,6187.452649,1382.415945,6380.745063,59.87051519,highs+presolve
2025-05-23,35921.08843,973.2029803,788.294414,0,29315.23099,1200,1200,25952.66347,0,25952.66347,1200,1734.759643,52,9.505039674,kernel,53187.45431,26777.3522,26186.26241,65,27001.18223,26142.99188,9899.421776,1200,10784.63037,305.9377415,highs+presolve
2025-05-24,36386.82011,957.6290216,775.6795075,0,32450.36921,1200,1200,26346.98569,0,26346.98569,1200,1808.669247,53,10.17679031,kernel,55510.8725,28028.57344,27093.17436,64,28417.68848,26997.77793,9887.543423,1200,10785.50595,597.225868,highs+presolve
2025-05-25,61396.02003,1329.542998,1076.929829,0,12598.39668,1200,1200,47174.03174,0,47174.03174,1200,2054.901537,54,21.02727119,kernel,93948.39911,46595.22201,46579.79124,34,47368.60227,46579.37602,6250.789324,1354.381765,6521.149019,76.14256404,highs+presolve
2025-05-26,61157.20076,1930.399018,1563.623205,0,6210.592,1200,1200,46956.99877,0,46956.99877,1200,1924.891045,55,18.04407024,kernel,93481.67289,46359.41814,46342.74617,36,47138.92102,46342.57765,6328.138181,1290.422304,6708.923882,72.24809396,highs+presolve
2025-05-27,61431.36721,1498.224226,1213.561623,0.6934,11757.03071,1200,1200,47198.35713,1.4727816,47199.82991,1200,2116.109075,56,23.74879678,kernel,93975.66727,46595.0544,46578.53681,35,47397.12479,46577.82292,6303.44823,1299.24932,6568.802571,76.1747087,highs+presolve
2025-05-28,61234.80482,1654.049783,1339.780324,0,8646.711264,1200,1200,47036.96952,0,47036.96952,1200,1877.9255,57,23.70582407,kernel,93667.72964,46440.74144,46423.02823,35,47244.69569,46422.54373,6349.667485,1221.160553,6670.575803,78.61646905,highs+presolve
2025-05-29,61422.84243,2362.427414,1913.566205,0,6863.857725,1200,1200,47159.12807,0,47159.12807,1200,2075.07549,58,28.10344594,kernel,93858.65023,46528.88665,46511.58497,36,47347.05956,46510.58979,6325.808734,1232.412897,6552.476873,72.05910277,highs+presolve
2025-05-30,36099.99808,909.2718775,736.5102208,0,29331.00316,1200,1200,26039.87208,0,26039.87208,1200,1551.196458,59,10.87039165,kernel,53797.50558,27121.92948,26397.34943,64,27400.14645,26337.84557,9923.268143,1200,10787.44019,392.3442916,highs+presolve
2025-05-31,35877.32891,1219.975273,988.1799712,0,27256.35206,1200,1200,25905.23282,0,25905.23282,1200,1759.99922,60,12.25291176,kernel,53125.31899,26747.03193,26127.69217,65,26997.61708,26084.40173,9960.291725,1200,10782.18943,321.3618093,highs+presolve
2025-06-01,62017.6747,2227.594896,1804.351866,9646.874747,16.48011753,1200,1200,47784.7361,36146.19955,83930.93565,1200,3065.636515,31,15.74234225,kernel,95164.82297,47153.75862,47153.75862,20,48011.06183,47153.75834,3466.132341,3466.132341,3466.132341,93.17440687,highs+presolve
2025-06-02,61634.59474,4888.6701,3959.822781,7965.513892,30.45386709,1200,1200,47666.71789,28237.65367,75904.37157,1200,4765.710494,32,4.882773266,kernel,95718.30297,47348.52022,47366.5907,59,48350.54937,47263.68999,6972.087749,1200,10799.80199,192.9687058,highs+presolve
2025-06-03,69701.54626,3907.292685,3164.907075,863.51721,1630.311027,1200,1200,53986.8554,3009.820614,56996.67601,1200,2790.715645,33,2.436700095,kernel,107594.2732,53124.27585,53606.52851,35,53987.74227,53068.56805,3406.300269,1200,7754.465609,0.2698062055,highs+presolve
2025-06-04,71311.478,2358.681761,1910.532226,592.4680453,1810.535697,1200,1200,56508.65414,1277.605859,57786.26,1200,2260.382774,34,1.028496476,kernel,113018.2733,56494.85462,56493.96244,5,56524.31081,56493.96066,1264.342702,1200,10800,5.002672458,highs+presolve
2025-06-05,71956.86876,4127.989542,3343.671529,439.2017662,462.4344962,1200,1200,56140.62024,1041.692778,57182.31302,1200,3069.080868,35,1.228512026,kernel,112260.0086,55820.28437,55793.34776,24,56466.65883,55792.70937,2978.090913,1200,10800,81.77586755,highs+presolve
2025-06-06,72777.95509,0,0,0,41922.95969,1200,1200,57140.25214,0,57140.25214,1200,1200,36,1.826765242,kernel,114128.088,56865.76249,56933.19019,21,57194.25204,56849.06487,1892.928629,1200,8464.083013,13.76805816,highs+presolve
2025-06-07,43775.95116,1386.421227,1123.001194,57.78938561,12443.80734,1200,1200,32816.77364,117.4138834,32934.18753,1200,1559.365746,37,1.006129886,kernel,66167.61409,33113.62154,33008.44944,9,33159.15402,33007.98854,10763.6315,1200,10792.88056,83.25420729,highs+presolve
2025-06-08,72686.77415,1382.724631,1120.006951,16.46360483,7255.596812,1200,1200,57095.9735,34.97970089,57130.9532,1200,1836.311156,38,1.601002461,kernel,113996.3859,56831.85802,56882.55297,23,57113.78745,56816.24841,1943.160184,1200,10778.60216,4.473688353,highs+presolve
2025-06-09,72097.35061,5214.990612,4224.142396,117.9184295,291.7080894,1200,1200,55516.87069,255.3596826,55772.23037,1200,3435.262802,39,1.456713088,kernel,110439.7241,54553.31231,54653.08061,24,55786.63969,54413.71035,4656.250367,1200,5439.035398,116.5464932,highs+presolve
2025-06-10,73486.82961,3733.127322,3023.83313,19.8526,1178.943783,1200,1200,57122.22643,42.1669224,57164.39335,1200,2688.600772,40,2.828209386,kernel,113541.4942,56272.95999,56415.77385,22,57040.75104,56221.96931,3087.733222,1200,4764.753,1.614257255,highs+presolve
2025-06-11,73641.04083,3310.594462,2681.581514,3226.707063,154.2886299,1200,1200,57482.63788,13430.27346,70912.91134,1200,2899.718668,41,3.936448329,kernel,114495.1865,56811.7156,57010.7622,21,57403.76301,56766.90107,2337.116852,1200,3835.054503,0.8037345709,highs+presolve
2025-06-12,78043.41195,3186.717294,2581.241008,0,4985.544227,1200,1200,59707.49909,0,59707.49909,1200,3117.570643,42,4.513815731,kernel,117721.3909,57539.59472,58013.88345,20,59692.07501,57438.67691,4858.299268,1200,10800,0,highs+presolve
2025-06-13,62658.80362,125.4758951,101.635475,0,34289.6495,1200,1200,42478.18264,0,42478.18264,1200,1259.398326,43,2.412363223,kernel,91736.84116,45997.61626,43959.65165,37,47753.76217,43254.31994,9289.958982,1200,10799.48731,1721.641945,highs+presolve
2025-06-14,45664.18463,534.8099295,433.1960429,44.77388333,19414.00187,1200,1200,34051.27894,95.0997282,34146.37867,1200,1463.685001,44,2.552994169,kernel,79708.53618,40402.10822,38255.57597,62,41447.33244,37940.73643,9909.749601,1200,10799.59166,1847.207679,highs+presolve
2025-06-15,77870.01046,1920.675578,1555.747219,0,6878.107771,1200,1200,59581.23161,0,59581.23161,1200,2079.056053,45,6.43855464,kernel,117432.3667,57382.95685,57851.12663,25,59492.18841,57273.45991,4813.910007,1200,6291.712298,0,highs+presolve
2025-06-16,77832.07478,3012.933459,2440.476101,0,4565.564609,1200,1200,59602.95334,0,59602.95334,1200,2422.638562,46,7.241010064,kernel,117453.0554,57415.83677,57850.09374,28,59465.59561,57306.03347,4799.079313,1200,6277.478172,0,highs+presolve
2025-06-17,77751.76986,4224.74458,3422.04311,0,2312.05717,1200,1200,59672.4556,0,59672.4556,1200,3939.858764,47,8.390494756,kernel,117665.2979,57604.89655,57992.83435,28,59476.7976,57498.80388,4577.321082,1200,6023.45653,0,highs+presolve
2025-06-18,77794.63497,1251.475299,1013.694992,0,6628.46376,1200,1200,59831.14208,0,59831.14208,1200,1520.651689,48,8.961668654,kernel,118111.7506,57894.01536,58280.60095,28,59590.5308,57781.52063,4206.97245,1200,5761.7386,0,highs+presolve
2025-06-19,77550.71726,1633.825652,1323.398778,0,8980.786186,1200,1200,59594.69111,0,59594.69111,1200,1735.661652,49,10.29057588,kernel,117687.5678,57659.78979,58054.65045,27,59390.87445,57527.95886,4244.839226,1200,5991.598096,17.86672795,highs+presolve
2025-06-20,46591.11874,159.7862571,129.4268682,0,24160.1785,1200,1200,34402.32598,0,34402.32598,1200,1272.509995,50,4.59040168,kernel,80538.33967,40888.39363,38538.56567,62,41978.23862,38161.0622,9821.266586,1200,10799.66269,1918.277197,highs+presolve
2025-06-21,44845.40667,477.9805246,387.1642249,0,25419.84997,1200,1200,33289.07584,0,33289.07584,1200,1287.315323,51,6.289809214,kernel,77069.70002,39062.91428,37018.28808,61,40051.14562,36671.03367,9746.884336,1200,10799.6929,1702.225355,highs+presolve
2025-06-22,77741.25273,1510.005422,1223.104391,0,9997.010602,1200,1200,59186.67779,0,59186.67779,1200,2080.824135,52,15.81461102,kernel,116401.9822,56717.24291,57215.29504,32,58920.98081,56537.69851,5082.317517,1200,7054.586728,0,highs+presolve
2025-06-23,77622.03102,1665.79892,1349.297125,0,10244.24323,1200,1200,59026.11293,0,59026.11293,1200,2027.049723,53,16.58161963,kernel,116050.5019,56524.90832,56995.77602,31,58766.28287,56332.7626,5305.808627,1200,7280.58753,13.4090185,highs+presolve
2025-06-24,76986.3053,6640.398042,5378.722414,615.7626531,71.60007489,1200,1200,58660.22833,1437.166138,60097.39447,1200,5984.651086,54,17.97101165,kernel,115660.9676,56362.09813,56860.59403,38,58588.07088,56113.33467,5272.999677,1200,7582.456119,64.39979517,highs+presolve
2025-06-25,77746.05231,2471.927718,2002.261451,0,6838.964681,1200,1200,59440.41857,0,59440.41857,1200,2570.155528,55,16.742108,kernel,117253.2085,57240.34604,57732.85113,33,59375.16339,57018.62519,5004.836267,1200,7136.784876,34.00994316,highs+presolve
2025-06-26,77805.7919,1779.306538,1441.238296,0,9920.339826,1200,1200,59447.90511,0,59447.90511,1200,2198.071282,56,17.28494061,kernel,117143.518,57198.43951,57636.67591,36,59287.63306,56985.21901,5054.666029,1200,7166.815427,25.01067742,highs+presolve
2025-06-27,43376.42081,231.6995824,187.6766617,13.8737045,23574.62573,1200,1200,32307.23573,29.4469378,32336.68266,1200,1279.920572,57,6.979637182,kernel,72260.82232,36547.79925,35067.7201,65,37193.09263,34858.4687,9838.870665,1200,10799.82306,1202.420784,highs+presolve
2025-06-28,42827.37915,548.1803061,444.026048,0,20946.29878,1200,1200,31825.31256,0,31825.31256,1200,1368.008952,58,8.966843678,kernel,70577.11402,35662.97356,34267.58618,65,36309.51838,34044.5095,9710.52034,1200,10799.79509,1121.577349,highs+presolve
2025-06-29,77826.61624,1960.243597,1587.797313,0,8186.401427,1200,1200,59150.86763,0,59150.86763,1200,2190.535048,59,21.38748108,kernel,116341.6662,56616.37752,57133.24145,38,59026.30824,56353.56187,5526.697719,1200,7759.531356,24.42659312,highs+presolve
2025-06-30,77812.69865,2573.000348,2084.130282,0,7446.144599,1200,1200,59198.73193,0,59198.73193,1200,2491.726869,60,21.55507654,kernel,116435.4477,56711.08835,57179.56543,38,59048.99337,56463.89487,5500.037454,1200,7675.743639,24.09964127,highs+presolve
2025-07-01,77700.50495,6342.71476,5137.598956,2400.247508,29.09262182,1200,1200,59565.90347,5138.775385,64704.67886,1200,4829.410731,30,17.47440141,kernel,117544.1294,57680.26898,57905.83871,32,59481.0695,57274.68593,4839.262186,1200,6890.457156,31.1954652,highs+presolve
2025-07-02,78841.50167,6399.750602,5183.797987,0,4720.782687,1200,1200,60242.86612,0,60242.86612,1200,5358.663108,31,17.19612015,kernel,119333.1129,58360.344,58746.09153,51,60425.94909,57744.72197,5239.89826,1200,9380.197393,160.1851455,highs+presolve
2025-07-03,78741.90929,5351.40012,4334.634097,2112.5109,77.23523254,1200,1200,60218.67968,4897.257101,65115.93678,1200,5107.09302,32,11.37361799,kernel,119320.188,58450.13468,58889.00381,46,60373.66996,57851.30958,4775.366049,1200,9092.025649,99.6058008,highs+presolve
2025-07-04,42821.62388,5312.548874,4303.164588,2871.550485,15802.92261,1200,1200,31663.17858,6461.609193,38124.78777,1200,5805.549983,33,4.312498787,kernel,70603.16066,35743.70935,34422.73515,65,36180.41588,34257.33956,9859.884089,1200,10598.87807,1103.894066,highs+presolve
2025-07-05,48914.68868,2278.6952,1845.743112,270.0509315,19961.70755,1200,1200,36119.53716,578.7764206,36698.31358,1200,2316.649193,34,1.345299086,kernel,73798.40907,37040.36584,36591.0629,65,37207.3362,36561.75689,10177.4195,1200,10799.64511,257.8185032,highs+presolve
2025-07-06,81216.93641,6637.182909,5376.118157,0,161.8901045,1200,1200,61977.20435,0,61977.20435,1200,6000.356283,35,7.442672084,kernel,122716.555,59932.5321,60739.34199,41,61971.06428,59478.79334,4122.15055,1200,7231.34541,0,highs+presolve
2025-07-07,81774.06242,2501.572359,2026.273611,0,7889.280909,1200,1200,63049.16899,0,63049.16899,1200,2900.407717,36,5.470446715,kernel,125479.8961,61647.30818,62374.12588,30,63045.81636,61340.71057,2757.400371,1247.407877,5317.469645,23.93355159,highs+presolve
2025-07-08,82259.95754,4194.064688,3397.192397,0,5891.698235,1200,1200,62935.60348,0,62935.60348,1200,3670.272906,37,5.45335971,kernel,124766.7821,61335.54177,61737.13645,34,62874.85517,60985.55993,4039.811276,1200,6306.008158,33.28554415,highs+presolve
2025-07-09,81948.6503,2205.356309,1786.33861,0,7470.907589,1200,1200,62969.71306,0,62969.71306,1200,2379.601578,38,7.246832438,kernel,125058.1763,61666.83509,61903.29863,31,63057.65609,61303.43017,4099.923397,1200,6141.269262,55.89466433,highs+presolve
2025-07-10,81333.11657,1823.356159,1476.918489,0,8133.055512,1200,1200,62810.93477,0,62810.93477,1200,2115.007019,39,5.894349822,kernel,125333.5372,62134.99538,62147.13281,36,63174.39321,61660.4859,4193.86728,1200,6704.60134,99.9480389,highs+presolve
2025-07-11,63387.30049,708.4815549,573.8700594,0,30733.91185,1200,1200,43732.93625,0,43732.93625,1200,1393.629546,40,3.222411343,kernel,94973.73766,48314.56077,45482.27993,26,49459.00192,44939.18375,9644.450555,1200,10800,1733.913851,highs+presolve
2025-07-12,52942.38216,905.0710147,733.1075219,0,21686.17533,1200,1200,38784.32298,0,38784.32298,1200,1334.694032,41,4.381842238,kernel,89349.49934,45381.17648,42888.02777,60,46418.42898,42512.08883,9860.141323,1200,10799.1698,1925.638093,highs+presolve
2025-07-13,81424.97887,1743.255664,1412.037087,0,11826.03989,1200,1200,62545.91218,0,62545.91218,1200,2406.533874,42,10.40251571,kernel,124260.1642,61330.43047,61459.2254,33,62778.70115,60899.00953,4497.903683,1200,6590.782157,71.8123088,highs+presolve
2025-07-14,81376.05982,1752.365138,1419.415762,0,9235.43123,1200,1200,62469.30802,0,62469.30802,1200,2439.663148,43,11.18545604,kernel,124110.7706,61276.83959,61363.79358,36,62732.26614,60818.05828,4758.763325,1200,6835.906337,76.18412153,highs+presolve
2025-07-15,81274.98376,1259.271207,1020.009678,0,8286.671646,1200,1200,62438.97282,0,62438.97282,1200,1561.24071,44,9.435223752,kernel,124099.465,61455.25618,61361.08429,40,62718.60941,60968.06226,5338.672579,1200,7440.002487,85.19210801,highs+presolve
2025-07-16,80999.23097,2231.080705,1807.175371,0,8440.762252,1200,1200,62175.31725,0,62175.31725,1200,2033.786856,45,9.987405227,kernel,123618.3463,61239.97455,61085.80705,41,62493.4133,60704.3806,5342.89848,1200,7808.69194,114.68287,highs+presolve
2025-07-17,81059.07042,2720.660698,2203.735165,0,7821.728818,1200,1200,62097.38259,0,62097.38259,1200,2343.666958,46,12.10094137,kernel,123376.7091,61051.73453,60921.87582,41,62406.31316,60509.77799,5420.079135,1200,7776.494609,109.1700881,highs+presolve
2025-07-18,54493.90262,370.6469482,300.224028,0,23149.2316,1200,1200,39627.36351,0,39627.36351,1200,1274.598933,47,5.586926197,kernel,90364.62677,45970.65919,43329.18931,56,47005.72477,42916.71034,9819.222146,1200,10798.98035,1916.870088,highs+presolve
2025-07-19,52063.7953,1135.606034,919.8408879,0,24665.2111,1200,1200,38265.78238,0,38265.78238,1200,1503.509166,48,7.388049847,kernel,87582.66098,44442.82413,42100.45407,61,45423.5779,41760.02058,9885.956815,1200,10799.59126,1789.891323,highs+presolve
2025-07-20,81333.22363,1430.961707,1159.078983,0,8971.362686,1200,1200,62112.39007,0,62112.39007,1200,1971.770705,49,18.93455089,kernel,123028.8209,60592.03408,60687.83245,38,62319.28036,60122.71596,5268.442076,1200,7323.705712,65.5804073,highs+presolve
2025-07-21,81350.43565,2264.149745,1833.961293,0,6930.497852,1200,1200,62102.58875,0,62102.58875,1200,2350.55362,50,19.03624496,kernel,122952.6199,60587.24374,60619.12969,41,62281.4205,60122.73268,5510.940694,1200,7486.689095,65.14342082,highs+presolve
2025-07-22,81116.72819,2026.013504,1641.070938,0,6936.641004,1200,1200,62047.67584,0,62047.67584,1200,1771.75034,51,18.44679759,kernel,123053.7857,60734.81218,60696.46582,42,62277.01326,60263.32912,5480.121391,1200,7618.661442,92.42876082,highs+presolve
2025-07-23,81088.03525,2891.199687,2341.871747,0,6322.160188,1200,1200,62009.93046,0,62009.93046,1200,2779.732716,52,20.1796147,kernel,122967.3094,60677.12816,60647.50444,42,62229.07938,60212.40317,5424.466925,1200,7617.022967,93.44971322,highs+presolve
2025-07-24,81030.01615,2694.295789,2182.379589,0,6901.627953,1200,1200,62022.44799,0,62022.44799,1200,2833.837283,53,21.8579986,kernel,123027.6987,60714.48366,60691.66653,41,62240.82215,60268.86944,5338.671402,1200,7520.320619,94.82874283,highs+presolve
2025-07-25,50961.91133,512.6463229,415.2435215,0,24359.18896,1200,1200,37710.92262,0,37710.92262,1200,1420.235575,54,8.447437655,kernel,85422.73369,43337.42245,41279.87588,65,44142.84829,40957.25009,9767.23305,1200,10799.89254,1594.473378,highs+presolve
2025-07-26,50374.47399,818.2089484,662.7492482,0,21749.92272,1200,1200,37164.04284,0,37164.04284,1200,1356.332509,55,9.354923412,kernel,81296.69533,41095.83171,39583.48892,65,41713.19682,39373.55884,9836.273718,1200,10799.80037,1127.627493,highs+presolve
2025-07-27,80944.09315,2818.175184,2282.721899,0,6723.450065,1200,1200,61942.67985,0,61942.67985,1200,2938.925238,56,22.92256109,kernel,122901.659,60641.88243,60628.95141,42,62170.17467,60204.88253,5287.163463,1200,7572.612362,101.1084728,highs+presolve
2025-07-28,80816.99366,3619.528353,2931.817966,0,2174.406036,1200,1200,61932.10242,0,61932.10242,1200,2668.264332,57,24.10940428,kernel,122984.7734,60714.26693,60695.30424,40,62186.45702,60288.78316,5199.38427,1200,7503.71192,109.9901983,highs+presolve
2025-07-29,81129.30818,2211.572137,1791.373431,0,4639.863526,1200,1200,62066.43914,0,62066.43914,1200,1959.190611,58,28.56315304,kernel,122965.7652,60583.13893,60671.3832,39,62173.47866,60197.15309,5091.555724,1200,7235.426265,69.27297052,highs+presolve
2025-07-30,81280.46431,2831.940868,2293.872103,0,6639.141493,1200,1200,62113.39841,0,62113.39841,1200,2331.101008,59,30.96095919,kernel,122883.051,60481.28925,60606.37174,39,62120.64669,60119.99394,5074.228918,1200,7140.246565,49.98964504,highs+presolve
2025-07-31,81146.35069,2276.232912,1843.748658,0,6018.870173,1200,1200,62075.90304,0,62075.90304,1200,2402.158053,60,31.75668838,kernel,122914.1485,60528.60735,60642.69621,40,62121.87627,60164.87287,4992.335053,1200,7112.814041,61.08077837,highs+presolve
2025-08-01,50283.13857,663.0680073,537.0850859,0,28905.79598,1200,1200,37105.05227,0,37105.05227,1200,1381.473588,31,7.39031082,kernel,78022.66583,39316.02864,38365.77818,65,39656.87776,38284.65353,10100.87374,1200,10626.03739,647.6691614,highs+presolve
2025-08-02,50171.92382,424.2587083,343.6495537,0,29164.28973,1200,1200,36961.54168,0,36961.54168,1200,1362.719426,32,8.693675194,kernel,77407.00331,38967.70141,38082.49081,65,39324.50263,38004.11027,10078.32435,1200,10623.80109,600.751327,highs+presolve
2025-08-03,79464.91432,952.4382031,771.4749445,0,16444.47108,1200,1200,61365.5653,0,61365.5653,1200,1688.082816,33,12.61058149,kernel,122278.2321,60681.92944,60627.59537,29,61649.82135,60489.66492,4489.702345,1200,5296.596361,107.9499027,highs+presolve
2025-08-04,77587.46187,778.6532355,630.7091207,0,12023.86267,1200,1200,59845.55667,0,59845.55667,1200,1439.620167,34,4.634143534,kernel,119195.5994,59321.37442,59163.773,39,60031.57763,59098.03054,5047.580469,1200,7080.782468,54.06858164,highs+presolve
2025-08-05,74139.55383,1676.588338,1358.036554,168.6326922,8837.325006,1200,1200,57488.92679,361.8917656,57850.81855,1200,1679.851963,35,1.301220951,kernel,115413.1676,57601.89437,57385.69537,57,58027.46121,57370.04566,8314.196335,1200,9169.920165,155.2631206,highs+presolve
2025-08-06,73911.80806,4028.890139,3263.401013,0,5031.919665,1200,1200,57194.00262,0,57194.00262,1200,4021.282161,36,1.519479084,kernel,114190.4496,57052.50615,56925.44146,58,57265.00032,56922.14479,8250.16859,1200,9539.935166,21.1504922,highs+presolve
2025-08-07,75211.61496,1945.65484,1575.98042,133.6446012,11587.5999,1200,1200,58227.62902,286.0500518,58513.67907,1200,1891.651025,37,2.30873827,kernel,116384.5129,58063.00054,57928.29006,51,58456.21634,57910.46413,7069.610756,1200,8282.098949,64.39942286,highs+presolve
2025-08-08,69373.3986,0,0,0,53598.22735,1200,1200,50591.56951,0,50591.56951,1200,1200,38,6.241651803,kernel,100439.351,50204.66786,49129.70749,49,51242.4563,47804.7065,6752.606439,1200,10799.65827,277.3655887,highs+presolve
2025-08-09,46493.71402,1824.986003,1478.238662,131.3571309,27356.39481,1200,1200,34592.63658,280.8559962,34873.49258,1200,1823.040603,39,1.018249762,kernel,69770.55612,34932.41018,34789.8156,9,34980.73005,34788.72548,10627.96719,1200,10684.86824,111.0410253,highs+presolve
2025-08-10,74556.99324,1610.418998,1304.439388,0,8946.394579,1200,1200,57579.75079,0,57579.75079,1200,2015.555239,40,3.088723578,kernel,114787.9774,57282.56495,57153.60625,55,57634.36412,57148.63743,7499.81801,1200,9073.472881,16.42507468,highs+presolve
2025-08-11,74585.29134,2177.007795,1763.376314,53.5352955,9663.941819,1200,1200,57598.70735,114.4548312,57713.16218,1200,2151.956224,41,3.975086034,kernel,114838.2284,57290.74296,57122.53773,55,57715.68062,57110.93557,7654.086218,1200,9171.293174,35.14201435,highs+presolve
2025-08-12,74690.37252,2346.775477,1900.888136,37.16266733,6521.104197,1200,1200,57731.10763,78.87776142,57809.98539,1200,2766.788527,42,5.168103321,kernel,115208.9127,57474.51868,57282.44949,55,57926.45443,57261.72487,7861.272413,1200,9049.620265,58.0891979,highs+presolve
2025-08-13,75090.93414,1281.126605,1037.71255,0,8726.540639,1200,1200,58042.48265,0,58042.48265,1200,1486.919287,43,7.002833475,kernel,116000.0328,57812.59138,57595.67851,55,58404.34312,57549.67511,7259.241013,1200,8663.764003,107.1462659,highs+presolve
2025-08-14,74850.09738,2632.365101,2132.215732,358.3954407,8782.052471,1200,1200,57834.37283,975.1623697,58809.5352,1200,2678.125009,44,7.745761748,kernel,115558.9423,57606.495,57372.82921,57,58186.08481,57317.74469,7185.195077,1200,9040.271761,103.949826,highs+presolve
2025-08-15,47521.75948,1038.417025,841.1177901,23.51596416,30188.24932,1200,1200,35219.43978,43.65738746,35263.09717,1200,1543.998258,45,2.848392376,kernel,71917.12489,36146.96542,35563.81933,65,36353.29553,35540.12059,10218.49988,1200,10625.08837,348.3789891,highs+presolve
2025-08-16,47666.74469,1026.150276,831.1817233,3.339110052,30545.83488,1200,1200,35274.97914,7.092269751,35282.07141,1200,1467.269372,46,3.702851896,kernel,72090.25628,36220.54686,35652.64112,65,36437.60516,35625.99738,10208.51444,1200,10519.82113,337.0383667,highs+presolve
2025-08-17,75160.58374,1905.924171,1543.798579,0,11633.06454,1200,1200,58029.0953,0,58029.0953,1200,1775.608794,47,9.303999431,kernel,115740.5636,57674.51886,57433.74098,55,58306.80674,57402.20067,7445.296156,1200,9024.620982,100.71574,highs+presolve
2025-08-18,74980.26076,2155.579611,1746.019485,0,10176.58502,1200,1200,57923.57125,0,57923.57125,1200,1936.744741,48,9.882912147,kernel,115506.0039,57572.66433,57351.23297,56,58154.7622,57332.80184,7667.780504,1200,9177.350172,84.11155607,highs+presolve
2025-08-19,74984.94521,1210.633602,980.6132174,0,10437.26478,1200,1200,57997.00545,0,57997.00545,1200,1500.210851,49,11.21209365,kernel,115713.4863,57674.18892,57466.2193,56,58247.24978,57444.12776,7705.266778,1200,9090.068622,88.57466148,highs+presolve
2025-08-20,74967.24654,3019.006545,2445.395302,1177.227171,4920.171397,1200,1200,57967.91727,4347.891804,62315.80907,1200,2897.97584,50,12.02984097,kernel,115659.4309,57642.81075,57426.50199,58,58232.92016,57401.17333,7841.659876,1200,9178.950894,91.55091426,highs+presolve
2025-08-21,76539.53304,939.967405,761.373598,0,10516.52075,1200,1200,58904.46737,0,58904.46737,1200,1453.197056,51,15.6062609,kernel,117365.6461,58324.08086,58029.68603,50,59334.68317,57905.07221,7285.206427,1200,8615.257947,139.9484757,highs+presolve
2025-08-22,47906.09352,1800.00964,1458.007808,0,26333.52229,1200,1200,35428.31328,0,35428.31328,1200,2045.546674,52,6.058754386,kernel,72179.87715,36271.61336,35700.59417,65,36479.27305,35674.01153,10133.20293,1200,10528.75256,313.3245529,highs+presolve
2025-08-23,48204.98321,724.1024327,586.5229705,0,25537.3976,1200,1200,35670.59047,0,35670.59047,1200,1340.815809,53,7.775695957,kernel,72527.59677,36428.44506,35885.67118,65,36641.91573,35859.29267,10080.46827,1200,10612.76115,288.709998,highs+presolve
2025-08-24,76790.75218,2233.076254,1808.791766,0,12632.87821,1200,1200,59028.52853,0,59028.52853,1200,2231.881429,54,20.9698267,kernel,117752.8282,58401.05256,58183.36473,50,59562.09225,57963.91194,6863.22997,1200,8462.316213,173.723652,highs+presolve
2025-08-25,76435.62126,3831.323753,3103.37224,0,4934.582728,1200,1200,58870.60314,0,58870.60314,1200,3428.054459,55,20.55534548,kernel,117455.606,58324.09177,58085.04062,52,59365.96934,57933.45857,7141.325787,1200,8567.118155,156.3699222,highs+presolve
2025-08-26,77739.22801,1388.359772,1124.571415,0,11946.62127,1200,1200,59761.6316,0,59761.6316,1200,1855.172865,56,27.15988255,kernel,119210.7664,58976.05734,58901.75167,45,60285.24681,58617.63374,5978.74216,1200,7693.005851,177.2442719,highs+presolve
2025-08-27,77340.24036,2811.199238,2277.071382,0,8891.96364,1200,1200,59581.03102,0,59581.03102,1200,2366.90098,57,27.64830095,kernel,118967.2055,58930.94308,58829.27053,45,60127.60577,58589.06438,6093.516684,1200,7752.46996,181.6000287,highs+presolve
2025-08-28,77993.26354,2322.581806,1881.291263,0,6784.17801,1200,1200,60079.17823,0,60079.17823,1200,2395.045687,58,27.0385807,kernel,119970.2177,59310.33113,59284.07981,42,60671.54578,58975.7214,5722.479104,1200,7314.276576,203.675163,highs+presolve
2025-08-29,49122.48252,1894.592762,1534.620137,0,26207.28955,1200,1200,36253.04915,0,36253.04915,1200,2308.143935,59,13.72646742,kernel,74523.90128,37490.1435,36754.32997,65,37769.5615,36701.94292,10033.23353,1200,10710.54115,411.6797239,highs+presolve
2025-08-30,49525.25043,998.5753555,808.846038,0,30822.80128,1200,1200,36505.33107,0,36505.33107,1200,1655.948158,60,13.61161953,kernel,74894.96234,37672.10862,36917.68932,65,37977.26322,36862.87242,10016.03333,1200,10723.96798,388.7289417,highs+presolve
2025-08-31,77540.9611,1982.552707,1605.867693,0,10517.653,1200,1200,59809.7177,0,59809.7177,1200,2173.411739,61,27.1789219,kernel,119501.1599,59126.49958,59084.12787,44,60397.53838,58791.75827,5784.640184,1200,7575.376871,201.6408307,highs+presolve
2025-09-01,75571.2687,38.93701961,31.53898588,0,21989.73614,1200,1200,58705.8807,0,58705.8807,1200,1235.043318,31,13.26358891,kernel,116984.0762,58117.7981,58117.7981,23,58866.27514,58117.79803,3892.813308,3892.813308,3892.813308,58.43269729,highs+presolve
2025-09-02,74929.8726,753.4442396,610.2898341,0,20728.96234,1200,1200,58018.60656,0,58018.60656,1200,1878.099816,32,16.63464163,kernel,115520.003,57298.90727,57302.45781,25,58217.53399,57295.96512,4062.155806,3532.082083,4139.854346,68.15133436,highs+presolve
2025-09-03,74090.67745,331.14876,268.2304956,0,18480.04194,1200,1200,57334.8491,0,57334.8491,1200,1421.512628,33,15.00894684,kernel,114016.1121,56522.92613,56537.44226,32,57478.63188,56509.90258,4099.187669,2869.53043,4279.786239,55.32655295,highs+presolve
2025-09-04,72776.91579,894.5382757,724.5760033,0,18681.38797,1200,1200,56151.81399,0,56151.81399,1200,1653.691012,34,11.18652161,kernel,111688.8951,55260.81722,55285.56183,39,56402.75574,55186.73029,4594.790799,1794.504506,5012.26292,105.7331098,highs+presolve
2025-09-05,48371.8383,269.708288,218.4637133,0,41496.33205,1200,1200,35940.20846,0,35940.20846,1200,1433.703058,35,5.168812583,kernel,73797.09691,37143.37389,36302.98614,65,37494.1009,36251.33948,10089.11758,1200,10603.05049,425.0922921,highs+presolve
2025-09-06,39584.55255,1121.102692,908.0931803,0,31650.45934,1200,1200,29601.2934,0,29601.2934,1200,1530.9974,36,1.384618075,kernel,60788.76714,30643.51786,29795.37445,65,30993.38295,29777.46379,9963.515848,1200,10799.59565,567.7988903,highs+presolve
2025-09-07,70069.02011,1010.47369,818.4836892,0,14916.0465,1200,1200,53779.08589,0,53779.08589,1200,1964.761237,37,4.671403366,kernel,106829.7641,52854.2701,52671.87686,52,54148.76888,52349.55949,5807.39768,1200,7106.13986,177.8129815,highs+presolve
2025-09-08,63036.97625,5317.4595,4307.142195,0,2631.089412,1200,1200,49172.86117,0,49172.86117,1200,5102.693218,38,1.896669763,kernel,98936.88548,49450.30603,48928.09232,65,50008.78587,48780.93832,7765.437523,1200,10800,342.9400528,highs+presolve
2025-09-09,64976.02726,2286.943966,1852.424613,0,11438.67364,1200,1200,50698.07216,0,50698.07216,1200,2396.180401,39,3.296798138,kernel,101728.6479,50730.28638,50441.05554,61,51287.39696,50315.01855,6865.635924,1200,9914.579512,244.17464,highs+presolve
2025-09-10,65588.20923,1966.166191,1592.594614,1505.638366,5404.27737,1200,1200,51211.71581,6142.768955,57354.48477,1200,2163.119814,40,4.027508475,kernel,102580.7236,51139.98206,50897.60092,56,51683.09401,50841.00224,7813.998959,1200,9229.875879,196.1175908,highs+presolve
2025-09-11,67572.62112,1704.916097,1380.982039,0,13752.60128,1200,1200,52437.60299,0,52437.60299,1200,1700.734093,41,4.234683879,kernel,104302.0232,51896.17168,51628.57416,52,52673.44231,51571.31246,7213.907031,1200,8568.024893,107.8100419,highs+presolve
2025-09-12,43126.21159,1037.547979,840.4138628,0,31377.42128,1200,1200,31401.37643,0,31401.37643,1200,1762.636418,42,3.053086742,kernel,63360.67641,32059.19848,30884.39557,65,32476.27146,30800.9448,9637.379124,1200,10763.17118,327.3886526,highs+presolve
2025-09-13,40546.80829,1110.847731,899.7866622,0,32328.64574,1200,1200,30239.96246,0,30239.96246,1200,1755.849795,43,3.185676071,kernel,62661.30166,31625.51903,30688.78327,65,31972.50876,30629.50536,9868.301758,1200,10678.09715,600.1171052,highs+presolve
2025-09-14,67962.75519,2791.951769,2261.480933,0,7332.959603,1200,1200,52619.6553,0,52619.6553,1200,2615.724134,44,9.55530179,kernel,104977.808,52122.67437,51793.39667,51,53183.33963,51589.59902,6881.130387,1200,8310.49667,261.572624,highs+presolve
2025-09-15,67889.47478,2383.343299,1930.508072,0,12369.60892,1200,1200,52786.78755,0,52786.78755,1200,2546.58128,45,8.897816554,kernel,105291.764,52316.67046,52043.25136,51,53248.1957,51912.50208,6919.603373,1200,8224.637275,213.2284302,highs+presolve
2025-09-16,67629.69795,2206.351067,1787.144364,0,7718.721268,1200,1200,52614.72408,0,52614.72408,1200,2048.698602,46,9.640999984,kernel,104893.5461,52149.71499,51881.1582,52,53011.27465,51786.04199,7191.364499,1200,8423.045089,182.4005329,highs+presolve
2025-09-17,67575.1571,2643.645166,2141.352585,0,7112.74612,1200,1200,52788.12843,0,52788.12843,1200,2696.280701,47,9.504102222,kernel,105545.6708,52477.60582,52267.91755,50,53277.73761,52198.39471,7048.336419,1200,7968.635254,221.3499135,highs+presolve
2025-09-18,67657.45415,2192.499963,1775.92497,0,8284.828042,1200,1200,52795.50753,0,52795.50753,1200,2256.600488,48,10.05379159,kernel,105299.1435,52371.57461,52193.45458,50,53104.79957,52143.12418,7177.482065,1200,8236.446939,140.9928918,highs+presolve
2025-09-19,41094.8475,1160.02041,939.616532,0,24773.0913,1200,1200,30734.68004,0,30734.68004,1200,1538.25271,49,4.074504658,kernel,65071.77124,32968.92452,31668.52103,65,33403.24073,31539.29667,9735.271921,1200,10714.0825,857.6924469,highs+presolve
2025-09-20,40704.1935,1445.566749,1170.909067,11.47173333,24795.57382,1200,1200,30409.46387,24.3659616,30433.82984,1200,1735.330542,50,3.859048606,kernel,62783.74425,31655.4739,30842.61877,65,31941.11576,30789.2017,9957.206316,1200,10523.90414,501.0292357,highs+presolve
2025-09-21,67655.99462,1470.729108,1191.290577,0,9089.068602,1200,1200,52997.94168,0,52997.94168,1200,1849.218326,51,9.519699731,kernel,105908.6085,52684.44986,52509.21493,50,53399.35763,52446.82043,7149.41582,1200,8133.701195,181.2076538,highs+presolve
2025-09-22,67552.68669,3005.299581,2434.292661,0,6367.659884,1200,1200,52829.93028,0,52829.93028,1200,2478.496014,52,10.22200031,kernel,105438.8793,52434.10011,52268.41807,50,53169.47726,52216.77588,7315.619204,1200,8339.422982,154.8250914,highs+presolve
2025-09-23,67970.59733,3733.397759,3024.052185,0,5144.63617,1200,1200,53217.84723,0,53217.84723,1200,3148.591751,53,12.32830312,kernel,106356.8627,52871.82499,52701.36028,49,53655.26168,52631.82685,6950.026908,1200,7789.317453,200.9917764,highs+presolve
2025-09-24,68152.88245,2090.525744,1693.325852,753.1802086,7445.637671,1200,1200,53462.54508,2586.167211,56048.71229,1200,2508.960597,54,12.72295984,kernel,106868.5204,53134.54727,52990.59825,48,53877.12794,52925.3362,6643.976918,1200,7578.246617,192.1703136,highs+presolve
2025-09-25,68798.03499,2590.648329,2098.425146,0,7970.36291,1200,1200,53806.4935,0,53806.4935,1200,2146.821797,55,11.76265086,kernel,107297.2329,53286.42589,53126.99464,49,54168.73675,53083.74772,7034.679699,1200,7695.235081,168.2435976,highs+presolve
2025-09-26,43323.60558,569.3562603,461.1785708,0,25521.18439,1200,1200,31998.89477,0,31998.89477,1200,1518.784506,56,5.771483935,kernel,67277.02957,34133.81811,32632.72845,65,34644.29172,32448.59185,9657.038477,1200,10658.11601,789.429597,highs+presolve
2025-09-27,41385.42624,1878.691717,1521.740291,0,23227.17257,1200,1200,30988.68014,0,30988.68014,1200,1844.858865,57,5.656215938,kernel,65746.69742,33282.01289,32031.46286,65,33715.22496,31904.20683,9837.945614,1200,10686.65527,831.9587148,highs+presolve
2025-09-28,68692.65212,3226.549251,2613.504893,48.57333059,4640.551927,1200,1200,53781.22571,104.7761347,53886.00185,1200,2839.114187,58,10.92340782,kernel,107286.2539,53295.23498,53159.71937,48,54126.43078,53125.54977,7079.055621,1200,7775.83532,159.778575,highs+presolve
2025-09-29,68992.75154,2743.961024,2222.60843,0,5711.507348,1200,1200,54081.63044,0,54081.63044,1200,2501.146297,59,10.18286096,kernel,107794.6197,53586.03908,53480.39668,48,54314.21502,53449.45953,6784.091393,1200,7705.906187,107.9149321,highs+presolve
2025-09-30,69216.21667,4072.995295,3299.126189,520.4138019,3540.586596,1200,1200,54312.20904,1827.159813,56139.36885,1200,3160.058988,60,12.10396785,kernel,108283.1106,53828.77922,53713.14926,47,54569.60816,53669.95876,6582.758591,1200,7496.050095,119.6805454,highs+presolve
2025-10-01,69825.30049,208.1867822,168.6312936,0,20124.22347,1200,1200,55005.58281,0,55005.58281,1200,1270.132543,30,7.385504967,kernel,109629.3171,54494.67273,54494.67273,14,55134.64268,54494.67237,2724.658667,2724.658667,2724.658667,59.42855817,highs+presolve
2025-10-02,68829.33341,348.8787528,282.5917898,0,17032.26333,1200,1200,53989.89584,0,53989.89584,1200,1421.965429,31,13.16436841,kernel,107556.0945,53388.36908,53388.36908,20,54167.72302,53388.36885,3404.427001,3404.427001,3404.427001,58.07498104,highs+presolve
2025-10-03,40879.85354,434.9323614,352.2952128,0,32980.06269,1200,1200,30475.44194,0,30475.44194,1200,1522.506616,32,7.598350734,kernel,63293.15571,31917.52031,31091.92805,65,32201.21785,31026.43738,10027.06108,1200,10485.28325,485.1027702,highs+presolve
2025-10-04,40012.25334,1306.968336,1058.644352,250.8428481,26918.78977,1200,1200,29750.90936,788.3698969,30539.27926,1200,2043.628282,33,8.012389161,kernel,62408.75706,31468.89351,30608.56442,65,31800.18301,30521.08548,9867.496662,1200,10763.33013,573.8622165,highs+presolve
2025-10-05,67791.33879,1340.801808,1086.049464,0,12800.62538,1200,1200,53106.99703,0,53106.99703,1200,1967.008833,34,17.00141087,kernel,105890.4419,52547.18048,52546.79089,26,53343.64793,52546.45756,3989.623091,3260.401283,3999.646864,77.72659562,highs+presolve
2025-10-06,67404.71725,1791.281921,1450.938356,0,9331.264439,1200,1200,52853.44374,0,52853.44374,1200,2029.606593,35,16.41871783,kernel,105487.6001,52384.17708,52383.74454,25,53103.85257,52383.51278,3929.672606,3137.568157,3937.645547,77.58572536,highs+presolve
2025-10-07,67310.17122,1665.638341,1349.167056,465.8547166,9687.99165,1200,1200,52794.65243,1696.892505,54491.54494,1200,2331.98532,36,16.1080701,kernel,105381.0177,52359.36299,52359.03858,24,53021.97624,52358.83963,3790.399355,3076.187202,3798.01877,70.1821304,highs+presolve
2025-10-08,67551.90196,2195.283772,1778.179855,0,10656.30238,1200,1200,52708.21543,0,52708.21543,1200,2647.239878,37,15.91157304,kernel,104852.7658,52040.06639,52038.61116,22,52814.1517,52038.29882,3870.670342,2823.247358,3875.695368,42.47880108,highs+presolve
2025-10-09,67449.38584,1902.538962,1541.056559,0,11327.92176,1200,1200,52686.8552,0,52686.8552,1200,2425.319138,38,17.13205585,kernel,104850.1333,52088.74696,52088.06903,25,52762.06162,52087.7013,3600.006951,2684.606872,3608.55455,30.93202168,highs+presolve
2025-10-10,40271.71442,1388.60948,1124.773679,0,30664.2677,1200,1200,29872.53714,0,29872.53714,1200,2000.515794,39,7.54299613,kernel,60590.83077,30466.31112,29941.41253,64,30649.4085,29910.59275,9958.915383,1200,10767.99254,221.7142457,highs+presolve
2025-10-11,40246.2959,1366.436747,1106.813765,0,25880.35933,1200,1200,29771.95303,0,29771.95303,1200,2024.394273,40,9.131025944,kernel,61257.30937,30836.93674,30159.01408,64,31098.28568,30098.18623,9841.291419,1200,10782.02004,370.365513,highs+presolve
2025-10-12,67395.89379,2111.849105,1710.597775,0,8479.686472,1200,1200,52653.07905,0,52653.07905,1200,2428.741079,41,19.32147307,kernel,104777.9081,52061.83072,52061.21047,25,52716.69498,52060.75104,3557.422036,2621.32808,3567.236505,25.35808585,highs+presolve
2025-10-13,67429.52438,1897.222195,1536.749978,0,10041.65686,1200,1200,52754.5677,0,52754.5677,1200,2159.408134,42,19.93360959,kernel,105036.7789,52216.84399,52216.62042,24,52820.15602,52216.11942,3407.145286,2655.053573,3419.731727,24.12610679,highs+presolve
2025-10-14,67330.27856,2473.573855,2003.594823,1034.31422,7120.784469,1200,1200,52732.76321,3854.774491,56587.5377,1200,2385.660791,43,19.67226083,kernel,105062.8952,52252.3797,52252.22601,24,52810.66687,52251.6674,3300.755631,2590.302674,3313.951823,28.96432778,highs+presolve
2025-10-15,67527.76415,2352.506113,1905.529952,411.400707,5572.165042,1200,1200,52900.016,1216.013655,54116.02965,1200,2392.338778,44,20.52623229,kernel,105681.886,52428.07233,52427.58423,24,53254.29925,52423.2037,3455.42854,2640.90093,3472.432205,103.2963825,highs+presolve
2025-10-16,68216.78234,4502.29944,3646.862546,489.8494235,4884.721923,1200,1200,53311.3389,1513.220728,54824.55962,1200,3742.436346,45,20.14222874,kernel,106134.0683,52668.75289,52670.23354,23,53463.83247,52666.0786,3268.998725,2756.457747,3287.328516,53.05740468,highs+presolve
2025-10-17,40696.34036,877.1330611,710.4777795,0,24525.48576,1200,1200,30318.32799,0,30318.32799,1200,1760.66428,46,6.017822775,kernel,62613.54985,31520.6349,30849.0348,65,31764.50536,30788.13795,9918.706742,1200,10797.6306,393.8792533,highs+presolve
2025-10-18,40275.81022,991.6233843,803.2149413,0,24010.80851,1200,1200,29980.29841,0,29980.29841,1200,1523.237927,47,4.719757225,kernel,62305.1304,31355.88581,30694.11295,65,31611.00779,30625.8714,9896.456981,1200,10799.68803,440.0904522,highs+presolve
2025-10-19,68892.24288,5144.254232,4166.845928,0,4029.112043,1200,1200,53840.47619,0,53840.47619,1200,3993.504479,48,15.06008396,kernel,107095.624,53126.29191,53126.49189,17,53968.98521,53126.22869,3217.75177,3207.196829,3218.7628,49.83901964,highs+presolve
2025-10-20,69216.26388,2983.3172,2416.486932,893.318694,5101.969941,1200,1200,54130.3436,3610.075243,57740.41884,1200,3022.167179,49,13.27916901,kernel,107624.5349,53434.51874,53434.51874,17,54190.01407,53434.51786,3067.074693,3067.074693,3067.074693,26.34853469,highs+presolve
2025-10-21,70406.12362,3954.453717,3203.10751,0.5613047756,3192.757368,1200,1200,54810.96025,1.20708592,54812.16734,1200,3439.067251,50,10.78723411,kernel,108653.9119,53771.48556,53771.48556,22,54882.42357,53771.4851,3701.596807,3701.596807,3701.596807,28.65660529,highs+presolve
2025-10-22,70435.0735,3233.285919,2618.961594,692.8755646,4958.728042,1200,1200,55003.3845,2389.912459,57393.29696,1200,3333.113545,51,8.843739073,kernel,109163.9273,54140.07199,54140.07199,20,55023.85314,54140.07134,3194.992798,3194.992798,3194.992798,9.432125404,highs+presolve
2025-10-23,71255.15911,2162.573369,1751.684429,0,7464.773134,1200,1200,55583.59908,0,55583.59908,1200,2322.858494,52,8.330042534,kernel,110139.1782,54555.57233,54555.57233,17,55583.60332,54555.57202,3510.995696,3510.995696,3510.995696,0,highs+presolve
2025-10-24,40734.99308,1233.869976,999.4346805,234.1325926,22314.63966,1200,1200,30310.85744,693.238778,31004.09622,1200,1826.468028,53,4.150617257,kernel,66627.94202,33716.89879,32456.75554,65,34171.17688,32288.15874,9848.692569,1200,10776.42232,995.4831582,highs+presolve
2025-10-25,40912.27687,729.695555,591.0533996,0,21375.20198,1200,1200,30356.05696,0,30356.05696,1200,1387.499149,54,3.817029782,kernel,64037.89033,32285.54575,31435.98293,65,32601.89759,31353.19712,10023.60116,1200,10738.90519,585.0269453,highs+presolve
2025-10-26,70883.19513,2240.5868,1814.875308,0,5913.171624,1200,1200,55327.20084,0,55327.20084,1200,2130.360263,55,10.4125707,kernel,109785.7931,54357.53974,54357.53974,18,55428.25059,54357.53947,3655.514119,3655.514119,3655.514119,40.70422622,highs+presolve
2025-10-27,70687.20204,3774.958039,3057.716011,0,6417.378342,1200,1200,55285.42801,0,55285.42801,1200,3262.666852,56,10.76326594,kernel,109908.6701,54452.743,54452.743,32,55455.92448,54452.74276,3545.713474,3545.712836,3545.814572,56.97832298,highs+presolve
2025-10-28,70414.82713,3158.427896,2558.326596,194.174176,4036.478308,1200,1200,55246.1766,418.957416,55665.13402,1200,2765.87648,57,12.08696198,kernel,110194.2009,54615.40244,54615.40244,23,55578.7959,54615.40216,3545.763524,3545.763524,3545.763524,90.1354803,highs+presolve
2025-10-29,70801.98406,3934.340051,3186.815441,467.5118685,1209.714518,1200,1200,55501.45653,1597.530494,57098.98702,1200,3078.283221,58,12.83650571,kernel,110455.775,54789.62292,54789.62292,23,55666.14966,54789.62259,3384.384337,3384.384337,3384.384337,52.28980216,highs+presolve
2025-10-30,71456.09786,2429.679839,1968.040669,0,6206.641041,1200,1200,56030.24323,0,56030.24323,1200,2290.76874,59,11.76557133,kernel,111387.0318,55254.43948,55290.87755,34,56096.15214,55247.98431,3094.89757,2197.645478,3208.780779,26.72438385,highs+presolve
2025-10-31,41007.57196,1396.561465,1131.214787,0,16837.93321,1200,1200,30507.30525,0,30507.30525,1200,1736.276943,60,3.601968226,kernel,65640.63867,33170.90486,32106.05072,65,33534.57794,32022.16422,10214.57661,1200,10705.89691,776.1451737,highs+presolve
2025-11-01,40962.93692,1020.565805,826.6583025,0,18224.99098,1200,1200,30503.64394,0,30503.64394,1200,1399.086933,31,3.382427876,kernel,64169.01547,32288.29157,31582.55641,65,32586.44897,31532.39968,10278.33635,1200,10604.82774,530.9194383,highs+presolve
2025-11-02,71455.21841,3152.928141,2553.871794,139.1152328,2198.893368,1200,1200,56176.76512,301.5787572,56478.34388,1200,2572.81739,32,8.991499271,kernel,111766.5502,55530.7714,55547.9288,16,56218.61961,55525.00354,2793.35394,2353.410102,2855.750652,19.39361341,highs+presolve
2025-11-03,71850.75002,2268.333901,1837.35046,0,1914.836294,1200,1200,56608.66558,0,56608.66558,1200,2160.624034,33,8.576149794,kernel,112624.1556,56010.9388,56012.91342,14,56611.24066,56010.07302,2610.836704,2545.117558,2618.094163,1.385563302,highs+presolve
2025-11-04,72019.76291,1985.1743,1607.991183,2.213316667,4064.721073,1200,1200,56786.00663,4.7010846,56790.70772,1200,1986.856195,34,8.663577244,kernel,113049.154,56249.40902,56249.40902,15,56799.74349,56249.40863,2502.525904,2502.525904,2502.525904,6.535337801,highs+presolve
2025-11-05,72150.53719,2971.035348,2406.538632,35.97504838,1943.995455,1200,1200,56932.65622,76.89037775,57009.54659,1200,2379.10489,35,9.408004787,kernel,113352.9962,56412.46429,56412.46429,15,56940.53053,56412.46393,2458.283877,2458.283877,2458.283877,3.585303162,highs+presolve
2025-11-06,72276.5277,2164.070156,1752.896827,1334.186607,1829.956425,1200,1200,57082.75837,5775.529157,62858.28753,1200,2374.03195,36,10.23633348,kernel,113731.0225,56610.40294,56610.40294,15,57120.61817,56610.40253,2434.402593,2434.402593,2434.402593,17.67835881,highs+presolve
2025-11-07,41608.67448,760.7583723,616.2142815,508.0225487,18653.69116,1200,1200,31031.10935,1848.312143,32879.42149,1200,1628.379733,37,3.760343863,kernel,69015.72406,34906.77389,33600.1004,65,35415.61364,33489.85993,10221.74644,1200,10663.13011,1079.741261,highs+presolve
2025-11-08,42094.95502,559.7439602,453.3926077,50.34025,18247.73682,1200,1200,31232.75384,106.9048175,31339.65866,1200,1337.139068,38,4.310971096,kernel,66676.52882,33612.85432,32664.15543,65,34012.36329,32597.48705,10281.87974,1200,10637.93245,693.1901527,highs+presolve
2025-11-09,73695.45022,3785.526499,3066.276464,0,1629.383001,1200,1200,57877.78029,0,57877.78029,1200,3128.961635,39,10.15077592,kernel,115002.4015,56966.86556,57024.54697,21,57977.85208,56953.67149,3402.995954,2280.064533,3582.374151,41.61096431,highs+presolve
2025-11-10,73862.02014,3660.082133,2964.666527,711.9467656,20.10820289,1200,1200,58116.68868,2169.860522,60286.5492,1200,3286.247714,40,10.87168781,kernel,115578.7994,57281.00903,57361.90179,18,58213.39452,57260.89599,3199.344016,2312.151398,3476.038355,40.30145447,highs+presolve
2025-11-11,74606.65224,2867.404021,2322.597257,0,2502.825811,1200,1200,58714.594,0,58714.594,1200,2409.032265,41,10.56019445,kernel,116803.5556,57816.92603,57980.47082,17,58813.21746,57778.29937,3165.150237,1200,3690.735459,49.44275343,highs+presolve
2025-11-12,74580.12912,2403.693456,1946.991699,0,3167.43961,1200,1200,58872.88787,0,58872.88787,1200,2411.385924,42,10.72995392,kernel,117230.6966,58129.52074,58255.076,16,58974.99668,58098.1737,2924.177412,1200,3351.232378,47.06484737,highs+presolve
2025-11-13,74597.13697,2615.58824,2118.626475,0,1704.303884,1200,1200,58978.53652,0,58978.53652,1200,2827.742937,43,11.57133234,kernel,117448.6601,58290.83176,58380.35904,14,59067.85643,58265.28319,2898.101853,1200,3210.793697,41.78467621,highs+presolve
2025-11-14,42189.86829,1255.65797,1017.082956,0,14352.83798,1200,1200,31378.58292,0,31378.58292,1200,1872.269124,44,4.614082667,kernel,68011.88208,34334.03324,33261.48107,65,34750.3909,33187.04346,10294.47518,1200,10643.80251,824.9944189,highs+presolve
2025-11-15,42232.59919,1216.895456,985.6853194,0,13789.50214,1200,1200,31463.46052,0,31463.46052,1200,1686.980307,45,5.118797567,kernel,67305.70823,33910.42167,33020.91552,65,34284.78268,32952.60598,10229.83406,1200,10634.65206,689.0865397,highs+presolve
2025-11-16,74562.09676,3796.246496,3074.959661,603.2804463,9.545988548,1200,1200,59078.47817,1830.452837,60908.931,1200,2813.092147,46,11.34872664,kernel,117795.2643,58493.83499,58603.82826,17,59187.3349,58465.1748,2591.026634,1200,2941.360566,53.0988978,highs+presolve
2025-11-17,75342.42728,2484.730896,2012.632026,0,2174.574072,1200,1200,59643.25188,0,59643.25188,1200,2569.070944,47,11.59660584,kernel,118849.9555,58945.179,59109.5938,16,59734.00704,58904.73577,2692.749464,1269.119771,3221.570202,42.95600997,highs+presolve
2025-11-18,75277.49119,2841.675837,2301.757428,205.977691,52.99864181,1200,1200,59633.77016,602.4160863,60236.18624,1200,2897.530262,48,12.99250313,kernel,118841.6648,58975.96634,59126.11456,16,59710.00865,58933.40208,2615.530803,1232.928064,3139.923323,36.07659611,highs+presolve
2025-11-19,75797.77041,3343.680966,2708.381582,464.3340419,258.4934639,1200,1200,59971.28095,1506.528004,61477.80896,1200,2967.971275,49,13.40450933,kernel,119407.5187,59205.46628,59388.78682,23,60016.28556,59154.37349,2675.539006,1200,3282.057508,22.31624955,highs+presolve
2025-11-20,76203.33093,2984.926136,2417.79017,0,843.1189259,1200,1200,60327.24245,0,60327.24245,1200,3088.125691,50,13.63258365,kernel,120181.288,59562.9361,59769.34244,20,60396.88015,59506.0201,2710.086367,1309.472615,3440.091725,37.52787072,highs+presolve
2025-11-21,42764.26275,1204.472254,975.622526,95.67111726,13766.70007,1200,1200,32007.29296,206.7971574,32214.09012,1200,1559.116247,51,5.385212991,kernel,70902.00059,35818.29073,34601.85582,65,36300.13475,34501.38599,10221.63288,1200,10663.66735,1029.822179,highs+presolve
2025-11-22,43082.6058,1482.730793,1201.011943,0,12581.05747,1200,1200,32172.00636,0,32172.00636,1200,1599.691931,52,6.183515061,kernel,70610.98053,35634.56574,34492.90938,65,36118.06112,34398.56805,10221.26164,1200,10631.96861,947.4016578,highs+presolve
2025-11-23,76337.53733,2860.758861,2317.214677,869.0894007,1430.98626,1200,1200,60475.36152,2862.840877,63338.2024,1200,3103.820364,53,14.07863419,kernel,120516.5718,59730.34361,59958.68144,18,60531.15092,59669.37155,2602.501454,1386.267674,3419.106244,36.57865025,highs+presolve
2025-11-24,77050.45531,2560.342859,2073.877716,0,2402.04647,1200,1200,60876.48482,0,60876.48482,1200,2688.760423,54,15.06652194,kernel,121125.3627,59917.39064,60153.38809,21,60918.64864,59849.73783,3058.684492,1854.02742,3972.469605,42.14081603,highs+presolve
2025-11-25,77174.50863,3469.508547,2810.301923,0,346.6415424,1200,1200,60982.52325,0,60982.52325,1200,3078.06679,55,15.94413334,kernel,121309.5848,60025.66699,60238.71783,19,61010.36264,59960.19481,3079.740726,1960.228617,3961.881246,38.90821888,highs-no-presolve
2025-11-26,77306.51739,3388.490536,2744.677334,345.9639126,251.0012207,1200,1200,61135.12575,1095.149086,62230.27484,1200,3587.258891,56,16.63446848,kernel,121668.8895,60223.09134,60464.48395,20,61186.79205,60146.70139,2910.659514,1200,3813.936477,30.82382732,highs+presolve
2025-11-27,77930.51748,3123.061344,2529.679689,0,1556.243091,1200,1200,61502.83788,0,61502.83788,1200,2997.011972,57,17.22758392,kernel,122245.8458,60422.81009,60683.70069,22,61515.57934,60338.59269,3156.472785,1200,4149.548068,27.08072025,highs+presolve
2025-11-28,43399.11557,1342.249221,1087.221869,0,12222.84967,1200,1200,32457.25634,0,32457.25634,1200,1681.816303,58,6.684544063,kernel,71590.56897,36151.70471,34965.8531,65,36624.70585,34867.88793,10214.23147,1200,10624.49958,991.9680326,highs+presolve
2025-11-29,43673.40597,1568.852994,1270.770925,0,8445.873801,1200,1200,32716.26799,0,32716.26799,1200,1655.246656,59,7.522530704,kernel,72217.18017,36452.99901,35256.04808,65,36961.12209,35152.40747,10197.39572,1200,10629.50816,1012.733221,highs+presolve
2025-11-30,77996.94461,2838.569541,2299.241328,2792.142702,4.930978081,1200,1200,61669.23433,10025.69655,71694.93088,1200,3562.595331,60,16.54396806,kernel,122633.347,60664.1524,60929.95284,19,61658.3235,60588.24611,2883.485021,1200,3826.668051,15.57455682,highs+presolve
2025-12-01,90756.06759,6291.29058,5095.94537,0,3261.794644,1200,1200,68835.84572,0,68835.84572,1200,5041.437088,54,27.88734241,kernel,135225.993,65823.52441,66135.2683,41,68976.84758,64701.33487,7475.420514,1200,10783.67207,114.2811933,highs+presolve
2025-12-02,91245.37706,6697.768589,5425.192557,0,1334.991075,1200,1200,69678.73253,0,69678.73253,1200,6213.912834,55,28.0779397,kernel,137279.8478,66831.95136,67460.50293,51,69655.50294,65885.53666,6258.097771,1200,10799.18174,61.93681354,highs+presolve
2025-12-03,91399.52798,4009.505623,3247.699554,0,3474.973347,1200,1200,70179.41029,0,70179.41029,1200,3662.782278,56,28.08317903,kernel,138628.5048,67625.75824,68341.55517,47,70086.91194,66832.38926,5258.020482,1200,9931.073282,47.95864067,highs+presolve
2025-12-04,91394.57731,3707.714088,3003.248411,0,3918.902884,1200,1200,70356.58304,0,70356.58304,1200,3205.082751,57,28.10830556,kernel,139201.3145,68008.14231,68737.78768,45,70273.70256,67279.32839,4746.52794,1200,9260.137902,47.39849927,highs+presolve
2025-12-05,49694.11415,1662.748459,1346.826252,0,8066.564256,1200,1200,36611.94277,0,36611.94277,1200,2079.790254,58,11.22026652,kernel,76873.65276,38698.13212,37794.33361,63,39079.09282,37555.08013,8164.605055,1200,10759.7085,588.9839549,highs+presolve
2025-12-06,49882.53557,2049.014843,1659.702023,7.676683333,5836.268617,1200,1200,36902.03243,16.3052754,36918.3377,1200,1820.203676,59,11.10926825,kernel,78200.96897,39313.24752,38513.88398,63,39686.709,38222.00678,7873.079487,1200,10761.66248,656.4138755,highs+presolve
2025-12-07,92100.95775,3016.618993,2443.461384,0,3875.118888,1200,1200,71231.94215,0,71231.94215,1200,3074.670012,60,26.36229647,kernel,140910.4255,69006.75257,69651.46749,37,70950.87537,68570.35469,4146.406627,1200,7494.596297,12.03801528,highs+presolve
2025-12-08,92073.51869,2358.009455,1909.987659,0,3778.285775,1200,1200,71644.56295,0,71644.56295,1200,2652.794977,61,24.51107274,kernel,142072.4117,69820.59137,70395.40318,34,71439.08129,69474.97337,3548.812423,1200,6423.531787,14.56235499,highs+presolve
2025-12-09,92176.86181,2401.591481,1945.2891,0,4332.10516,1200,1200,71777.96174,0,71777.96174,1200,2560.227867,62,24.57987998,kernel,142311.6196,69986.184,70512.56227,32,71531.91975,69670.9477,3493.364335,1200,6174.451297,9.433783878,highs+presolve
2025-12-10,92033.70788,2937.518198,2379.38974,0,3087.96096,1200,1200,71673.70116,0,71673.70116,1200,2953.148399,63,26.28607924,kernel,142117.9873,69892.09556,70415.42218,33,71436.81765,69547.23378,3502.981922,1200,6341.199714,12.92310418,highs+presolve
2025-12-11,92021.50635,971.7507705,787.1181241,0,5875.619,1200,1200,71732.23789,0,71732.23789,1200,1438.46473,64,26.53126749,kernel,142309.9225,70038.40829,70549.86919,33,71503.82929,69701.88068,3343.611598,1200,6119.299062,12.44552786,highs+presolve
2025-12-12,51764.42847,519.3640654,420.684893,0,7951.335817,1200,1200,38382.44694,0,38382.44694,1200,1308.631905,65,11.18647262,kernel,87825.94344,44150.0906,42961.06566,65,44741.51769,42280.49819,7774.520576,1200,10795.45369,1527.05201,highs+presolve
2025-12-13,52902.20571,420.0904627,340.2732748,0,9023.855142,1200,1200,38990.38336,0,38990.38336,1200,1287.703118,66,11.73725271,kernel,89365.68039,44872.73689,43563.55424,65,45546.80233,42925.17018,8157.430622,1200,10797.34311,1625.989839,highs+presolve
2025-12-14,92084.189,2793.091313,2262.403963,0,2774.779847,1200,1200,71784.76275,0,71784.76275,1200,2597.50767,67,26.54998388,kernel,142362.2207,70061.27488,70556.15187,32,71528.58728,69749.47472,3382.517459,1200,6048.337774,9.417605616,highs+presolve
2025-12-15,92199.6492,3090.652844,2503.428803,0,2142.867193,1200,1200,71908.27265,0,71908.27265,1200,3127.844206,68,26.59281773,kernel,142566.7706,70190.63816,70647.3089,32,71604.13374,69904.76304,3355.048661,1200,5873.930461,4.807269218,highs+presolve
2025-12-16,92204.96311,2894.824376,2344.807744,0,2236.855145,1200,1200,71945.41538,0,71945.41538,1200,2987.36426,69,27.33572511,kernel,142678.609,70277.23111,70724.38548,31,71641.56756,69992.04462,3261.141579,1202.075027,5738.328397,3.841969373,highs+presolve
2025-12-17,92173.35434,1572.017333,1273.33404,0,3682.823985,1200,1200,71974.94165,0,71974.94165,1200,1684.125995,70,28.09000967,kernel,142794.7484,70371.61097,70808.97394,29,71676.08314,70087.09719,3149.632695,1200.687171,5621.767038,4.653540558,highs+presolve
2025-12-18,92052.26915,1922.525874,1557.245958,0,4320.722266,1200,1200,71881.63628,0,71881.63628,1200,2389.909278,71,29.52139183,kernel,142657.7171,70316.46367,70757.02998,30,71612.08286,70009.18916,3116.187142,1202.326658,5701.51889,8.699951124,highs+presolve
2025-12-19,51726.88044,755.4192335,611.8895791,0,8674.959486,1200,1200,38444.94687,0,38444.94687,1200,1495.621345,72,12.44821669,kernel,88123.65239,44253.57011,43207.18047,65,44805.5556,42423.92747,7204.861633,1200,10789.1207,1523.658034,highs+presolve
2025-12-20,51458.19118,895.3801018,725.2578824,0,8431.716714,1200,1200,38324.25782,0,38324.25782,1200,1657.063812,73,13.50494403,kernel,87546.01182,43950.93287,42979.44579,65,44491.92261,42190.69901,7026.26527,1200,10790.37237,1466.643835,highs+presolve
2025-12-21,91959.29179,3117.238572,2524.963243,0,2329.234599,1200,1200,71831.84903,0,71831.84903,1200,2803.258834,74,31.10988123,kernel,142597.3485,70289.55906,70740.81557,32,71585.02915,69971.5601,3088.344335,1208.003389,5761.258339,11.22170971,highs+presolve
2025-12-22,91968.20508,1963.372485,1590.331713,0,2657.737228,1200,1200,71892.5,0,71892.5,1200,1971.667709,75,31.28540404,kernel,142759.4428,70405.26858,70842.65581,30,71641.12563,70096.10521,2988.44413,1207.267338,5618.136775,11.11670583,highs+presolve
2025-12-23,91943.96726,1039.932499,842.3453241,0,4488.287551,1200,1200,71903.22011,0,71903.22011,1200,1531.68729,76,32.27937414,kernel,142802.2701,70450.11896,70874.71523,30,71655.70975,70139.69389,2948.86406,1206.663303,5561.585222,11.12491521,highs+presolve
2025-12-24,91914.17173,2008.712774,1627.057347,0,3677.95699,1200,1200,71854.14129,0,71854.14129,1200,2211.651015,77,33.90272241,kernel,142664.528,70375.1372,70785.66858,31,71597.32077,70056.31758,3018.326829,1202.077811,5668.249932,11.31416811,highs+presolve
2025-12-25,91903.97441,1650.328796,1336.766325,0,3777.963405,1200,1200,71842.11945,0,71842.11945,1200,1735.725034,78,35.29067156,kernel,142614.8802,70351.0186,70749.58569,33,71573.20875,70027.49415,3046.888002,1200.102,5709.267955,10.5538775,highs+presolve
2025-12-26,51283.36691,651.4552824,527.6787787,0,8151.967974,1200,1200,38224.22085,0,38224.22085,1200,1537.917808,79,14.54910886,kernel,86614.70363,43493.25359,42566.86241,65,43977.20275,41824.92125,6964.194884,1200,10787.16292,1366.956381,highs+presolve
2025-12-27,50821.58738,569.9803109,461.6840518,0,7374.48205,1200,1200,38035.6197,0,38035.6197,1200,1263.340462,80,15.28219864,kernel,85982.89927,43163.76562,42357.00131,65,43620.51693,41578.52163,6539.636732,1200,10782.17437,1305.399769,highs+presolve
2025-12-28,91885.0807,1130.206582,915.4673311,0,4861.086698,1200,1200,71881.81217,0,71881.81217,1200,1739.60522,81,35.00980065,kernel,142739.9872,70436.40301,70834.34206,30,71624.32262,70127.7659,2966.10348,1200,5567.622571,10.91341583,highs+presolve
2025-12-29,91876.27801,1340.747831,1086.005743,0,4097.769655,1200,1200,71853.27288,0,71853.27288,1200,1721.753127,82,36.42919926,kernel,142647.5138,70386.48259,70770.66477,32,71582.88069,70074.79244,3017.526221,1200,5639.252807,10.79764587,highs+presolve
2025-12-30,91869.24324,1112.347044,901.0011055,0,5433.494698,1200,1200,71802.77633,0,71802.77633,1200,1884.516094,83,38.11506617,kernel,142502.2328,70301.58665,70677.14476,32,71518.31267,69980.94875,3082.919351,1200.102,5736.093382,10.27432263,highs+presolve
2025-12-31,91874.12517,2508.050703,2031.521069,0,2751.172602,1200,1200,71764.43666,0,71764.43666,1200,2413.543835,84,40.07633443,kernel,142361.627,70214.01263,70576.33105,34,71458.86847,69887.36998,3181.906218,1200,5862.442379,9.603471533,highs+presolve
