date,es_equal,es_legacy,es_revised,pool_size,k_eff_legacy,k_eff_revised,improvement_revised_vs_equal_pct,improvement_revised_vs_legacy_pct,improvement_legacy_vs_equal_pct
2025-02-01,2678.05216,1720.406234,628.2242353,24,6.306281725,1.183052796,76.54174759,63.4839596,35.75904684
2025-02-02,714.8465792,816.1319893,531.8542515,25,6.033014051,5.189447041,25.59882541,34.83232389,-14.1688319
2025-02-03,648.3661837,440.7151967,352.2398191,26,5.438735641,3.706559377,45.67270349,20.07540886,32.02680711
2025-02-04,575.2210431,1356.591343,333.1054692,27,7.282352527,3.906985466,42.09087564,75.44540801,-135.8382676
2025-02-05,580.0157225,725.1762509,319.1391725,28,14.47091668,4.652718053,44.97749629,55.99150247,-25.02699888
2025-02-06,569.291069,558.0997233,299.4368256,29,11.25605262,6.405470468,47.40180517,46.34707506,1.965838978
2025-02-07,2959.327315,3092.655497,640.450488,30,10.79413835,2.630679646,78.35824092,79.29124377,-4.505354346
2025-02-08,2790.766029,1998.789803,535.2765499,31,6.781856795,2.548532372,80.81972676,73.21996794,28.37845301
2025-02-09,645.5889751,414.2571428,324.1618847,32,5.509216342,5.966575633,49.78819386,21.74863119,35.83268011
2025-02-10,814.5101837,761.3486664,726.9429389,33,6.221380195,6.908601268,10.75090853,4.519050082,6.526808175
2025-02-11,698.529409,1134.822467,411.7881309,34,7.790455615,6.551362381,41.04927787,63.71343157,-62.45879585
2025-02-12,694.0366267,797.7238499,350.2982002,35,11.28901158,6.397616284,49.52741877,56.08778649,-14.93973362
2025-02-13,903.7856877,838.6315049,623.7995749,36,11.75844849,5.77501133,30.97925942,25.61696392,7.209030164
2025-02-14,2909.204972,2644.508411,555.7265365,37,12.37521497,2.575405224,80.89764929,78.98563929,9.098587534
2025-02-15,2832.3639,1947.824468,371.9326028,38,8.256912214,1.820208055,86.86847397,80.90522997,31.22972411
2025-02-16,706.5700917,494.369546,406.3369951,39,7.03841052,6.007248874,42.49162258,17.80703354,30.03248343
2025-02-17,842.6559879,795.8340555,493.264849,40,8.021826479,7.986863545,41.46308149,38.01913281,5.556470624
2025-02-18,754.8432385,1093.211803,342.3225632,41,9.481953295,7.557415071,54.64984705,68.68652879,-44.82633577
2025-02-19,744.5631906,756.2616738,361.4213903,42,13.35759064,7.722967903,51.45860085,52.20947949,-1.571187425
2025-02-20,790.7943292,714.4620401,403.8379618,43,14.22137731,7.796786083,48.93261789,43.47663849,9.652609573
2025-02-21,3130.972396,2751.554525,554.9507371,44,15.07135568,2.706965785,82.27545098,79.83137416,12.11821193
2025-02-22,2774.468501,1782.182066,329.0668093,45,10.17928061,3.573249113,88.13946494,81.53573556,35.76491985
2025-02-23,755.7871737,622.3364026,379.6062856,46,8.842710535,9.359203993,49.77338875,39.00304016,17.65718918
2025-02-24,871.6179628,820.5165684,486.4640697,47,9.874685249,10.19527029,44.18838408,40.71246232,5.862820242
2025-02-25,1014.05536,1112.172112,690.593243,48,11.39991919,10.52942206,31.89787555,37.90590185,-9.675680112
2025-02-26,801.2617,777.2940309,355.0016225,49,15.99112976,9.618092306,55.69467223,54.32852841,2.991241082
2025-02-27,905.0020857,785.1474619,505.8237651,50,16.84666184,9.703443685,44.10800007,35.5759536,13.24357432
2025-02-28,3160.633425,2707.787122,577.8595232,51,17.72051661,3.924866858,81.71697108,78.65934444,14.32770718
2025-03-01,2456.317335,1723.831352,465.157505,28,8.310928919,3.597924448,81.06280902,73.01606655,29.82049479
2025-03-02,910.5907166,670.8474983,827.2369697,29,7.919038709,8.936765061,9.15381031,-23.31222399,26.32831786
2025-03-03,701.9143512,418.3603253,478.688516,30,7.129779685,11.56355504,31.80243214,-14.42015102,40.39724013
2025-03-04,616.2752659,1252.946232,362.6585088,31,8.757031662,13.12947272,41.15316177,71.05554096,-103.3095113
2025-03-05,660.104223,776.6771458,495.5822463,32,14.01151452,14.04316997,24.92363644,36.19198801,-17.65977534
2025-03-06,653.9569606,628.3069186,449.0206457,33,12.02118025,14.29041677,31.33789028,28.53482391,3.922282886
2025-03-07,2776.045551,2695.060827,661.3237036,34,11.81068372,5.248016128,76.17749091,75.4616409,2.917269268
2025-03-08,2812.955879,2169.284346,503.1720133,35,8.347257021,5.715796066,82.11233895,76.80469994,22.88238993
2025-03-09,767.198877,980.4160318,611.7887223,36,6.970378647,12.89755277,20.2568277,37.59906994,-27.79164064
2025-03-10,712.4136643,521.5108431,493.5521269,37,7.690752892,11.74796499,30.72113133,5.361099691,26.79662545
2025-03-11,705.6910392,1152.260754,482.0897347,38,9.13258962,12.48786439,31.68543911,58.16140286,-63.28119384
2025-03-12,739.2225753,740.4800906,519.0620944,39,12.29562645,12.63865432,29.78270527,29.90195132,-0.1701132184
2025-03-13,772.9466653,892.1804392,584.3579755,40,12.90492307,12.54300922,24.39866789,34.50226548,-15.42587337
2025-03-14,3095.943268,2816.250016,708.1683209,41,13.64538444,5.475665183,77.12592707,74.85420978,9.034185335
2025-03-15,2580.606741,1716.841702,569.0312784,42,9.744705198,5.792984498,77.94970968,66.85592634,33.47139357
2025-03-16,735.9699321,774.9952011,490.2506414,43,8.767355342,14.10356743,33.38713716,36.74146101,-5.30256295
2025-03-17,916.0911789,1108.345302,809.4200433,44,9.648327269,13.63072765,11.64416142,26.97040877,-20.98635237
2025-03-18,692.6171674,1059.190417,442.4272532,45,10.79008613,12.21904403,36.12239574,58.22967749,-52.92581052
2025-03-19,755.2508052,761.4319911,478.5110324,46,14.45446433,11.41647343,36.64210232,37.15643183,-0.8184282433
2025-03-20,653.4157351,634.4993095,325.7842749,47,15.2049874,11.02660819,50.14134839,48.65490474,2.895006128
2025-03-21,3365.091391,2961.464681,859.1343085,48,16.04492943,5.408683269,74.4692132,70.98954736,11.99452447
2025-03-22,2812.419539,1922.788734,423.9429529,49,11.49417538,5.464399963,84.92604154,77.95166232,31.63222246
2025-03-23,836.3996778,905.781331,591.54078,50,10.42127912,11.90450551,29.27534578,34.69276085,-8.295274983
2025-03-24,791.8549613,802.2084508,471.2456664,51,11.43062449,10.82467826,40.48838621,41.25645698,-1.307498214
2025-03-25,723.7857591,1083.444413,420.2420634,52,12.59706806,12.38108594,41.93833492,61.21240202,-49.69131401
2025-03-26,904.2973306,846.3499801,659.2463564,53,17.16128252,12.88556861,27.09849581,22.10712213,6.407997516
2025-03-27,747.3448559,692.7910272,402.1645055,54,18.06084268,12.58815289,46.18755956,41.95009899,7.299686126
2025-03-28,3270.300238,2799.344625,596.9721466,55,19.04755299,5.170440917,81.74564709,78.67457471,14.40099009
2025-03-29,3544.776982,2644.23652,763.1104894,56,13.4502469,5.522490021,78.4722567,71.14061152,25.40471423
2025-03-30,859.8858721,941.2417417,506.8207777,57,12.31773152,11.42360066,41.05952963,46.15402662,-9.461240399
2025-03-31,812.61064,727.1930232,500.5101912,58,13.33689022,11.21560788,38.40713295,31.17230568,10.51150607
2025-04-01,759.9258482,1315.114705,646.865007,31,9.424682827,7.574699714,14.87787808,50.81303521,-73.05829356
2025-04-02,761.7704645,920.8356204,586.8251856,32,12.25864499,9.955227906,22.9656159,36.27253632,-20.8809823
2025-04-03,666.5700022,689.5415998,460.8431945,33,11.87756335,12.53059098,30.86349626,33.16673068,-3.446239339
2025-04-04,3147.104506,3170.074329,585.9214088,34,12.1521872,4.373110871,81.38220679,81.51710818,-0.7298716253
2025-04-05,2465.400337,1957.366125,576.1937149,35,9.121059811,4.442887292,76.6287971,70.56280338,20.60656048
2025-04-06,675.5818128,660.9581247,428.0732189,36,10.18478478,10.68685242,36.63636131,35.23444181,2.16460653
2025-04-07,784.2233397,729.281378,617.0430439,37,9.841630294,11.36356786,21.31794443,15.39026465,7.005907489
2025-04-08,714.7622656,1198.542923,488.1496617,38,9.6009803,12.46732365,31.70461211,59.27140761,-67.68413512
2025-04-09,644.1960602,804.8991797,444.402393,39,12.84935792,12.20812502,31.0144193,44.78781887,-24.94630586
2025-04-10,705.6543464,745.165226,500.7383439,40,13.53415578,14.09104102,29.03914694,32.80170272,-5.599183205
2025-04-11,3109.100699,2911.280069,544.681289,41,14.30572432,5.118456781,82.48106634,81.29065991,6.362631809
2025-04-12,2629.484159,1904.147399,588.3500943,42,10.32564658,6.033245976,77.62488539,69.10165177,27.58475487
2025-04-13,660.3191418,528.7275412,393.2324863,43,10.27488757,13.18584219,40.44811646,25.6266308,19.92848491
2025-04-14,694.0340414,569.4524487,465.9496914,44,10.91503781,14.17348927,32.86356813,18.17583848,17.95035766
2025-04-15,819.3617676,1150.110725,688.9945266,45,11.18311404,15.44869139,15.91082794,40.09320046,-40.36665739
2025-04-16,638.8434991,770.6892224,385.666661,46,15.22083683,15.22324384,39.63049454,49.95821275,-20.63818815
2025-04-17,636.3537041,690.6287689,386.5923719,47,16.07485731,16.00888402,39.24882193,44.02312945,-8.529071875
2025-04-18,2828.332527,2583.638462,411.8806881,48,16.99205997,5.981744463,85.43733157,84.05811439,8.651530985
2025-04-19,2686.820818,1859.749306,375.3422307,49,12.05041208,7.247524031,86.03024704,79.81758996,30.78253326
2025-04-20,686.1224692,512.7412507,429.0954354,50,11.68169873,16.93195549,37.46080989,16.31345542,25.26971878
2025-04-21,836.9074749,839.8886885,709.4157869,51,12.51560118,17.45809319,15.23366583,15.53454683,-0.3562178314
2025-04-22,680.6952456,1095.146367,415.6408713,52,13.05330447,16.72425554,38.93877268,62.0470027,-60.88644288
2025-04-23,707.744788,813.4383284,450.6426114,53,17.91557362,17.98367065,36.3269615,44.60027323,-14.93384934
2025-04-24,839.5215033,853.0444157,697.1410582,54,18.82450459,17.96141731,16.9597139,18.27611255,-1.61078809
2025-04-25,3115.958153,2770.282095,628.967631,55,19.80232831,6.500087882,79.81463164,77.2958995,11.09373236
2025-04-26,3301.358476,2452.501604,932.6837181,56,13.97482284,6.368485569,71.74848703,61.97010772,25.7123508
2025-04-27,774.2911411,687.2749545,541.7763262,57,13.48018442,14.8973089,30.02937818,21.17036673,11.23817412
2025-04-28,846.293408,666.2102096,719.3376087,58,14.36498442,15.47602562,15.00139291,-7.974569951,21.27905012
2025-04-29,793.9569183,1042.248863,599.512563,59,14.96235817,20.7435446,24.49054235,42.47894298,-31.27272266
2025-04-30,822.7934096,867.9889155,636.3382824,60,20.87224716,21.69250819,22.66123246,26.68820177,-5.492934844
2025-05-01,756.4356225,886.2318673,591.8621994,30,13.15326601,9.46355995,21.75643481,33.21587485,-17.15892813
2025-05-02,1857.358664,1865.854916,1248.362524,31,12.71607543,2.498491897,32.78828972,33.09434118,-0.4574373265
2025-05-03,2145.176597,1495.098303,537.8523171,32,9.929588374,5.949359749,74.92736412,64.02562186,30.30418543
2025-05-04,857.294621,704.8746293,627.1656824,33,8.864080417,16.76637727,26.84362329,11.02450615,17.77918442
2025-05-05,812.9973319,502.4879162,489.4552908,34,7.870865039,17.58755304,39.79619963,2.593619678,38.1931654
2025-05-06,767.4973955,1535.23175,526.9852908,35,9.575339688,17.23446726,31.33718839,65.67389317,-100.0308743
2025-05-07,703.2823917,923.5123588,399.3938167,36,12.72387947,17.52716152,43.21003605,56.75273721,-31.31458568
2025-05-08,836.4149309,924.4352278,550.123018,37,12.76832536,19.49643942,34.22845556,40.49090715,-10.52352052
2025-05-09,2166.85987,2159.260304,397.7814784,38,13.27156165,8.142201567,81.6424918,81.57788213,0.3507179519
2025-05-10,1907.454928,1273.541282,604.0422391,39,9.774524068,8.190637525,68.33255506,52.56987364,33.2334797
2025-05-11,846.2388803,554.0426821,504.4068844,40,8.309923702,21.17078497,40.39426737,8.958840048,34.528808
2025-05-12,889.4901457,639.7881624,727.0145825,41,8.997442573,21.38040604,18.26614539,-13.63364082,28.0724845
2025-05-13,684.6153185,1403.1652,383.2115087,42,10.37163121,22.35129784,44.02527984,72.68949452,-104.9567343
2025-05-14,681.8659478,833.9203613,395.046227,43,14.22890285,21.6688441,42.06394552,52.62782332,-22.29975174
2025-05-15,665.4744087,746.9479984,412.1578387,44,15.04244818,20.91436363,38.06556145,44.82107997,-12.24293356
2025-05-16,2708.515531,2620.79226,703.3253358,45,16.09081442,8.114690565,74.03281141,73.16363657,3.238795194
2025-05-17,2103.432148,1410.320152,699.5568743,46,11.18930142,8.861106529,66.74212311,50.39729998,32.95147871
2025-05-18,847.7782154,534.1947044,551.8794843,47,9.828077014,22.01695505,34.90284673,-3.310549455,36.98886163
2025-05-19,727.55128,705.5230357,631.9297002,48,10.66515805,22.43522321,13.14293334,10.43103226,3.027723949
2025-05-20,865.8582329,1487.209969,586.9852904,49,12.03681915,22.56561774,32.20769081,60.53110841,-71.76137069
2025-05-21,765.1998086,882.4709366,561.6488271,50,16.79165519,22.46929279,26.60102358,36.3549774,-15.32555637
2025-05-22,609.3165665,681.5902641,356.9595465,51,17.79794067,21.64674555,41.41640551,47.62842644,-11.86143649
2025-05-23,2322.649415,2165.534758,421.6463905,52,18.80523346,9.505039674,81.84631793,80.52922545,6.764458563
2025-05-24,2504.444364,1776.046109,554.0214607,53,12.98463774,10.17679031,77.87846803,68.8059078,29.08422585
2025-05-25,673.8042356,505.3940759,454.3697155,54,11.65478836,21.02727119,32.56650945,10.09595538,24.9939301
2025-05-26,894.9514553,602.6079059,629.4491886,55,12.57686167,18.04407024,29.66666685,-4.454186947,32.66585553
2025-05-27,690.1965302,1187.368388,469.8755417,56,13.98713336,23.74879678,31.92148595,60.42714744,-72.0333755
2025-05-28,840.7919361,968.6987565,605.9529606,57,19.94134226,23.70582407,27.93068837,37.44670812,-15.21266021
2025-05-29,763.109849,851.7454817,482.9505274,58,20.98999456,28.10344594,36.71284311,43.29872741,-11.61505553
2025-05-30,2265.310566,2105.411182,485.3964414,59,21.65719361,10.87039165,78.57263156,76.94529005,7.0586076
2025-05-31,2118.072489,1329.9659,468.9835377,60,14.91191371,12.25291176,77.85800344,64.73717576,37.20866936
2025-06-01,2201.992515,1721.44233,1726.697305,31,8.136426466,15.74234225,21.58477866,-0.3052658232,21.82342503
2025-06-02,1830.963352,1165.506037,1387.515195,32,8.468049804,4.882773266,24.21939009,-19.04830612,36.34465506
2025-06-03,1578.386478,2268.13947,781.8278874,33,16.08514497,2.436700095,50.46663803,65.52999065,-43.69987969
2025-06-04,1675.657414,2002.894881,897.8221449,34,13.15545794,1.028496476,46.41970743,55.17377605,-19.52890037
2025-06-05,1704.224028,1086.282706,675.6549989,35,5.45912483,1.228512026,60.35409736,37.8011824,36.259395
2025-06-06,1306.152454,1990.873435,3361.458629,36,5.803809738,1.826765242,-157.3557641,-68.84341164,-52.42274576
2025-06-07,1235.45323,1285.198135,815.8058459,37,14.95274612,1.006129886,33.96707975,36.5229513,-4.026449872
2025-06-08,1309.406544,1106.999361,886.8578456,38,14.87625487,1.601002461,32.27024491,19.88632727,15.45793273
2025-06-09,1631.602907,1111.215038,823.569859,39,10.64906292,1.456713088,49.5238789,25.88564494,31.89427195
2025-06-10,1660.192781,1946.943639,584.7112174,40,12.41120926,2.828209386,64.78052284,69.96773785,-17.27214216
2025-06-11,2062.403563,1564.773643,867.5216282,41,6.974429669,3.936448329,57.93637851,44.5592893,24.12863947
2025-06-12,1677.634807,962.2346406,492.9882474,42,7.962669506,4.513815731,70.61409042,48.7663168,42.64337884
2025-06-13,1297.676111,1921.262561,736.97206,43,9.157236527,2.412363223,43.20832033,61.64126263,-48.05409031
2025-06-14,1484.158929,1394.489564,788.643882,44,12.46851605,2.552994169,46.86257203,43.44569494,6.041763024
2025-06-15,1539.666512,936.0404067,488.9231996,45,10.49724494,6.43855464,68.24486369,47.76687031,39.20499021
2025-06-16,1589.598797,845.758351,407.4960267,46,10.86182872,7.241010064,74.36485059,51.81885864,46.79422554
2025-06-17,1833.441975,2098.621577,614.3298911,47,12.50489174,8.390494756,66.49308243,70.72698109,-14.46348484
2025-06-18,1375.192878,961.6367858,409.6611486,48,10.47788413,8.961668654,70.21064062,57.39959674,30.07258828
2025-06-19,1154.428505,822.6652292,572.5706306,49,11.70319151,10.29057588,50.4022442,30.40053107,28.73831286
2025-06-20,1663.49736,2215.483929,613.0776379,50,12.83601255,4.59040168,63.14525934,72.32759715,-33.18229307
2025-06-21,1840.611583,1707.363385,937.8522682,51,13.30982356,6.289809214,49.04670399,45.07014285,7.239343674
2025-06-22,1246.611265,618.2798485,516.9124192,52,11.67469973,15.81461102,58.53459425,16.39507248,50.40315567
2025-06-23,1147.404074,518.9343109,481.4369765,53,12.4964192,16.58161963,58.04120036,7.225834502,54.7731856
2025-06-24,1825.909432,2053.51919,812.1977008,54,13.91275066,17.97101165,55.51818253,60.44849715,-12.46555571
2025-06-25,1317.200459,1036.903515,541.0531513,55,14.32841952,16.742108,58.92400828,47.82029926,21.27974838
2025-06-26,1069.634181,832.8745353,580.3034933,56,15.44287178,17.28494061,45.74748044,30.32522082,22.13463725
2025-06-27,1840.904231,2313.608412,623.2150889,57,16.43434777,6.979637182,66.14625147,73.06306954,-25.67782576
2025-06-28,1732.434817,1510.011756,580.1911465,58,14.99599249,8.966843678,66.51007352,61.5770444,12.83875498
2025-06-29,1219.308657,620.6923206,506.7147552,59,13.57154476,21.38748108,58.44245406,18.36297335,49.09473354
2025-06-30,1201.05605,609.2088186,487.5972785,60,14.48623407,21.55507654,59.40262085,19.96220941,49.27723659
2025-07-01,1047.901867,1595.61788,774.0453609,30,8.753034825,17.47440141,26.13379316,51.48930265,-52.2678726
2025-07-02,1010.819917,1160.759841,951.801872,31,11.95788168,17.19612015,5.838630965,18.00182618,-14.83349524
2025-07-03,1044.382174,953.2227322,754.8325292,32,6.812820414,11.37361799,27.72449131,20.81257573,8.728552094
2025-07-04,2594.735209,3875.791378,911.8688665,33,2.346994183,4.312498787,64.85695869,76.47270512,-49.37136414
2025-07-05,2478.387982,2397.530534,747.7319003,34,14.3613727,1.345299086,69.82990938,68.81241387,3.262501625
2025-07-06,1120.311382,1243.460994,682.6693084,35,8.704334525,7.442672084,39.0643245,45.09925828,-10.99244491
2025-07-07,942.1610354,902.4357905,739.2067057,36,9.005997901,5.470446715,21.5413631,18.08761204,4.216396497
2025-07-08,1133.845575,1338.9838,737.1195426,37,13.90196608,5.45335971,34.98942373,44.94933079,-18.09225429
2025-07-09,888.7372418,1436.841036,536.373343,38,2.993568098,7.246832438,39.64770263,62.66995934,-61.67219829
2025-07-10,941.0082606,928.2450686,538.0945683,39,4.168642929,5.894349822,42.81723223,42.03098012,1.356331565
2025-07-11,2143.145714,2194.656412,829.289556,40,5.460269662,3.222411343,61.30503164,62.21323978,-2.403508885
2025-07-12,2166.29028,1822.275945,512.4664213,41,15.10563133,4.381842238,76.34359411,71.87767184,15.88034337
2025-07-13,1088.054718,1022.863306,795.865031,42,10.13153264,10.40251571,26.85431918,22.19243504,5.991556404
2025-07-14,882.0159944,692.8948694,499.4454218,43,10.81064855,11.18545604,43.37456181,27.91901862,21.44191559
2025-07-15,888.7113137,1165.337814,648.7515164,44,15.31891863,9.435223752,27.00087122,44.32931735,-31.12669956
2025-07-16,913.978101,967.6960474,549.0808091,45,6.859072786,9.987405227,39.92407384,43.2589592,-5.877377845
2025-07-17,886.4318441,815.2698953,499.1102769,46,7.832363868,12.10094137,43.69445545,38.77974892,8.027909785
2025-07-18,2070.806209,1976.85374,472.9192695,47,9.306705047,5.586926197,77.16255304,76.07717456,4.536999543
2025-07-19,2419.907726,1923.355494,580.980318,48,16.73232928,7.388049847,75.99163341,69.7933991,20.51946968
2025-07-20,784.4410236,584.6357034,443.5669457,49,11.92494378,18.93455089,43.45439206,24.1293436,25.47104425
2025-07-21,819.3584178,610.9077025,446.8872278,50,12.72239487,19.03624496,45.45888367,26.84865062,25.4407242
2025-07-22,809.1361822,1144.665756,475.9409044,51,17.31571638,18.44679759,41.17913462,58.4209712,-41.467627
2025-07-23,828.2053319,886.0806921,449.0329055,52,11.13986371,20.1796147,45.78241793,49.32370048,-6.98804487
2025-07-24,827.197117,871.5028967,514.4148324,53,11.93718416,21.8579986,37.81230352,40.97382415,-5.356133237
2025-07-25,2439.283894,2278.155752,486.7016155,54,12.83598298,8.447437655,80.04735665,78.63615711,6.605551008
2025-07-26,2234.3396,1704.782594,508.8336352,55,18.63053553,9.354923412,77.22666531,70.15257917,23.7008289
2025-07-27,822.3476539,565.5902376,452.2239306,56,13.83701236,22.92256109,45.00818134,20.04389389,31.22249028
2025-07-28,909.5252773,636.8529682,565.5157852,57,14.68524505,24.10940428,37.82297213,11.20151535,29.97962958
2025-07-29,825.7220372,1253.485873,531.8050683,58,19.28283877,28.56315304,35.59514651,57.5739081,-51.80482246
2025-07-30,817.5014886,914.8261278,504.7735198,59,14.98729875,30.96095919,38.25411613,44.82301013,-11.90513296
2025-07-31,708.0986875,800.4810663,376.2050913,60,15.87081159,31.75668838,46.87109327,53.00262466,-13.04654004
2025-08-01,2923.636776,2784.106355,819.850895,31,14.09735847,7.39031082,71.95784026,70.55245776,4.772495066
2025-08-02,2788.903693,1989.092191,814.4166028,32,9.174079218,8.693675194,70.79796606,59.05586445,28.67834784
2025-08-03,959.771331,1222.178839,1153.936749,33,8.940041458,12.61058149,-20.23038315,5.583641991,-27.34062792
2025-08-04,743.504768,599.4747773,482.9550262,34,8.369771964,4.634143534,35.04345271,19.43697308,19.37176422
2025-08-05,741.7894812,1382.343751,612.5866382,35,8.588811032,1.301220951,17.4177238,55.68492729,-86.35256846
2025-08-06,757.3673151,991.5271996,870.7944011,36,13.32686536,1.519479084,-14.97649605,12.17644846,-30.91761155
2025-08-07,829.2999277,909.4569817,680.9284904,37,13.29403335,2.30873827,17.89116727,25.12801549,-9.665628958
2025-08-08,3282.190037,2951.922363,2242.056628,38,13.60300037,6.241651803,31.69022504,24.04757469,10.06241778
2025-08-09,2803.420152,1853.088103,943.7187342,39,8.706150003,1.018249762,66.33687841,49.07318584,33.89902325
2025-08-10,751.4207386,581.784494,657.9376301,40,8.055728514,3.088723578,12.44084754,-13.08957816,22.57540095
2025-08-11,793.6648655,607.4578991,577.4245667,41,8.673026435,3.975086034,27.24579457,4.944101057,23.46166179
2025-08-12,668.4267811,1372.760574,550.4541613,42,9.544867435,5.168103321,17.6492958,59.90166298,-105.3718691
2025-08-13,675.5765913,894.286837,501.8339573,43,14.28554256,7.002833475,25.7176812,43.88445222,-32.37386383
2025-08-14,766.3072528,882.7477496,516.6056909,44,14.92814595,7.745761748,32.58504483,41.47754088,-15.19501433
2025-08-15,2996.247014,2567.624494,503.8013381,45,15.63590645,2.848392376,83.18558731,80.3786987,14.30531323
2025-08-16,2901.681887,1905.51965,550.4196709,46,10.1031844,3.702851896,81.03101262,71.11445841,34.33051161
2025-08-17,832.1586194,596.8854209,541.0176317,47,9.16153419,9.303999431,34.9862371,9.359885022,28.27263854
2025-08-18,811.3915824,567.5700637,509.3705203,48,9.950377452,9.882912147,37.22260233,10.25416017,30.04979642
2025-08-19,668.0533166,1216.881679,377.9745786,49,11.20640369,11.21209365,43.42149507,68.93908543,-82.15337738
2025-08-20,789.2326079,1066.368111,713.5587445,50,16.58448532,12.02984097,9.588283939,33.08513849,-35.11455307
2025-08-21,653.8178172,791.184327,449.1416483,51,17.34867172,15.6062609,31.30477076,43.23173083,-21.00990615
2025-08-22,2517.16791,2179.956308,531.5244853,52,18.14961914,6.058754386,78.88402743,75.6176542,13.39646832
2025-08-23,2288.411292,1413.339551,566.151844,53,11.89678509,7.775695957,75.26004849,59.94226274,38.2392686
2025-08-24,888.261902,664.3421418,673.4261607,54,10.76072812,20.9698267,24.1860808,-1.36737056,25.20875428
2025-08-25,786.5651479,644.5641514,582.0668667,55,11.75962393,20.55534548,25.99889936,9.696053465,18.05330389
2025-08-26,716.0089794,1297.192079,469.3121249,56,13.13190669,27.15988255,34.45443585,63.8209227,-81.16980597
2025-08-27,748.4234047,950.2759891,480.3834152,57,19.2379867,27.64830095,35.81395074,49.44801082,-26.97037307
2025-08-28,912.2892763,1105.644022,693.1235064,58,20.14790857,27.0385807,24.02371436,37.31042787,-21.19445556
2025-08-29,2327.00194,2009.97162,532.4468997,59,20.91754935,13.72646742,77.11875996,73.50973047,13.62398178
2025-08-30,2675.963541,1800.617905,735.9183934,60,14.12780176,13.61161953,72.49893797,59.12967481,32.71141861
2025-08-31,719.9107774,481.1922653,457.0038881,61,11.93618008,27.1789219,36.51937123,5.026759351,33.15945804
2025-09-01,953.7854338,1038.031542,1034.123177,31,8.978040368,13.26358891,-8.42304148,0.3765169825,-8.832815513
2025-09-02,940.0376765,1043.15356,936.6379936,32,15.49988468,16.63464163,0.3616538937,10.21091917,-10.96933523
2025-09-03,834.9015652,1213.993136,693.7261684,33,13.47803396,15.00894684,16.90922651,42.85584095,-45.40554077
2025-09-04,878.2592829,1026.571874,724.4238251,34,10.99693848,11.18652161,17.51595011,29.43272232,-16.88710773
2025-09-05,2909.835037,2488.36633,1089.842413,35,10.8476884,5.168812583,62.54624748,56.20249317,14.48428179
2025-09-06,2812.954075,4402.332317,911.915047,36,9.882356123,1.384618075,67.5815878,79.28563813,-56.5021042
2025-09-07,909.1913708,608.7045936,581.3473351,37,4.850901313,4.671403366,36.05885914,4.494340732,33.04989322
2025-09-08,1000.504151,892.5102602,823.5891218,38,1.231570288,1.896669763,17.68258824,7.722167632,10.79394732
2025-09-09,856.7439736,797.185178,704.5759756,39,10.69845046,3.296798138,17.76119852,11.61702512,6.951761251
2025-09-10,1109.431861,1494.986517,744.4715233,40,11.93562241,4.027508475,32.89614719,50.20212457,-34.7524412
2025-09-11,874.8037642,939.3654572,631.173744,41,12.46144346,4.234683879,27.84967671,32.80849969,-7.380134339
2025-09-12,2436.045454,2020.947365,546.2299081,42,13.17848985,3.053086742,77.57718736,72.97159157,17.03983348
2025-09-13,2640.592574,3158.369252,692.7178525,43,11.16389924,3.185676071,73.76657576,78.06723035,-19.60835164
2025-09-14,1002.839559,495.6958159,505.4700157,44,2.295533629,9.55530179,49.59612322,-1.971814059,50.57077561
2025-09-15,932.9617391,805.6511947,562.9843109,45,3.422258412,8.897816554,39.65622734,30.12058885,13.64584838
2025-09-16,856.3987207,868.9193296,457.0756008,46,12.37525347,9.640999984,46.62817801,47.39723411,-1.462006955
2025-09-17,982.7902769,1204.744589,519.4314021,47,14.43324433,9.504102222,47.1472791,56.88452086,-22.58409731
2025-09-18,891.6874752,988.6694102,410.571273,48,15.23039309,10.05379159,53.95569811,58.47233982,-10.87622488
2025-09-19,2097.934251,1748.331388,767.2312099,49,16.04488453,4.074504658,63.42920616,56.11637386,16.66414777
2025-09-20,2097.369991,2189.34933,580.9980629,50,13.0612517,3.859048606,72.29873292,73.46252355,-4.385460801
2025-09-21,886.5916433,501.1775339,486.436436,51,4.45562462,9.519699731,45.13410546,2.941292624,43.47143494
2025-09-22,904.2151966,414.9074709,375.5836148,52,5.553746075,10.22200031,58.4630278,9.477741154,54.11407898
2025-09-23,1033.119014,1140.308013,486.8634661,53,14.51011977,12.32830312,52.87440659,57.30421427,-10.37528084
2025-09-24,972.1215962,1147.024326,430.0142907,54,17.3518374,12.72295984,55.76538034,62.51044717,-17.99185724
2025-09-25,870.5510201,966.882116,350.0351785,55,18.1883966,11.76265086,59.79153773,63.79753305,-11.06553133
2025-09-26,2027.659121,1706.19766,588.8702722,56,19.1074083,5.771483935,70.95812279,65.48639785,15.85382167
2025-09-27,1968.869854,1945.704328,636.6398949,57,15.08271201,5.656215938,67.66470402,67.27972047,1.176590034
2025-09-28,1128.2677,608.1739681,510.8583307,58,6.54536077,10.92340782,54.72188642,16.00128293,46.09666057
2025-09-29,1005.527721,450.3856418,347.2816595,59,7.615049487,10.18286096,65.46274636,22.89237771,55.20902784
2025-09-30,1223.845816,1380.870544,573.1711686,60,16.69854578,12.10396785,53.16639063,58.49204176,-12.83043386
2025-10-01,832.0966552,900.9089731,1262.929069,30,12.75490416,7.385504967,-51.776727,-40.18387056,-8.269750577
2025-10-02,684.4010254,660.2436454,733.2181204,31,12.302225,13.16436841,-7.132820272,-11.05265844,3.529711241
2025-10-03,2598.658855,2554.474014,612.9403099,32,12.4532202,7.598350734,76.41320604,76.0052243,1.700294042
2025-10-04,2086.628613,1584.190017,516.8109139,33,10.33054489,8.012389161,75.23225213,67.37696184,24.07896607
2025-10-05,669.4619288,551.0101749,447.3574796,34,8.064107141,17.00141087,33.17656159,18.81139405,17.6935758
2025-10-06,700.5800227,343.3453993,370.8913627,35,7.17854752,16.41871783,47.05938641,-8.022814191,50.99126607
2025-10-07,733.6009447,1510.698342,394.7556954,36,9.231618495,16.1080701,46.18931474,73.86932358,-105.9291708
2025-10-08,716.4533348,953.2168619,464.8655088,37,12.92507821,15.91157304,35.11573102,51.23192556,-33.0466083
2025-10-09,719.8564428,781.0414692,467.9675515,38,13.30165962,17.13205585,34.99154502,40.0841607,-8.499615024
2025-10-10,2501.93975,2303.380727,620.4654551,39,13.8385033,7.54299613,75.20062363,73.06283551,7.936203236
2025-10-11,2010.532151,1373.983476,485.9144392,40,9.246950298,9.131025944,75.83155092,64.63462277,31.66070611
2025-10-12,776.8079181,369.4693566,381.7784226,41,7.614853033,19.32147307,50.85291824,-3.331552616,52.43748834
2025-10-13,710.5991533,376.3153948,365.4600621,42,8.43484152,19.93360959,48.57015232,2.884636876,47.04252136
2025-10-14,880.7347929,1548.937157,440.0416985,43,10.10929809,19.67226083,50.03698025,71.59073262,-75.86873706
2025-10-15,938.308172,1269.974026,493.4448529,44,14.83440402,20.52623229,47.41121652,61.14527991,-35.34721997
2025-10-16,1056.880169,1229.20307,590.5910556,45,15.57518945,20.14222874,44.11939282,51.95333707,-16.30486652
2025-10-17,1957.335874,1816.029484,441.5746855,46,16.40132815,6.017822775,77.4400147,75.68460813,7.219322541
2025-10-18,1908.422944,1277.428147,348.3858376,47,10.7240775,4.719757225,81.74483079,72.727559,33.06367694
2025-10-19,1141.120666,752.9351829,564.8717694,48,9.165305475,15.06008396,50.49850677,24.97737093,34.0179172
2025-10-20,1148.95815,702.2166775,557.8201005,49,10.15230149,13.27916901,51.44992005,20.56296605,38.88231026
2025-10-21,1302.646004,1974.946099,632.9991615,50,11.85128648,10.78723411,51.4066631,67.94853481,-51.61034485
2025-10-22,1222.812814,1464.065165,525.9972625,51,17.46646632,8.843739073,56.98464585,64.07282443,-19.72929535
2025-10-23,1021.90652,1124.35887,429.778504,52,18.31061949,8.330042534,57.94346201,61.77568252,-10.02560873
2025-10-24,1843.221052,1689.856674,433.6543316,53,19.12180642,4.150617257,76.47301548,74.33780401,8.320455012
2025-10-25,1751.894935,1181.558707,431.3895401,54,12.56899813,3.817029782,75.37583268,63.48979212,32.55538999
2025-10-26,1065.683286,569.7767922,328.9796196,55,11.03658036,10.4125707,69.12970074,42.26166736,46.53413453
2025-10-27,1091.499166,612.2907331,518.4706336,56,12.06277084,10.76326594,52.49921852,15.32280246,43.90369207
2025-10-28,1182.401254,1780.069865,406.5578089,57,13.70985796,12.08696198,65.61591867,77.1605701,-50.54702099
2025-10-29,1470.140607,1655.169366,629.5842157,58,20.15409627,12.83650571,57.17523802,61.96255025,-12.58578653
2025-10-30,1035.722546,1103.354361,339.3275576,59,21.10773368,11.76557133,67.23760056,69.24582259,-6.529916245
2025-10-31,1641.608264,1530.249994,667.0321299,60,21.93509815,3.601968226,59.36715569,56.41025109,6.783486195
2025-11-01,1648.321815,1106.555561,345.5704888,31,8.416799451,3.382427876,79.03501091,68.7706157,32.8677476
2025-11-02,1184.291649,782.5679834,396.7503028,32,8.162541302,8.991499271,66.49893605,49.30149058,33.92100806
2025-11-03,1242.193479,711.8586764,478.1393313,33,8.032485488,8.576149794,61.50846551,32.83226753,42.69341383
2025-11-04,987.7254,1949.844297,339.1590146,34,8.318119459,8.663577244,65.66262095,82.60584114,-97.40752815
2025-11-05,1130.305891,1380.626351,353.1320817,35,15.22248661,9.408004787,68.75783057,74.42232784,-22.14625804
2025-11-06,1312.893815,1307.070004,541.2398466,36,14.68711003,10.23633348,58.77504788,58.59136504,0.4435858236
2025-11-07,1800.107122,1906.419499,625.3083011,37,14.8310226,3.760343863,65.26271723,67.19985809,-5.9058917
2025-11-08,1659.157588,1097.227179,356.9219862,38,8.830985729,4.310971096,78.48775856,67.47054822,33.86841687
2025-11-09,1283.386508,677.4390332,397.619675,39,8.58827726,10.15077592,69.01793243,41.30546728,47.21473001
2025-11-10,1482.375976,776.2071596,531.1268857,40,9.343890342,10.87168781,64.17056843,31.57408056,47.63763227
2025-11-11,1176.328524,1993.467849,288.6001859,41,9.659561776,10.56019445,75.46602161,85.52270678,-69.46523089
2025-11-12,1118.689959,1208.680996,303.3122557,42,15.34967635,10.72995392,72.88683487,74.90551629,-8.044323362
2025-11-13,1240.72068,1201.505303,413.052416,43,15.97337253,11.57133234,66.70867,65.62208963,3.16069347
2025-11-14,1623.284013,1699.113461,561.4636523,44,16.70395818,4.614082667,65.41186584,66.95549383,-4.67136044
2025-11-15,1542.348327,1065.332261,435.7038341,45,10.46892245,5.118797567,71.75062036,59.10160144,30.92790762
2025-11-16,1445.098256,756.1908882,478.0730185,46,10.1948472,11.34872664,66.91761155,36.77879144,47.6720088
2025-11-17,1227.915015,512.3629219,296.6615525,47,11.12403977,11.59660584,75.84022112,42.09933236,58.27374733
2025-11-18,1422.425402,2122.667749,469.2938747,48,11.45977468,12.99250313,67.00748777,77.89131743,-49.2287572
2025-11-19,1352.521643,1374.287199,363.538038,49,17.53613318,13.40450933,73.12146242,73.54715679,-1.60925752
2025-11-20,1311.156355,1213.386755,387.495575,50,18.37048682,13.63258365,70.4462726,68.06495757,7.456746123
2025-11-21,1609.947201,1657.982195,380.8982338,51,19.220133,5.385212991,76.34094873,77.02639782,-2.983637859
2025-11-22,1502.210269,1033.136927,368.8347137,52,12.38231498,6.183515061,75.44719796,64.29953244,31.22554488
2025-11-23,1398.561111,701.3531249,461.19574,53,12.0488519,14.07863419,67.02355468,34.24200683,49.85180701
2025-11-24,1172.202766,482.4736114,297.795374,54,12.99885114,15.06652194,74.59523364,38.2773758,58.84043057
2025-11-25,1360.275479,1976.687055,373.3876781,55,13.40789076,15.94413334,72.55058378,81.11043035,-45.3152016
2025-11-26,1430.724105,1397.016687,432.5436359,56,20.16524081,16.63446848,69.76750204,69.03804801,2.355969134
2025-11-27,1289.889958,1165.657166,360.7111128,57,21.07213087,17.22758392,72.03551276,69.05512845,9.631270581
2025-11-28,1557.661329,1591.086205,387.3772516,58,22.01695997,6.684544063,75.13084236,75.65328325,-2.145837156
2025-11-29,1507.077621,1155.351289,782.5630022,59,14.34202112,7.522530704,48.07414088,32.26622847,23.33830238
2025-11-30,1744.518137,1056.00967,652.6861822,60,13.93140354,16.54396806,62.58644905,38.19316239,39.46697097
2025-12-01,994.5601455,903.8772428,521.5358126,54,12.33941392,27.88734241,47.56115908,42.30015008,9.117890265
2025-12-02,1125.914735,1772.008406,497.721024,55,19.95965761,28.0779397,55.79407493,71.91203935,-57.38388992
2025-12-03,1031.758207,1071.36785,406.1940487,56,25.33259853,28.08317903,60.63088753,62.08640677,-3.839043226
2025-12-04,957.3492901,770.0025529,359.1248876,57,19.69010814,28.10830556,62.4875799,53.36055885,19.56931907
2025-12-05,1726.834788,2032.703127,355.776618,58,18.96431519,11.22026652,79.39718261,82.49736455,-17.71265794
2025-12-06,1615.952342,1279.067495,424.7949101,59,21.95253148,11.10926825,73.712411,66.78870258,20.84744939
2025-12-07,1015.713335,587.5961112,298.2593011,60,21.04567683,26.36229647,70.63548437,49.24076327,42.14941453
2025-12-08,1046.685233,537.5496073,290.1528965,61,17.70790858,24.51107274,72.27887741,46.02304744,48.64266827
2025-12-09,974.0187579,1511.0788,305.7617737,62,19.35214492,24.57987998,68.60822533,79.76533231,-55.13857277
2025-12-10,1051.312079,957.5296587,333.7802115,63,19.34128803,26.28607924,68.25108184,65.14152763,8.920512007
2025-12-11,867.232151,713.8756201,294.4773915,64,19.88970511,26.53126749,66.04399512,58.74948196,17.6834462
2025-12-12,1693.264047,1867.061113,421.2860643,65,20.59053087,11.18647262,75.11988369,77.43587174,-10.26402625
2025-12-13,1624.75312,1239.329835,338.6416552,66,18.29337261,11.73725271,79.15734698,72.67542138,23.72195999
2025-12-14,1066.731438,512.2112101,296.42665,67,16.61797761,26.54998388,72.21168897,42.12804326,51.9831148
2025-12-15,1129.248229,541.7245562,348.3550849,68,16.65125503,26.59281773,69.15159342,35.69516447,52.02785868
2025-12-16,1074.712975,1580.287343,305.5313417,69,18.40476533,27.33572511,71.57088927,80.66608943,-47.04273424
2025-12-17,930.3799458,823.0105423,230.9629188,70,20.9231582,28.09000967,75.17541947,71.93682134,11.5403824
2025-12-18,918.7173233,781.0021573,328.428767,71,21.63546614,29.52139183,64.25137976,57.94777723,14.98993897
2025-12-19,1711.384862,1870.905222,313.9719321,72,22.38480553,12.44821669,81.65392606,83.21818078,-9.321127202
2025-12-20,1669.919216,1221.409558,270.32221,73,18.74470556,13.50494403,83.81225826,77.86801255,26.85816499
2025-12-21,1072.790831,478.7924207,355.5458091,74,16.90262192,31.10988123,66.8578628,25.7411367,55.36945258
2025-12-22,945.2640796,347.5909235,226.6213364,75,17.47158955,31.28540404,76.02560583,34.80228593,63.22816756
2025-12-23,847.0493764,1312.203385,226.8939645,76,19.32590508,32.27937414,73.21360822,82.70893314,-54.91462731
2025-12-24,890.492038,811.359186,276.9052412,77,23.29127857,33.90272241,68.90424289,65.87143574,8.886418816
2025-12-25,887.763463,753.4544707,278.2315737,78,24.26831336,35.29067156,68.65926733,63.07254326,15.12891642
2025-12-26,1747.297972,1845.837333,326.9096168,79,25.45352449,14.54910886,81.2905628,82.28935936,-5.639528113
2025-12-27,1678.856814,1192.959486,279.9198675,80,19.8400389,15.28219864,83.32675752,76.53567696,28.94215419
2025-12-28,850.1053009,358.2203041,289.5942502,81,18.00857805,35.00980065,65.93430839,19.15749976,57.86165505
2025-12-29,851.1547055,315.882766,262.7032089,82,18.77021799,36.42919926,69.13566862,16.83521953,62.8877378
2025-12-30,785.1227724,1226.515772,293.5625775,83,20.60691127,38.11506617,62.60934113,76.06532389,-56.219615
2025-12-31,907.0064656,854.4269602,278.6499176,84,26.69563597,40.07633443,69.27806712,67.38750875,5.797037557
