date,plan_kwh,charge_kwh,discharge_kwh,emergency_kwh,curtail_kwh,storage_start,storage_end,plan_cost_yuan,emergency_cost_yuan,daily_cost_yuan,storage_min,storage_max,pool_size,k_eff,mode,objective_yuan
2025-02-01,47644.53076,738.750469,598.3878799,0,13125.99223,1200,1200,35556.12588,0,35556.12588,1200,1403.792171,24,1.183052796,kernel,37616.05568
2025-02-02,88936.34116,191.7686547,155.3326103,0,10543.62716,1200,1200,69446.59465,0,69446.59465,1200,1323.656751,25,5.189447041,kernel,69790.14251
2025-02-03,88015.02854,874.6761208,708.4876578,0,7631.923581,1200,1200,68048.91321,0,68048.91321,1200,1352.048422,26,3.706559377,kernel,68397.38396
2025-02-04,85517.30762,2232.383143,1808.230346,0,3898.290874,1200,1200,66710.37699,0,66710.37699,1200,2334.082905,27,3.906985466,kernel,67680.14301
2025-02-05,85183.69542,1370.313827,1109.9542,0,4174.908809,1200,1200,66644.78725,0,66644.78725,1200,2111.330288,28,4.652718053,kernel,67473.42996
2025-02-06,85327.33262,1148.210669,930.0506419,0,4838.115377,1200,1200,66764.39001,0,66764.39001,1200,1401.809465,29,6.405470468,kernel,67771.87383
2025-02-07,48287.66173,341.4688694,276.5897842,0,16417.10298,1200,1200,35750.27565,0,35750.27565,1200,1301.85383,30,2.630679646,kernel,40083.92656
2025-02-08,47035.43758,410.7623391,332.7174946,0,15380.23002,1200,1200,34634.0876,0,34634.0876,1200,1297.191642,31,2.548532372,kernel,36021.4602
2025-02-09,82492.68683,1521.984515,1232.807457,0,2648.093808,1200,1200,65166.00602,0,65166.00602,1200,1896.641129,32,5.966575633,kernel,66321.67296
2025-02-10,82606.99866,718.0568359,581.6260371,0,8143.930278,1200,1200,65205.06058,0,65205.06058,1200,1481.106983,33,6.908601268,kernel,66358.26302
2025-02-11,82499.22237,461.1378423,373.5216523,0,7191.009044,1200,1200,64653.71716,0,64653.71716,1200,1419.288056,34,6.551362381,kernel,65323.38079
2025-02-12,81805.18401,853.0719851,690.988308,0,6376.364199,1200,1200,64063.46553,0,64063.46553,1200,1399.953671,35,6.397616284,kernel,64690.94891
2025-02-13,81624.47282,519.4277628,420.7364879,0,10196.30253,1200,1200,63735.59394,0,63735.59394,1200,1377.447402,36,5.77501133,kernel,64139.03689
2025-02-14,46461.08833,399.261712,323.4019867,0,16583.42679,1200,1200,34406.3609,0,34406.3609,1200,1389.480367,37,2.575405224,kernel,39663.27007
2025-02-15,44493.0806,827.4245794,670.2139093,0,15055.77883,1200,1200,32788.19205,0,32788.19205,1200,1584.133131,38,1.820208055,kernel,34659.17489
2025-02-16,81066.64035,1719.108545,1392.477921,0,5362.630627,1200,1200,62861.9102,0,62861.9102,1200,2145.10262,39,6.007248874,kernel,63431.04261
2025-02-17,81014.86677,652.252843,528.3248028,0,9707.075567,1200,1200,62934.65722,0,62934.65722,1200,1547.760311,40,7.986863545,kernel,63614.71907
2025-02-18,80461.45379,595.5732452,482.4143286,0,8256.907094,1200,1200,62278.29754,0,62278.29754,1200,1331.838772,41,7.557415071,kernel,62985.01466
2025-02-19,78896.02599,1995.927046,1616.700907,0,5637.472472,1200,1200,61376.07479,0,61376.07479,1200,1758.514872,42,7.722967903,kernel,62464.41597
2025-02-20,76894.02175,1088.312872,881.533426,0,5694.108571,1200,1200,60444.48461,0,60444.48461,1200,1429.02348,43,7.796786083,kernel,61785.84446
2025-02-21,44325.92044,446.0667485,361.3140663,0,18680.90573,1200,1200,32726.09431,0,32726.09431,1200,1270.210873,44,2.706965785,kernel,35472.2022
2025-02-22,43511.73838,748.5172694,606.2989882,0,15524.75721,1200,1200,32077.60207,0,32077.60207,1200,1363.250584,45,3.573249113,kernel,34455.93952
2025-02-23,76689.01201,1168.156245,946.2065586,0,4935.208637,1200,1200,60254.49093,0,60254.49093,1200,1515.448105,46,9.359203993,kernel,61893.14319
2025-02-24,76621.45944,713.7284049,578.1200079,0,8282.817431,1200,1200,60079.64749,0,60079.64749,1200,1481.600386,47,10.19527029,kernel,61529.82044
2025-02-25,76552.74483,665.5825913,539.1218989,0,10604.96091,1200,1200,59856.62875,0,59856.62875,1200,1388.349792,48,10.52942206,kernel,61005.82359
2025-02-26,75822.00478,1068.400355,865.4042877,0,6804.160677,1200,1200,59168.42347,0,59168.42347,1200,1476.486416,49,9.618092306,kernel,59995.23257
2025-02-27,75202.58565,1053.098615,853.009878,0,8045.912711,1200,1200,58713.44548,0,58713.44548,1200,1700.484064,50,9.703443685,kernel,59585.36534
2025-02-28,43287.51286,438.8661892,355.4816132,0,19911.53474,1200,1200,31841.56417,0,31841.56417,1200,1302.802337,51,3.924866858,kernel,34136.51615
2025-03-01,42394.69383,394.9619052,319.9191432,21.56748333,18682.45262,1200,1200,31165.2315,45.8093346,31211.04083,1200,1334.746207,28,3.597924448,kernel,33353.27524
2025-03-02,73944.15973,3671.856593,2974.20384,0,888.1999076,1200,1200,57941.95309,0,57941.95309,1200,3975.084956,29,8.936765061,kernel,58485.15968
2025-03-03,75306.28709,3515.248519,2847.351301,0,2621.243237,1200,1200,58734.49691,0,58734.49691,1200,2729.204025,30,11.56355504,kernel,59162.65764
2025-03-04,75584.6889,828.9321924,671.4350758,0,6227.733852,1200,1200,59087.95151,0,59087.95151,1200,1434.880692,31,13.12947272,kernel,59703.58792
2025-03-05,75517.87515,630.824247,510.9676401,0,9267.54653,1200,1200,59022.75051,0,59022.75051,1200,1392.7857,32,14.04316997,kernel,59689.52904
2025-03-06,74799.15275,600.4105513,486.3325466,0,8744.420608,1200,1200,58461.34668,0,58461.34668,1200,1408.196995,33,14.29041677,kernel,58942.61425
2025-03-07,42308.81035,257.806319,208.8231184,0,21337.54162,1200,1200,31019.74515,0,31019.74515,1200,1359.889405,34,5.248016128,kernel,32681.38419
2025-03-08,41955.11374,299.6000545,242.6760441,0,22835.05021,1200,1200,30571.95875,0,30571.95875,1200,1320.630278,35,5.715796066,kernel,31841.17744
2025-03-09,74374.71959,397.1416717,321.6847541,0,10965.73763,1200,1200,58055.61136,0,58055.61136,1200,1397.783404,36,12.89755277,kernel,58349.93545
2025-03-10,74130.79053,929.3550313,752.7775753,0,5912.141627,1200,1200,57714.52036,0,57714.52036,1200,1570.851405,37,11.74796499,kernel,57911.20072
2025-03-11,73821.66625,569.6698322,461.432564,0,9774.510185,1200,1200,57453.30439,0,57453.30439,1200,1427.94139,38,12.48786439,kernel,57703.646
2025-03-12,73728.95321,646.3504681,523.5438791,0,11170.61194,1200,1200,57190.17189,0,57190.17189,1200,1586.960967,39,12.63865432,kernel,57380.92145
2025-03-13,73634.94871,1908.339254,1545.754795,0,5726.746233,1200,1200,56944.14117,0,56944.14117,1200,2207.810201,40,12.54300922,kernel,57132.28851
2025-03-14,41271.16718,349.2068889,282.85758,0,25175.39189,1200,1200,30050.14176,0,30050.14176,1200,1313.719241,41,5.475665183,kernel,31363.54748
2025-03-15,40914.79964,885.2321983,717.0380806,0,19822.48037,1200,1200,29708.36087,0,29708.36087,1200,1819.011378,42,5.792984498,kernel,30935.41702
2025-03-16,73483.2112,508.1602909,411.6098356,0,10035.61381,1200,1200,56765.0128,0,56765.0128,1200,1399.608331,43,14.10356743,kernel,57005.31096
2025-03-17,73342.5993,408.7424459,331.0813811,0,15406.80681,1200,1200,56580.84697,0,56580.84697,1200,1372.325369,44,13.63072765,kernel,56837.00254
2025-03-18,72349.58787,832.5700495,674.3817401,0,11065.44119,1200,1200,55710.05929,0,55710.05929,1200,1627.485998,45,12.21904403,kernel,56215.19428
2025-03-19,71248.15337,692.8514164,561.2096473,0,11651.04115,1200,1200,55030.04181,0,55030.04181,1200,1439.500264,46,11.41647343,kernel,55780.01769
2025-03-20,70659.3527,794.627185,643.6480198,0,8299.411714,1200,1200,54644.62768,0,54644.62768,1200,1510.104123,47,11.02660819,kernel,55423.68687
2025-03-21,40448.83214,455.8997401,369.2787895,0,28328.74667,1200,1200,29390.5308,0,29390.5308,1200,1364.308716,48,5.408683269,kernel,30774.23384
2025-03-22,39872.03827,341.0170449,276.2238064,0,23926.0453,1200,1200,29044.07753,0,29044.07753,1200,1392.806485,49,5.464399963,kernel,31232.3556
2025-03-23,69685.93212,937.146172,759.0883993,0,10738.15423,1200,1200,54089.95931,0,54089.95931,1200,1437.876268,50,11.90450551,kernel,55153.42171
2025-03-24,68934.30666,712.1998326,576.8818644,0,10800.49161,1200,1200,53450.41901,0,53450.41901,1200,1442.874838,51,10.82467826,kernel,54345.08879
2025-03-25,68951.62671,1180.789881,956.4398033,0,7777.151913,1200,1200,53460.88311,0,53460.88311,1200,1553.017663,52,12.38108594,kernel,54400.29034
2025-03-26,68827.53324,594.0619823,481.1902056,0,13122.1066,1200,1200,53347.3559,0,53347.3559,1200,1381.797115,53,12.88556861,kernel,54211.30406
2025-03-27,68139.478,1025.000564,830.250457,0,9227.73849,1200,1200,52891.24354,0,52891.24354,1200,1516.369376,54,12.58815289,kernel,53804.84276
2025-03-28,39090.01259,436.2381539,353.3529047,0,28185.24658,1200,1200,28413.56793,0,28413.56793,1200,1274.618458,55,5.170440917,kernel,29977.57955
2025-03-29,38597.93338,530.3057935,429.5476927,2.940066667,30792.90616,1200,1200,28094.33865,6.2447016,28100.58335,1200,1316.933758,56,5.522490021,kernel,30006.38661
2025-03-30,66653.28936,841.6702772,681.7529245,6.347433333,11154.09974,1200,1200,51978.73168,13.4819484,51992.21363,1200,1471.640275,57,11.42360066,kernel,52971.68907
2025-03-31,66296.36018,871.6921937,706.0706769,0,9179.349175,1200,1200,51618.85444,0,51618.85444,1200,1516.093822,58,11.21560788,kernel,52454.53145
2025-04-01,65508.36976,1166.477405,944.846698,0,5077.887539,1200,1200,50823.16863,0,50823.16863,1200,1502.111132,31,7.574699714,kernel,50983.39731
2025-04-02,65740.44217,2170.769375,1758.323194,339.0296877,5231.690278,1200,1200,50944.92564,872.744195,51817.66983,1200,2795.925374,32,9.955227906,kernel,51111.5274
2025-04-03,66092.08275,835.288636,676.5837952,0,10069.84764,1200,1200,51303.41211,0,51303.41211,1200,1445.37062,33,12.53059098,kernel,51572.67516
2025-04-04,37483.49491,376.1751689,304.7018868,0,30981.21938,1200,1200,27309.40566,0,27309.40566,1200,1356.234128,34,4.373110871,kernel,28447.68464
2025-04-05,36966.04035,709.4929698,574.6893055,0,24787.1217,1200,1200,26855.91352,0,26855.91352,1200,1450.542282,35,4.442887292,kernel,27872.29862
2025-04-06,65620.34615,747.7896777,605.709639,0,11068.18984,1200,1200,50790.89897,0,50790.89897,1200,1351.924755,36,10.68685242,kernel,50966.81983
2025-04-07,65469.123,639.5170408,518.008803,0,12104.89547,1200,1200,50634.61832,0,50634.61832,1200,1403.86216,37,11.36356786,kernel,50820.11419
2025-04-08,65415.63089,1145.231038,927.637141,0,10844.84338,1200,1200,50503.73246,0,50503.73246,1200,1649.365741,38,12.46732365,kernel,50687.47631
2025-04-09,65293.30302,1524.515966,1234.857932,0,5869.33397,1200,1200,50380.91224,0,50380.91224,1200,1728.02806,39,12.20812502,kernel,50553.51174
2025-04-10,65344.31992,1214.463117,983.715125,0,10652.93403,1200,1200,50431.90038,0,50431.90038,1200,1531.255623,40,14.09104102,kernel,50603.78041
2025-04-11,36943.48097,685.9112654,555.5881249,0,31496.50767,1200,1200,26739.9188,0,26739.9188,1200,1393.084086,41,5.118456781,kernel,27637.64207
2025-04-12,37075.69755,405.9815174,328.8450291,0,27973.40052,1200,1200,26806.5666,0,26806.5666,1200,1324.593208,42,6.033245976,kernel,28536.13168
2025-04-13,64951.96998,637.4118535,516.3036013,0,10554.50325,1200,1200,50091.39182,0,50091.39182,1200,1335.625093,43,13.18584219,kernel,50302.79931
2025-04-14,64653.52744,757.9348075,613.927194,0,11981.48803,1200,1200,49899.81649,0,49899.81649,1200,1404.932323,44,14.17348927,kernel,50181.37372
2025-04-15,64495.23628,491.2842731,397.9402612,0,14262.46343,1200,1200,49755.76545,0,49755.76545,1200,1388.791034,45,15.44869139,kernel,50056.16288
2025-04-16,64064.95929,855.350467,692.8338782,0,8122.850747,1200,1200,49423.08714,0,49423.08714,1200,1443.582882,46,15.22324384,kernel,49793.87371
2025-04-17,63894.55687,517.6169932,419.2697645,0,10927.86729,1200,1200,49265.38224,0,49265.38224,1200,1345.141605,47,16.00888402,kernel,49658.10884
2025-04-18,36590.18116,407.5461144,330.1123527,43.46379633,30202.09401,1200,1200,26313.40248,93.56233636,26406.96482,1200,1416.01236,48,5.981744463,kernel,27349.67887
2025-04-19,36539.4952,462.1673453,374.3555497,2.1812,29669.18536,1200,1200,26227.83437,4.6328688,26232.46724,1200,1347.050387,49,7.247524031,kernel,27619.98509
2025-04-20,63761.13886,772.343582,625.5983014,0,11656.6487,1200,1200,49126.52253,0,49126.52253,1200,1514.279897,50,16.93195549,kernel,49499.32088
2025-04-21,63558.06483,755.8445026,612.2340471,0,14897.54399,1200,1200,48958.09831,0,48958.09831,1200,1502.331518,51,17.45809319,kernel,49314.30355
2025-04-22,62912.98077,824.1449587,667.5574166,0,10603.46391,1200,1200,48461.55561,0,48461.55561,1200,1480.292306,52,16.72425554,kernel,48868.40662
2025-04-23,62940.89384,620.3063025,502.448105,8.113233333,11431.23216,1200,1200,48449.55016,17.2325076,48466.78267,1200,1351.476139,53,17.98367065,kernel,48854.0608
2025-04-24,62637.73124,471.6407346,382.028995,0,15458.0128,1200,1200,48156.35157,0,48156.35157,1200,1347.279024,54,17.96141731,kernel,48552.71603
2025-04-25,35832.76159,431.6471068,349.6341565,0,33750.39099,1200,1200,25684.44866,0,25684.44866,1200,1299.975993,55,6.500087882,kernel,26999.69176
2025-04-26,35491.59808,632.7728342,512.5459957,0,35301.17761,1200,1200,25355.37261,0,25355.37261,1200,1451.005624,56,6.368485569,kernel,26731.00503
2025-04-27,61849.59138,918.7274371,744.169224,0,13101.56198,1200,1200,47464.89869,0,47464.89869,1200,1442.181498,57,14.8973089,kernel,47784.11655
2025-04-28,61763.17643,2128.118509,1723.775992,0,4736.866595,1200,1200,47409.43013,0,47409.43013,1200,2135.416233,58,15.47602562,kernel,47749.56217
2025-04-29,62327.66261,810.4237603,656.4432459,0,14740.46838,1200,1200,47874.09046,0,47874.09046,1200,1653.249967,59,20.7435446,kernel,48280.96135
2025-04-30,62336.68412,727.091421,588.944051,0,13941.68232,1200,1200,47806.72054,0,47806.72054,1200,1532.485061,60,21.69250819,kernel,48206.5083
2025-05-01,60501.23499,5125.54712,4151.693167,0,8516.00224,1200,1200,46182.88442,0,46182.88442,1200,4772.991718,30,9.46355995,kernel,46266.09448
2025-05-02,34111.44345,4067.081796,3294.336255,135.3787572,19183.75659,1200,1200,24382.8709,292.6324731,24675.50338,1200,4280.559526,31,2.498491897,kernel,25414.12612
2025-05-03,34920.7907,2764.26534,2239.054926,58.16779515,25586.57643,1200,1200,25081.77674,124.3811288,25206.15787,1200,3360.30075,32,5.949359749,kernel,25919.00053
2025-05-04,61297.18917,3035.153359,2458.47422,0,8985.842697,1200,1200,47091.54632,0,47091.54632,1200,3586.611701,33,16.76637727,kernel,47377.95392
2025-05-05,61738.24952,4025.838313,3260.929034,14.72901667,5912.06246,1200,1200,47403.12076,31.2844314,47434.40519,1200,3573.691314,34,17.58755304,kernel,47665.60398
2025-05-06,61530.44737,3996.966862,3237.543158,0,7900.941302,1200,1200,47213.99623,0,47213.99623,1200,3535.94703,35,17.23446726,kernel,47358.91297
2025-05-07,61709.11191,4044.184284,3275.78927,0,5872.870943,1200,1200,47427.84652,0,47427.84652,1200,4343.235954,36,17.52716152,kernel,47568.13074
2025-05-08,62166.20311,3101.910146,2512.547218,0,5750.327778,1200,1200,47887.04612,0,47887.04612,1200,3089.772477,37,19.49643942,kernel,48103.23948
2025-05-09,36749.68756,1435.45186,1162.716007,0,27977.56586,1200,1200,26615.11608,0,26615.11608,1200,2221.271462,38,8.142201567,kernel,31076.82256
2025-05-10,36287.79367,2098.004745,1699.383843,0,23768.12749,1200,1200,26192.56578,0,26192.56578,1200,2870.961456,39,8.190637525,kernel,28465.09663
2025-05-11,62595.60413,2764.492722,2239.239105,0,6586.271432,1200,1200,48222.67296,0,48222.67296,1200,3141.228284,40,21.17078497,kernel,48490.4262
2025-05-12,62778.0482,1867.902574,1513.001085,0,10491.95148,1200,1200,48371.31778,0,48371.31778,1200,2526.84172,41,21.38040604,kernel,48636.45217
2025-05-13,62545.76238,1627.641168,1318.389346,0,9107.297795,1200,1200,48122.78271,0,48122.78271,1200,2319.1096,42,22.35129784,kernel,48364.20348
2025-05-14,62303.68332,1675.61545,1357.248515,0,8971.167601,1200,1200,47979.33847,0,47979.33847,1200,2434.253014,43,21.6688441,kernel,48179.41585
2025-05-15,62205.94369,2144.154892,1736.765462,0,9033.49598,1200,1200,47887.69078,0,47887.69078,1200,2394.329092,44,20.91436363,kernel,48046.56529
2025-05-16,36181.81133,1274.691888,1032.50043,0,33224.11334,1200,1200,26269.00387,0,26269.00387,1200,2097.163002,45,8.114690565,kernel,28347.28675
2025-05-17,36378.38048,1549.263338,1254.903304,0,25635.22137,1200,1200,26395.64847,0,26395.64847,1200,2203.31102,46,8.861106529,kernel,28955.18223
2025-05-18,62005.94675,1830.404475,1482.627625,0,7982.001796,1200,1200,47691.45388,0,47691.45388,1200,2115.770923,47,22.01695505,kernel,47802.18136
2025-05-19,61901.64871,1283.985788,1040.028488,0,14142.47486,1200,1200,47602.86049,0,47602.86049,1200,2195.042922,48,22.43522321,kernel,47708.48275
2025-05-20,61763.02682,2040.02631,1652.421311,0,6848.027001,1200,1200,47453.82708,0,47453.82708,1200,2478.955097,49,22.56561774,kernel,47548.8974
2025-05-21,61748.03681,2476.891391,2006.282027,0,9914.812164,1200,1200,47454.52868,0,47454.52868,1200,3051.139975,50,22.46929279,kernel,47577.95859
2025-05-22,61677.13644,1141.691753,924.7703201,0,10643.58419,1200,1200,47378.57132,0,47378.57132,1200,1778.201279,51,21.64674555,kernel,47535.14888
2025-05-23,35921.08843,973.2029803,788.294414,0,29315.23099,1200,1200,25952.66347,0,25952.66347,1200,1734.759643,52,9.505039674,kernel,27001.18223
2025-05-24,36386.82011,957.6290216,775.6795075,0,32450.36921,1200,1200,26346.98569,0,26346.98569,1200,1808.669247,53,10.17679031,kernel,28417.68848
2025-05-25,61396.02003,1329.542998,1076.929829,0,12598.39668,1200,1200,47174.03174,0,47174.03174,1200,2054.901537,54,21.02727119,kernel,47368.60227
2025-05-26,61157.20076,1930.399018,1563.623205,0,6210.592,1200,1200,46956.99877,0,46956.99877,1200,1924.891045,55,18.04407024,kernel,47138.92102
2025-05-27,61431.36721,1498.224226,1213.561623,0.6934,11757.03071,1200,1200,47198.35713,1.4727816,47199.82991,1200,2116.109075,56,23.74879678,kernel,47397.12479
2025-05-28,61234.80482,1654.049783,1339.780324,0,8646.711264,1200,1200,47036.96952,0,47036.96952,1200,1877.9255,57,23.70582407,kernel,47244.69569
2025-05-29,61422.84243,2362.427414,1913.566205,0,6863.857725,1200,1200,47159.12807,0,47159.12807,1200,2075.07549,58,28.10344594,kernel,47347.05956
2025-05-30,36099.99808,909.2718775,736.5102208,0,29331.00316,1200,1200,26039.87208,0,26039.87208,1200,1551.196458,59,10.87039165,kernel,27400.14645
2025-05-31,35877.32891,1219.975273,988.1799712,0,27256.35206,1200,1200,25905.23282,0,25905.23282,1200,1759.99922,60,12.25291176,kernel,26997.61708
2025-06-01,62017.6747,2227.594896,1804.351866,9646.874747,16.48011753,1200,1200,47784.7361,36146.19955,83930.93565,1200,3065.636515,31,15.74234225,kernel,48011.06183
2025-06-02,61556.80757,4839.672059,3920.134368,8003.537569,3.97903932e-13,1200,1200,47637.76547,28450.85042,76088.61589,1200,4765.710494,32,4.882773266,kernel,48350.54937
2025-06-03,69701.54626,3907.292685,3164.907075,863.51721,1630.311027,1200,1200,53986.8554,3009.820614,56996.67601,1200,2790.715645,33,2.436700095,kernel,53987.74227
2025-06-04,71311.478,2358.681761,1910.532226,592.4680453,1810.535697,1200,1200,56508.65414,1277.605859,57786.26,1200,2260.382774,34,1.028496476,kernel,56524.31081
2025-06-05,71956.86876,4127.989542,3343.671529,439.2017662,462.4344962,1200,1200,56140.62024,1041.692778,57182.31302,1200,3069.080868,35,1.228512026,kernel,56466.65883
2025-06-06,72774.4174,0,0,0,41919.422,1200,1200,57139.2252,0,57139.2252,1200,1200,36,1.826765242,kernel,57194.25204
2025-06-07,43775.95116,1386.421227,1123.001194,57.78938561,12443.80734,1200,1200,32816.77364,117.4138834,32934.18753,1200,1559.365746,37,1.006129886,kernel,33159.15402
2025-06-08,72686.77415,1410.930461,1142.853674,0,7233.774099,1200,1200,57095.93372,0,57095.93372,1200,1836.311156,38,1.601002461,kernel,57113.78745
2025-06-09,72097.35061,5214.990612,4224.142396,117.9184295,291.7080894,1200,1200,55516.87069,255.3596826,55772.23037,1200,3435.262802,39,1.456713088,kernel,55786.63969
2025-06-10,72891.76034,3865.916894,3131.392684,19.8526,558.6444974,1200,1200,56865.15877,42.1669224,56907.32569,1200,2688.600772,40,2.828209386,kernel,57040.75104
2025-06-11,73135.93225,2816.086669,2281.030202,3595.312087,111.7415538,1200,1200,57281.45364,15328.43651,72609.89015,1200,2454.661654,41,3.936448329,kernel,57403.76301
2025-06-12,77606.06483,3393.414787,2748.665977,0,4508.924586,1200,1200,59514.66108,0,59514.66108,1200,3117.570643,42,4.513815731,kernel,59692.07501
2025-06-13,62489.07295,125.4758951,101.635475,0,34119.91883,1200,1200,42408.55884,0,42408.55884,1200,1259.398326,43,2.412363223,kernel,47753.76217
2025-06-14,45642.18447,554.9981312,449.5484863,44.77388333,19388.16596,1200,1200,34042.42354,95.0997282,34137.52327,1200,1471.458485,44,2.552994169,kernel,41447.33244
2025-06-15,76889.25047,2061.642932,1669.930775,0,5870.563978,1200,1200,59155.22991,0,59155.22991,1200,2079.056053,45,6.43855464,kernel,59492.18841
2025-06-16,76274.41926,3319.078088,2688.453251,0,2949.741602,1200,1200,58930.56152,0,58930.56152,1200,2422.638562,46,7.241010064,kernel,59465.59561
2025-06-17,75635.22669,4647.609752,3764.563899,0,115.1696236,1200,1200,58765.38917,0,58765.38917,1200,4124.094395,47,8.390494756,kernel,59476.7976
2025-06-18,76497.29174,1476.966397,1196.342781,0,5288.27722,1200,1200,59275.96427,0,59275.96427,1200,1520.651689,48,8.961668654,kernel,59590.5308
2025-06-19,76432.12716,1808.506183,1464.890008,0,7829.006788,1200,1200,59113.86072,0,59113.86072,1200,1735.661652,49,10.29057588,kernel,59390.87445
2025-06-20,46504.79955,173.0511806,140.1714563,0,24071.33898,1200,1200,34366.03732,0,34366.03732,1200,1272.509995,50,4.59040168,kernel,41978.23862
2025-06-21,44844.35732,477.9805246,387.1642249,0,25418.80062,1200,1200,33288.6709,0,33288.6709,1200,1287.315323,51,6.289809214,kernel,40051.14562
2025-06-22,76298.20879,1771.923936,1435.258389,0,8504.20214,1200,1200,58566.44795,0,58566.44795,1200,2080.824135,52,15.81461102,kernel,58920.98081
2025-06-23,75878.62395,1868.964628,1513.861349,0,8462.234668,1200,1200,58277.82141,0,58277.82141,1200,2095.844031,53,16.58161963,kernel,58766.28287
2025-06-24,75085.89532,5111.787762,4140.548087,2240.476935,86.34033219,1200,1200,57840.90188,7067.996279,64908.89816,1200,4497.071634,54,17.97101165,kernel,58588.07088
2025-06-25,76404.76755,2644.773338,2142.266404,0,5464.839253,1200,1200,58862.77488,0,58862.77488,1200,2570.155528,55,16.742108,kernel,59375.16339
2025-06-26,76401.58218,1934.72349,1567.126027,0,8486.600885,1200,1200,58845.47365,0,58845.47365,1200,2198.071282,56,17.28494061,kernel,59287.63306
2025-06-27,43376.42081,231.6995824,187.6766617,13.8737045,23574.62573,1200,1200,32307.23573,29.4469378,32336.68266,1200,1279.920572,57,6.979637182,kernel,37193.09263
2025-06-28,42827.37915,548.1803061,444.026048,0,20946.29878,1200,1200,31825.31256,0,31825.31256,1200,1368.008952,58,8.966843678,kernel,36309.51838
2025-06-29,76435.93537,2267.864512,1836.970255,0,6737.272579,1200,1200,58552.09656,0,58552.09656,1200,2190.535048,59,21.38748108,kernel,59026.30824
2025-06-30,76453.16423,2821.622076,2285.513882,0,6039.372054,1200,1200,58614.1887,0,58614.1887,1200,2491.726869,60,21.55507654,kernel,59048.99337
2025-07-01,76655.4134,6046.6268,4897.767708,3525.83933,165.8496052,1200,1200,59116.17877,7560.431357,66676.61012,1200,4829.410731,30,17.47440141,kernel,59481.0695
2025-07-02,77846.39021,7279.663941,5896.527792,274.9740754,3833.461771,1200,1200,59815.11996,591.7387349,60406.85869,1200,5598.494189,31,17.19612015,kernel,60425.94909
2025-07-03,78105.20055,5813.047604,4708.568559,2836.932659,77.23523254,1200,1200,59936.61701,6103.344369,66039.96138,1200,5289.222986,32,11.37361799,kernel,60373.66996
2025-07-04,42821.62388,5312.548874,4303.164588,2871.550485,15802.92261,1200,1200,31663.17858,6461.609193,38124.78777,1200,5805.549983,33,4.312498787,kernel,36180.41588
2025-07-05,48914.68868,2278.6952,1845.743112,270.0509315,19961.70755,1200,1200,36119.53716,578.7764206,36698.31358,1200,2316.649193,34,1.345299086,kernel,37207.3362
2025-07-06,81211.07765,6744.79363,5463.28284,0,135.5853069,1200,1200,61971.05889,0,61971.05889,1200,6008.359908,35,7.442672084,kernel,61971.06428
2025-07-07,81532.96511,2840.178477,2300.544566,0,7583.84843,1200,1200,62946.60098,0,62946.60098,1200,2950.54669,36,5.470446715,kernel,63045.81636
2025-07-08,81378.15745,4415.255323,3576.356812,0,4967.871927,1200,1200,62557.27347,0,62557.27347,1200,3670.272906,37,5.45335971,kernel,62874.85517
2025-07-09,81302.91265,2420.576214,1960.666734,0,6784.278157,1200,1200,62692.54533,0,62692.54533,1200,2379.601578,38,7.246832438,kernel,63057.65609
2025-07-10,81269.43486,1859.463628,1506.165539,0,8062.513387,1200,1200,62783.04598,0,62783.04598,1200,2115.007019,39,5.894349822,kernel,63174.39321
2025-07-11,63243.38583,714.7517509,578.9489182,0,30588.80585,1200,1200,43671.73787,0,43671.73787,1200,1393.629546,40,3.222411343,kernel,49459.00192
2025-07-12,52759.81036,985.748173,798.4560202,0,21488.27488,1200,1200,38709.97965,0,38709.97965,1200,1470.182052,41,4.381842238,kernel,46418.42898
2025-07-13,81243.26535,1801.958585,1459.586454,0,11633.17282,1200,1200,62467.08539,0,62467.08539,1200,2406.533874,42,10.40251571,kernel,62778.70115
2025-07-14,81262.71767,1805.404192,1462.377395,0,9112.011656,1200,1200,62419.20618,0,62419.20618,1200,2439.663148,43,11.18545604,kernel,62732.26614
2025-07-15,80751.16465,1571.082798,1272.577067,0,7703.608336,1200,1200,62210.08402,0,62210.08402,1200,1561.24071,44,9.435223752,kernel,62718.60941
2025-07-16,80387.91087,2614.476656,2117.726091,0,7756.596923,1200,1200,61907.70885,0,61907.70885,1200,2033.786856,45,9.987405227,kernel,62493.4133
2025-07-17,80270.3429,3094.02721,2506.16204,0,6962.061662,1200,1200,61752.39067,0,61752.39067,1200,2343.666958,46,12.10094137,kernel,62406.31316
2025-07-18,54359.91184,409.8207634,331.9548183,0,23007.7978,1200,1200,39573.14069,0,39573.14069,1200,1305.768583,47,5.586926197,kernel,47005.72477
2025-07-19,51825.72535,1168.827008,946.7498762,0,24420.82917,1200,1200,38169.94611,0,38169.94611,1200,1503.509166,48,7.388049847,kernel,45423.5779
2025-07-20,80799.66321,1446.29504,1171.498983,0,8434.888935,1200,1200,61881.29186,0,61881.29186,1200,1971.770705,49,18.93455089,kernel,62319.28036
2025-07-21,80395.17242,2594.257777,2101.348799,0,5912.514095,1200,1200,61684.45029,0,61684.45029,1200,2350.55362,50,19.03624496,kernel,62281.4205
2025-07-22,79850.89765,2625.016741,2126.26356,0,5556.999855,1200,1200,61496.80355,0,61496.80355,1200,1771.75034,51,18.44679759,kernel,62277.01326
2025-07-23,79789.6126,3302.141212,2674.734382,0,4945.658651,1200,1200,61444.71503,0,61444.71503,1200,2779.732716,52,20.1796147,kernel,62229.07938
2025-07-24,79676.22481,3138.151418,2541.902648,0,5463.504041,1200,1200,61435.32717,0,61435.32717,1200,2833.837283,53,21.8579986,kernel,62240.82215
2025-07-25,50961.91133,512.6463229,415.2435215,0,24359.18896,1200,1200,37710.92262,0,37710.92262,1200,1420.235575,54,8.447437655,kernel,44142.84829
2025-07-26,50374.47399,818.2089484,662.7492482,0,21749.92272,1200,1200,37164.04284,0,37164.04284,1200,1356.332509,55,9.354923412,kernel,41713.19682
2025-07-27,79623.78975,3300.039684,2673.032144,113.9292586,5425.521667,1200,1200,61371.50298,243.7491252,61615.25211,1200,2938.925238,56,22.92256109,kernel,62170.17467
2025-07-28,79485.48393,3970.441969,3216.057995,0,776.222719,1200,1200,61361.32875,0,61361.32875,1200,2675.315751,57,24.10940428,kernel,62186.45702
2025-07-29,79602.03213,2637.462263,2136.344433,0,3031.668349,1200,1200,61407.4852,0,61407.4852,1200,1959.190611,58,28.56315304,kernel,62173.47866
2025-07-30,79599.11022,3296.234282,2669.949768,0,4869.571653,1200,1200,61389.21904,0,61389.21904,1200,2331.101008,59,30.96095919,kernel,62120.64669
2025-07-31,79566.80008,2796.493973,2265.160119,0,4340.469954,1200,1200,61396.28632,0,61396.28632,1200,2402.158053,60,31.75668838,kernel,62121.87627
2025-08-01,50283.13857,663.0680073,537.0850859,0,28905.79598,1200,1200,37105.05227,0,37105.05227,1200,1381.473588,31,7.39031082,kernel,39656.87776
2025-08-02,50171.92382,424.2587083,343.6495537,0,29164.28973,1200,1200,36961.54168,0,36961.54168,1200,1362.719426,32,8.693675194,kernel,39324.50263
2025-08-03,79400.03633,975.4386223,790.105284,0,16375.22301,1200,1200,61337.35797,0,61337.35797,1200,1688.082816,33,12.61058149,kernel,61649.82135
2025-08-04,77587.46187,785.456366,636.2196565,0,12022.57008,1200,1200,59845.10699,0,59845.10699,1200,1439.620167,34,4.634143534,kernel,60031.57763
2025-08-05,74135.1406,1676.588338,1358.036554,173.0459223,8837.325006,1200,1200,57487.04146,371.3184251,57858.35988,1200,1679.851963,35,1.301220951,kernel,58027.46121
2025-08-06,73911.80806,4028.890139,3263.401013,0,5031.919665,1200,1200,57194.00262,0,57194.00262,1200,4021.282161,36,1.519479084,kernel,57265.00032
2025-08-07,75211.61496,1945.65484,1575.98042,133.6446012,11587.5999,1200,1200,58227.62902,286.0500518,58513.67907,1200,1891.651025,37,2.30873827,kernel,58456.21634
2025-08-08,67992.5994,0,0,0,52217.42815,1200,1200,49995.19397,0,49995.19397,1200,1200,38,6.241651803,kernel,51242.4563
2025-08-09,46493.71402,1824.986003,1478.238662,131.3571309,27356.39481,1200,1200,34592.63658,280.8559962,34873.49258,1200,1823.040603,39,1.018249762,kernel,34980.73005
2025-08-10,74556.99324,1610.418998,1304.439388,0,8946.394579,1200,1200,57579.75079,0,57579.75079,1200,2015.555239,40,3.088723578,kernel,57634.36412
2025-08-11,74585.29134,2185.410182,1770.182247,53.5352955,9662.345365,1200,1200,57598.68557,114.4548312,57713.1404,1200,2151.956224,41,3.975086034,kernel,57715.68062
2025-08-12,74690.37252,2347.390943,1901.386664,37.16266733,6520.987259,1200,1200,57731.10726,78.87776142,57809.98502,1200,2766.788527,42,5.168103321,kernel,57926.45443
2025-08-13,75090.93414,1274.270638,1032.159217,0,8727.843273,1200,1200,58042.47329,0,58042.47329,1200,1486.919287,43,7.002833475,kernel,58404.34312
2025-08-14,74850.21905,2632.486769,2132.314283,358.2968901,8782.052471,1200,1200,57834.439,974.7636339,58809.20263,1200,2678.23451,44,7.745761748,kernel,58186.08481
2025-08-15,47521.75948,1038.417025,841.1177901,23.51596416,30188.24932,1200,1200,35219.43978,43.65738746,35263.09717,1200,1543.998258,45,2.848392376,kernel,36353.29553
2025-08-16,47666.74469,1026.150276,831.1817233,3.339110052,30545.83488,1200,1200,35274.97914,7.092269751,35282.07141,1200,1467.269372,46,3.702851896,kernel,36437.60516
2025-08-17,75160.58374,1917.150342,1552.891777,0,11630.93156,1200,1200,58028.86894,0,58028.86894,1200,1775.608794,47,9.303999431,kernel,58306.80674
2025-08-18,74980.26076,2151.730635,1742.901814,0,10177.31633,1200,1200,57923.54087,0,57923.54087,1200,1936.744741,48,9.882912147,kernel,58154.7622
2025-08-19,74984.94521,1222.393432,990.1386802,0,10435.03041,1200,1200,57996.94709,0,57996.94709,1200,1500.210851,49,11.21209365,kernel,58247.24978
2025-08-20,74967.24654,3019.006545,2445.395302,1177.227171,4920.171397,1200,1200,57967.89938,4347.891804,62315.79118,1200,2897.97584,50,12.02984097,kernel,58232.92016
2025-08-21,76373.73484,949.4952221,769.0911299,0,10348.91227,1200,1200,58833.49109,0,58833.49109,1200,1453.197056,51,15.6062609,kernel,59334.68317
2025-08-22,47906.09352,1800.00964,1458.007808,0,26333.52229,1200,1200,35428.31328,0,35428.31328,1200,2045.546674,52,6.058754386,kernel,36479.27305
2025-08-23,48204.98321,724.1024327,586.5229705,0,25537.3976,1200,1200,35670.59047,0,35670.59047,1200,1340.815809,53,7.775695957,kernel,36641.91573
2025-08-24,76636.75547,2303.129424,1865.534834,0,12465.57139,1200,1200,58961.58035,0,58961.58035,1200,2231.881429,54,20.9698267,kernel,59562.09225
2025-08-25,76201.9887,3872.944713,3137.085218,0,4693.042187,1200,1200,58769.58272,0,58769.58272,1200,3428.054459,55,20.55534548,kernel,59365.96934
2025-08-26,77313.39682,1565.078279,1267.713406,0,11487.21356,1200,1200,59574.67793,0,59574.67793,1200,1855.172865,56,27.15988255,kernel,60285.24681
2025-08-27,77157.49077,2816.635129,2281.474455,0,8708.181224,1200,1200,59502.42127,0,59502.42127,1200,2366.90098,57,27.64830095,kernel,60127.60577
2025-08-28,77614.90376,2418.85633,1959.273627,0,6387.526074,1200,1200,59913.81695,0,59913.81695,1200,2395.045687,58,27.0385807,kernel,60671.54578
2025-08-29,49122.48252,1894.592762,1534.620137,0,26207.28955,1200,1200,36253.04915,0,36253.04915,1200,2308.143935,59,13.72646742,kernel,37769.5615
2025-08-30,49525.25043,998.5753555,808.846038,0,30822.80128,1200,1200,36505.33107,0,36505.33107,1200,1655.948158,60,13.61161953,kernel,37977.26322
2025-08-31,77243.54176,2003.488549,1622.825724,0,10216.25585,1200,1200,59679.16252,0,59679.16252,1200,2173.411739,61,27.1789219,kernel,60397.53838
2025-09-01,75571.2687,38.93701961,31.53898588,0,21989.73614,1200,1200,58705.8807,0,58705.8807,1200,1235.043318,31,13.26358891,kernel,58866.27514
2025-09-02,74927.72591,753.4442396,610.2898341,0,20726.81566,1200,1200,58017.69884,0,58017.69884,1200,1878.099816,32,16.63464163,kernel,58217.53399
2025-09-03,74089.01647,331.14876,268.2304956,0,18478.38096,1200,1200,57334.36225,0,57334.36225,1200,1421.512628,33,15.00894684,kernel,57478.63188
2025-09-04,72760.28765,894.5382757,724.5760033,0,18664.75983,1200,1200,56145.09896,0,56145.09896,1200,1653.691012,34,11.18652161,kernel,56402.75574
2025-09-05,48371.8383,269.708288,218.4637133,0,41496.33205,1200,1200,35940.20846,0,35940.20846,1200,1433.703058,35,5.168812583,kernel,37494.1009
2025-09-06,39584.55255,1121.102692,908.0931803,0,31650.45934,1200,1200,29601.2934,0,29601.2934,1200,1530.9974,36,1.384618075,kernel,30993.38295
2025-09-07,69810.36628,1010.47369,818.4836892,0,14657.39267,1200,1200,53682.86621,0,53682.86621,1200,1964.761237,37,4.671403366,kernel,54148.76888
2025-09-08,63036.97625,5317.4595,4307.142195,0,2631.089412,1200,1200,49172.86117,0,49172.86117,1200,5102.693218,38,1.896669763,kernel,50008.78587
2025-09-09,64976.02726,2263.767379,1833.651577,0,11443.07719,1200,1200,50697.84669,0,50697.84669,1200,2396.180401,39,3.296798138,kernel,51287.39696
2025-09-10,65588.20923,1981.308634,1604.859993,1508.515431,5404.27737,1200,1200,51211.79614,6111.972254,57323.7684,1200,2176.748013,40,4.027508475,kernel,51683.09401
2025-09-11,67572.62112,1704.916097,1380.982039,0,13752.60128,1200,1200,52437.60299,0,52437.60299,1200,1700.734093,41,4.234683879,kernel,52673.44231
2025-09-12,43126.21159,1037.547979,840.4138628,0,31377.42128,1200,1200,31401.37643,0,31401.37643,1200,1762.636418,42,3.053086742,kernel,32476.27146
2025-09-13,40546.80829,1110.847731,899.7866622,0,32328.64574,1200,1200,30239.96246,0,30239.96246,1200,1755.849795,43,3.185676071,kernel,31972.50876
2025-09-14,67962.75519,2766.244088,2240.657711,0,7337.844062,1200,1200,52627.78383,0,52627.78383,1200,2615.724134,44,9.55530179,kernel,53183.33963
2025-09-15,67889.47478,2383.343299,1930.508072,0,12369.60892,1200,1200,52790.61963,0,52790.61963,1200,2546.58128,45,8.897816554,kernel,53248.1957
2025-09-16,67629.69795,2197.278604,1779.795669,0,7720.445036,1200,1200,52622.27028,0,52622.27028,1200,2048.698602,46,9.640999984,kernel,53011.27465
2025-09-17,67575.1571,2643.645166,2141.352585,0,7112.74612,1200,1200,52791.46487,0,52791.46487,1200,2696.280701,47,9.504102222,kernel,53277.73761
2025-09-18,67657.45415,2192.499963,1775.92497,0,8284.828042,1200,1200,52809.67073,0,52809.67073,1200,2256.600488,48,10.05379159,kernel,53104.79957
2025-09-19,41094.8475,1160.02041,939.616532,0,24773.0913,1200,1200,30734.68004,0,30734.68004,1200,1538.25271,49,4.074504658,kernel,33403.24073
2025-09-20,40704.1935,1445.566749,1170.909067,11.47173333,24795.57382,1200,1200,30409.46387,24.3659616,30433.82984,1200,1735.330542,50,3.859048606,kernel,31941.11576
2025-09-21,67655.99462,1478.765169,1197.799787,0,9087.541751,1200,1200,52997.89557,0,52997.89557,1200,1849.218326,51,9.519699731,kernel,53399.35763
2025-09-22,67552.68669,3002.503228,2432.027615,0,6368.191192,1200,1200,52841.64203,0,52841.64203,1200,2478.496014,52,10.22200031,kernel,53169.47726
2025-09-23,67970.59733,3733.397759,3024.052185,0,5144.63617,1200,1200,53225.98986,0,53225.98986,1200,3148.591751,53,12.32830312,kernel,53655.26168
2025-09-24,68046.35055,2037.445782,1650.331083,849.6269215,7445.637671,1200,1200,53421.71856,2887.403674,56309.12223,1200,2461.188631,54,12.72295984,kernel,53877.12794
2025-09-25,68798.03499,2574.54588,2085.382163,0,7973.422375,1200,1200,53824.5558,0,53824.5558,1200,2146.821797,55,11.76265086,kernel,54168.73675
2025-09-26,43323.60558,569.3562603,461.1785708,0,25521.18439,1200,1200,31998.89477,0,31998.89477,1200,1518.784506,56,5.771483935,kernel,34644.29172
2025-09-27,41385.42624,1878.691717,1521.740291,0,23227.17257,1200,1200,30988.68014,0,30988.68014,1200,1844.858865,57,5.656215938,kernel,33715.22496
2025-09-28,68692.65212,3226.788233,2613.698469,38.40227146,4630.335461,1200,1200,53787.80464,82.94095583,53870.7456,1200,2839.114187,58,10.92340782,kernel,54126.43078
2025-09-29,68992.75154,2763.489677,2238.426638,0,5707.796904,1200,1200,54081.56951,0,54081.56951,1200,2501.146297,59,10.18286096,kernel,54314.21502
2025-09-30,69216.21667,4060.527398,3289.027193,518.0449016,3540.586596,1200,1200,54319.49072,1842.969231,56162.45995,1200,3160.058988,60,12.10396785,kernel,54569.60816
2025-10-01,69825.30049,208.1867822,168.6312936,0,20124.22347,1200,1200,55005.58281,0,55005.58281,1200,1270.132543,30,7.385504967,kernel,55134.64268
2025-10-02,68829.33341,348.8787528,282.5917898,0,17032.26333,1200,1200,53989.89584,0,53989.89584,1200,1421.965429,31,13.16436841,kernel,54167.72302
2025-10-03,40879.85354,434.9323614,352.2952128,0,32980.06269,1200,1200,30475.44194,0,30475.44194,1200,1522.506616,32,7.598350734,kernel,32201.21785
2025-10-04,40012.25334,1306.968336,1058.644352,250.8428481,26918.78977,1200,1200,29750.90936,788.3698969,30539.27926,1200,2043.628282,33,8.012389161,kernel,31800.18301
2025-10-05,67791.33879,1340.801808,1086.049464,0,12800.62538,1200,1200,53106.99703,0,53106.99703,1200,1967.008833,34,17.00141087,kernel,53343.64793
2025-10-06,67404.71725,1791.281921,1450.938356,0,9331.264439,1200,1200,52853.44374,0,52853.44374,1200,2029.606593,35,16.41871783,kernel,53103.85257
2025-10-07,67310.17122,1665.638341,1349.167056,465.8547166,9687.99165,1200,1200,52794.65243,1696.892505,54491.54494,1200,2331.98532,36,16.1080701,kernel,53021.97624
2025-10-08,67551.90196,2195.283772,1778.179855,0,10656.30238,1200,1200,52708.21543,0,52708.21543,1200,2647.239878,37,15.91157304,kernel,52814.1517
2025-10-09,67449.38584,1902.538962,1541.056559,0,11327.92176,1200,1200,52686.8552,0,52686.8552,1200,2425.319138,38,17.13205585,kernel,52762.06162
2025-10-10,40271.71442,1388.60948,1124.773679,0,30664.2677,1200,1200,29872.53714,0,29872.53714,1200,2000.515794,39,7.54299613,kernel,30649.4085
2025-10-11,40246.2959,1366.436747,1106.813765,0,25880.35933,1200,1200,29771.95303,0,29771.95303,1200,2024.394273,40,9.131025944,kernel,31098.28568
2025-10-12,67395.89379,2111.849105,1710.597775,0,8479.686472,1200,1200,52653.07905,0,52653.07905,1200,2428.741079,41,19.32147307,kernel,52716.69498
2025-10-13,67429.52438,1897.222195,1536.749978,0,10041.65686,1200,1200,52754.5677,0,52754.5677,1200,2159.408134,42,19.93360959,kernel,52820.15602
2025-10-14,67330.27856,2473.573855,2003.594823,1034.31422,7120.784469,1200,1200,52732.76321,3854.774491,56587.5377,1200,2385.660791,43,19.67226083,kernel,52810.66687
2025-10-15,67527.76415,2352.506113,1905.529952,411.400707,5572.165042,1200,1200,52900.016,1216.013655,54116.02965,1200,2392.338778,44,20.52623229,kernel,53254.29925
2025-10-16,68216.78234,4502.29944,3646.862546,489.8494235,4884.721923,1200,1200,53311.3389,1513.220728,54824.55962,1200,3742.436346,45,20.14222874,kernel,53463.83247
2025-10-17,40696.34036,877.1330611,710.4777795,0,24525.48576,1200,1200,30318.32799,0,30318.32799,1200,1760.66428,46,6.017822775,kernel,31764.50536
2025-10-18,40275.81022,991.6233843,803.2149413,0,24010.80851,1200,1200,29980.29841,0,29980.29841,1200,1523.237927,47,4.719757225,kernel,31611.00779
2025-10-19,68889.61053,5145.785763,4168.086468,0,4026.188702,1200,1200,53839.23917,0,53839.23917,1200,3993.504479,48,15.06008396,kernel,53968.98521
2025-10-20,69216.26388,2983.3172,2416.486932,893.318694,5101.969941,1200,1200,54130.3436,3610.075243,57740.41884,1200,3022.167179,49,13.27916901,kernel,54190.01407
2025-10-21,70406.12362,3954.453717,3203.10751,0.5613047756,3192.757368,1200,1200,54810.96025,1.20708592,54812.16734,1200,3439.067251,50,10.78723411,kernel,54882.42357
2025-10-22,70435.0735,3233.285919,2618.961594,692.8755646,4958.728042,1200,1200,55003.3845,2389.912459,57393.29696,1200,3333.113545,51,8.843739073,kernel,55023.85314
2025-10-23,71255.15911,2162.573369,1751.684429,0,7464.773134,1200,1200,55583.59908,0,55583.59908,1200,2322.858494,52,8.330042534,kernel,55583.60332
2025-10-24,40734.99308,1233.869976,999.4346805,234.1325926,22314.63966,1200,1200,30310.85744,693.238778,31004.09622,1200,1826.468028,53,4.150617257,kernel,34171.17688
2025-10-25,40912.27687,729.695555,591.0533996,0,21375.20198,1200,1200,30356.05696,0,30356.05696,1200,1387.499149,54,3.817029782,kernel,32601.89759
2025-10-26,70883.19513,2240.5868,1814.875308,0,5913.171624,1200,1200,55327.20084,0,55327.20084,1200,2130.360263,55,10.4125707,kernel,55428.25059
2025-10-27,70687.20204,3774.958039,3057.716011,0,6417.378342,1200,1200,55285.42801,0,55285.42801,1200,3262.666852,56,10.76326594,kernel,55455.92448
2025-10-28,70414.82713,3158.427896,2558.326596,194.174176,4036.478308,1200,1200,55246.1766,418.957416,55665.13402,1200,2765.87648,57,12.08696198,kernel,55578.7959
2025-10-29,70801.98406,3934.340051,3186.815441,467.5118685,1209.714518,1200,1200,55501.45653,1597.530494,57098.98702,1200,3078.283221,58,12.83650571,kernel,55666.14966
2025-10-30,71456.09786,2429.679839,1968.040669,0,6206.641041,1200,1200,56030.24323,0,56030.24323,1200,2290.76874,59,11.76557133,kernel,56096.15214
2025-10-31,41007.57196,1396.561465,1131.214787,0,16837.93321,1200,1200,30507.30525,0,30507.30525,1200,1736.276943,60,3.601968226,kernel,33534.57794
2025-11-01,40962.93692,1020.565805,826.6583025,0,18224.99098,1200,1200,30503.64394,0,30503.64394,1200,1399.086933,31,3.382427876,kernel,32586.44897
2025-11-02,71455.21841,3152.928141,2553.871794,139.1152328,2198.893368,1200,1200,56176.76512,301.5787572,56478.34388,1200,2572.81739,32,8.991499271,kernel,56218.61961
2025-11-03,71850.75002,2268.333901,1837.35046,0,1914.836294,1200,1200,56608.66558,0,56608.66558,1200,2160.624034,33,8.576149794,kernel,56611.24066
2025-11-04,72019.76291,1985.1743,1607.991183,2.213316667,4064.721073,1200,1200,56786.00663,4.7010846,56790.70772,1200,1986.856195,34,8.663577244,kernel,56799.74349
2025-11-05,72150.53719,2971.035348,2406.538632,35.97504838,1943.995455,1200,1200,56932.65622,76.89037775,57009.54659,1200,2379.10489,35,9.408004787,kernel,56940.53053
2025-11-06,72276.5277,2164.070156,1752.896827,1334.186607,1829.956425,1200,1200,57082.75837,5775.529157,62858.28753,1200,2374.03195,36,10.23633348,kernel,57120.61817
2025-11-07,41608.67448,760.7583723,616.2142815,508.0225487,18653.69116,1200,1200,31031.10935,1848.312143,32879.42149,1200,1628.379733,37,3.760343863,kernel,35415.61364
2025-11-08,42094.95502,559.7439602,453.3926077,50.34025,18247.73682,1200,1200,31232.75384,106.9048175,31339.65866,1200,1337.139068,38,4.310971096,kernel,34012.36329
2025-11-09,73695.45022,3785.526499,3066.276464,0,1629.383001,1200,1200,57877.78029,0,57877.78029,1200,3128.961635,39,10.15077592,kernel,57977.85208
2025-11-10,73630.09949,3509.689694,2842.848652,915.2928556,20.10820289,1200,1200,58016.956,2816.96689,60833.92289,1200,3150.894519,40,10.87168781,kernel,58213.39452
2025-11-11,74439.45141,2917.234606,2362.960031,0,2326.157165,1200,1200,58644.77063,0,58644.77063,1200,2409.032265,41,10.56019445,kernel,58813.21746
2025-11-12,74580.12912,2412.982619,1954.515922,0,3165.674669,1200,1200,58872.26574,0,58872.26574,1200,2411.385924,42,10.72995392,kernel,58974.99668
2025-11-13,74567.6472,2628.793403,2129.322657,0,1672.305134,1200,1200,58966.13194,0,58966.13194,1200,2827.742937,43,11.57133234,kernel,59067.85643
2025-11-14,42189.86829,1255.65797,1017.082956,0,14352.83798,1200,1200,31378.58292,0,31378.58292,1200,1872.269124,44,4.614082667,kernel,34750.3909
2025-11-15,42232.59919,1216.895456,985.6853194,0,13789.50214,1200,1200,31463.46052,0,31463.46052,1200,1686.980307,45,5.118797567,kernel,34284.78268
2025-11-16,74501.12554,3801.275299,3079.032992,665.2071344,9.545988548,1200,1200,59050.73986,1956.042171,61006.78203,1200,2817.61807,46,11.34872664,kernel,59187.3349
2025-11-17,75095.96221,2670.892753,2163.42313,0,1892.738256,1200,1200,59536.0195,0,59536.0195,1200,2569.070944,47,11.59660584,kernel,59734.00704
2025-11-18,75235.32901,2827.151286,2289.992542,245.3802144,52.99864181,1200,1200,59614.96336,700.8563982,60315.81976,1200,2884.458166,48,12.99250313,kernel,59710.00865
2025-11-19,75779.0647,3437.557494,2784.421571,500.8762876,258.4934639,1200,1200,59960.79424,1437.290592,61398.08483,1200,3052.460151,49,13.40450933,kernel,60016.28556
2025-11-20,76079.60924,3052.638233,2472.636969,0,706.5319429,1200,1200,60273.32793,0,60273.32793,1200,3088.125691,50,13.63258365,kernel,60396.88015
2025-11-21,42764.26275,1204.472254,975.622526,95.67111726,13766.70007,1200,1200,32007.29296,206.7971574,32214.09012,1200,1559.116247,51,5.385212991,kernel,36300.13475
2025-11-22,43082.6058,1482.730793,1201.011943,0,12581.05747,1200,1200,32172.00636,0,32172.00636,1200,1599.691931,52,6.183515061,kernel,36118.06112
2025-11-23,76118.98625,2696.779103,2184.391073,1056.484327,1430.98626,1200,1200,60382.07134,3606.454812,63988.52615,1200,2956.238582,53,14.07863419,kernel,60531.15092
2025-11-24,76686.32693,2674.026232,2165.961248,0,2016.318242,1200,1200,60720.87526,0,60720.87526,1200,2688.760423,54,15.06652194,kernel,60918.64864
2025-11-25,76811.46821,3469.815152,2810.550273,22.79116841,6.334035175,1200,1200,60827.48662,47.91767347,60875.4043,1200,3052.743269,55,15.94413334,kernel,61010.36264
2025-11-26,76925.55332,3080.72044,2495.383556,668.4516722,251.0012207,1200,1200,60969.92542,2244.437287,63214.36271,1200,3310.265804,56,16.63446848,kernel,61186.79205
2025-11-27,77338.28109,3284.726442,2660.628418,0,933.2903377,1200,1200,61248.5328,0,61248.5328,1200,2997.011972,57,17.22758392,kernel,61515.57934
2025-11-28,43399.11557,1342.249221,1087.221869,0,12222.84967,1200,1200,32457.25634,0,32457.25634,1200,1681.816303,58,6.684544063,kernel,36624.70585
2025-11-29,43673.40597,1568.852994,1270.770925,0,8445.873801,1200,1200,32716.26799,0,32716.26799,1200,1655.246656,59,7.522530704,kernel,36961.12209
2025-11-30,77448.41873,2534.618781,2053.041213,3282.917936,4.930978081,1200,1200,61430.70823,11687.3003,73118.00853,1200,3305.339899,60,16.54396806,kernel,61658.3235
2025-12-01,89575.53134,6427.185527,5206.020277,0,2055.438359,1200,1200,68326.02745,0,68326.02745,1200,5368.998037,54,27.88734241,kernel,68976.84758
2025-12-02,90094.58935,6610.989597,5354.901573,0,200.6913753,1200,1200,69197.45962,0,69197.45962,1200,6014.522464,55,28.0779397,kernel,69655.50294
2025-12-03,90050.72191,4203.937442,3405.189328,0,2089.22523,1200,1200,69601.81629,0,69601.81629,1200,3731.758752,56,28.08317903,kernel,70086.91194
2025-12-04,90026.44118,3839.308153,3109.839604,0,2525.763881,1200,1200,69769.58266,0,69769.58266,1200,3205.082751,57,28.10830556,kernel,70273.70256
2025-12-05,49694.11415,1734.476035,1404.925588,0,8052.936017,1200,1200,36611.68336,0,36611.68336,1200,2079.790254,58,11.22026652,kernel,39079.09282
2025-12-06,49827.24277,2035.45893,1648.721733,7.676683333,5783.551444,1200,1200,36878.04505,16.3052754,36894.35033,1200,1820.203676,59,11.10926825,kernel,39686.709
2025-12-07,90581.07952,3232.997962,2618.72835,0,2314.128661,1200,1200,70580.32888,0,70580.32888,1200,3078.82734,60,26.36229647,kernel,70950.87537
2025-12-08,90808.19285,2422.840576,1962.500867,0,2500.642024,1200,1200,71101.08579,0,71101.08579,1200,2652.794977,61,24.51107274,kernel,71439.08129
2025-12-09,90811.26022,2464.380162,1996.147931,0,2954.573721,1200,1200,71191.24591,0,71191.24591,1200,2560.227867,62,24.57987998,kernel,71531.91975
2025-12-10,90759.17036,3128.255594,2533.887031,0,1777.183335,1200,1200,71128.88585,0,71128.88585,1200,2953.148399,63,26.28607924,kernel,71436.81765
2025-12-11,90782.27771,1028.424177,833.0235832,0,4625.622417,1200,1200,71203.67623,0,71203.67623,1200,1443.607991,64,26.53126749,kernel,71503.82929
2025-12-12,50903.81787,525.9946144,426.0556376,0,7089.465408,1200,1200,38046.45876,0,38046.45876,1200,1308.631905,65,11.18647262,kernel,44741.51769
2025-12-13,51076.59867,422.8192899,342.4836248,0,7197.729622,1200,1200,38249.38632,0,38249.38632,1200,1287.703118,66,11.73725271,kernel,45546.80233
2025-12-14,90768.24661,2954.494176,2393.140283,0,1428.170921,1200,1200,71223.50236,0,71223.50236,1200,2769.265774,67,26.54998388,kernel,71528.58728
2025-12-15,90787.81729,3400.490271,2754.39712,0,672.1661672,1200,1200,71306.71339,0,71306.71339,1200,3305.31106,68,26.59281773,kernel,71604.13374
2025-12-16,90955.52469,3054.648487,2474.265274,0,957.0501404,1200,1200,71416.72415,0,71416.72415,1200,3061.553689,69,27.33572511,kernel,71641.56756
2025-12-17,90942.45221,1774.523177,1437.363774,0,2413.44574,1200,1200,71452.70044,0,71452.70044,1200,1747.636036,70,28.09000967,kernel,71676.08314
2025-12-18,90880.61178,2059.36254,1668.083657,0,3123.065928,1200,1200,71384.66483,0,71384.66483,1200,2389.909278,71,29.52139183,kernel,71612.08286
2025-12-19,50951.63664,774.2145232,627.1137638,0,7896.144585,1200,1200,38148.82794,0,38148.82794,1200,1495.621345,72,12.44821669,kernel,44805.5556
2025-12-20,50882.44193,894.8250726,724.8083088,0,7856.072918,1200,1200,38111.27236,0,38111.27236,1200,1657.063812,73,13.50494403,kernel,44491.92261
2025-12-21,90849.75021,3103.649179,2513.955835,0,1222.275001,1200,1200,71365.263,0,71365.263,1200,2766.658057,74,31.10988123,kernel,71585.02915
2025-12-22,90860.95914,2066.379492,1673.767388,0,1530.91995,1200,1200,71425.46039,0,71425.46039,1200,1947.299402,75,31.28540404,kernel,71641.12563
2025-12-23,90867.61415,1175.898228,952.477565,0,3386.10095,1200,1200,71449.67189,0,71449.67189,1200,1531.68729,76,32.27937414,kernel,71655.70975
2025-12-24,90833.46738,2079.225303,1684.172495,0,2583.855252,1200,1200,71398.35444,0,71398.35444,1200,2211.651015,77,33.90272241,kernel,71597.32077
2025-12-25,90776.12622,1693.17863,1371.47469,0,2641.973751,1200,1200,71367.64004,0,71367.64004,1200,1710.8719,78,35.29067156,kernel,71573.20875
2025-12-26,50799.53873,633.3593484,513.0210722,0,7671.578023,1200,1200,38045.36122,0,38045.36122,1200,1537.917808,79,14.54910886,kernel,43977.20275
2025-12-27,50753.6043,558.2963111,452.220012,0,7308.718934,1200,1200,38011.10278,0,38011.10278,1200,1263.340462,80,15.28219864,kernel,43620.51693
2025-12-28,90788.62643,1185.926771,960.6006844,0,3754.04559,1200,1200,71419.32567,0,71419.32567,1200,1716.171346,81,35.00980065,kernel,71624.32262
2025-12-29,90770.07658,1529.006019,1238.494876,0,2955.799173,1200,1200,71386.78041,0,71386.78041,1200,1721.753127,82,36.42919926,kernel,71582.88069
2025-12-30,90742.65481,1171.417686,948.8483253,0,4295.682854,1200,1200,71325.69322,0,71325.69322,1200,1861.655182,83,38.11506617,kernel,71518.31267
2025-12-31,90695.79437,2636.598496,2135.644782,0,1548.417723,1200,1200,71265.40476,0,71265.40476,1200,2411.02692,84,40.07633443,kernel,71458.86847
