date,pool_size,oldest_gap_days,month_span,same_weekday_in_pool,lag7_rank,lag7_rank_share,lag7_daily_net_gap_kwh
2025-02-01,24,24,0,True,1,0.04166666667,4061.399533
2025-02-02,25,25,1,True,6,0.24,9342.712083
2025-02-03,26,26,1,True,5,0.1923076923,3978.000283
2025-02-04,27,27,1,True,7,0.2592592593,5785.535417
2025-02-05,28,28,1,True,3,0.1071428571,636.7740667
2025-02-06,29,29,1,True,7,0.2413793103,3471.525567
2025-02-07,30,30,1,True,3,0.1,6958.643383
2025-02-08,31,31,1,True,2,0.06451612903,2801.013217
2025-02-09,32,32,1,True,4,0.125,1199.138017
2025-02-10,33,33,1,True,3,0.09090909091,5890.278917
2025-02-11,34,34,1,True,7,0.2058823529,5974.266817
2025-02-12,35,35,1,True,7,0.2,5481.69085
2025-02-13,36,36,1,True,7,0.1944444444,8941.5782
2025-02-14,37,37,1,True,2,0.05405405405,2003.87785
2025-02-15,38,38,1,True,2,0.05263157895,2297.071617
2025-02-16,39,39,1,True,6,0.1538461538,4178.036867
2025-02-17,40,40,1,True,2,0.05,3142.774417
2025-02-18,41,41,1,True,4,0.09756097561,3129.20935
2025-02-19,42,42,1,True,6,0.1428571429,2387.40875
2025-02-20,43,43,1,True,2,0.04651162791,336.3452833
2025-02-21,44,44,1,True,2,0.04545454545,4241.539783
2025-02-22,45,45,1,True,1,0.02222222222,1435.328217
2025-02-23,46,46,1,True,9,0.1956521739,3845.525417
2025-02-24,47,47,1,True,2,0.04255319149,2980.82955
2025-02-25,48,48,1,True,6,0.125,6270.06455
2025-02-26,49,49,1,True,8,0.1632653061,4064.47935
2025-02-27,50,50,1,True,4,0.08,4036.549533
2025-02-28,51,51,1,True,1,0.01960784314,2267.668483
2025-03-01,28,28,0,True,3,0.1071428571,4185.99695
2025-03-02,29,29,1,True,3,0.1034482759,826.4533833
2025-03-03,30,30,1,True,13,0.4333333333,3814.113017
2025-03-04,31,31,1,True,11,0.3548387097,3378.1347
2025-03-05,32,32,1,True,4,0.125,2684.376017
2025-03-06,33,33,1,True,3,0.09090909091,1015.930067
2025-03-07,34,34,1,True,1,0.02941176471,2370.308017
2025-03-08,35,35,1,True,3,0.08571428571,4595.626417
2025-03-09,36,36,1,True,14,0.3888888889,9024.782017
2025-03-10,37,37,1,True,12,0.3243243243,3975.075183
2025-03-11,38,38,1,True,9,0.2368421053,5260.539133
2025-03-12,39,39,1,True,5,0.1282051282,3694.937333
2025-03-13,40,40,1,True,6,0.15,1604.963883
2025-03-14,41,41,1,True,2,0.0487804878,4892.85955
2025-03-15,42,42,1,True,2,0.04761904762,1860.985633
2025-03-16,43,43,1,True,1,0.02325581395,17.52188333
2025-03-17,44,44,1,True,10,0.2272727273,10183.94002
2025-03-18,45,45,1,True,4,0.08888888889,2812.960433
2025-03-19,46,46,1,True,3,0.0652173913,2970.064233
2025-03-20,47,47,1,True,12,0.2553191489,5336.6562
2025-03-21,48,48,1,True,1,0.02083333333,3995.961467
2025-03-22,49,49,1,True,5,0.1020408163,5042.925417
2025-03-23,50,50,1,True,7,0.14,4581.326817
2025-03-24,51,51,1,True,1,0.01960784314,140.36565
2025-03-25,52,52,1,True,1,0.01923076923,175.83365
2025-03-26,53,53,1,True,4,0.07547169811,3872.915583
2025-03-27,54,54,1,True,8,0.1481481481,3491.972417
2025-03-28,55,55,1,True,1,0.01818181818,1211.58375
2025-03-29,56,56,1,True,3,0.05357142857,8173.99055
2025-03-30,57,57,1,True,5,0.08771929825,3424.100417
2025-03-31,58,58,1,True,2,0.03448275862,1047.1076
2025-04-01,31,31,0,True,1,0.03225806452,741.2732
2025-04-02,32,32,1,True,15,0.46875,4842.780533
2025-04-03,33,33,1,True,6,0.1818181818,2853.459133
2025-04-04,34,34,1,True,2,0.05882352941,4391.078517
2025-04-05,35,35,1,True,5,0.1428571429,4336.9058
2025-04-06,36,36,1,True,1,0.02777777778,935.5434333
2025-04-07,37,37,1,True,5,0.1351351351,3708.6702
2025-04-08,38,38,1,True,12,0.3157894737,5855.6579
2025-04-09,39,39,1,True,7,0.1794871795,1301.024383
2025-04-10,40,40,1,True,6,0.15,1402.892367
2025-04-11,41,41,1,True,1,0.0243902439,1114.152083
2025-04-12,42,42,1,True,5,0.119047619,3018.954433
2025-04-13,43,43,1,True,2,0.04651162791,133.7177833
2025-04-14,44,44,1,True,1,0.02272727273,714.6874833
2025-04-15,45,45,1,True,4,0.08888888889,4213.764783
2025-04-16,46,46,1,True,15,0.3260869565,3354.719067
2025-04-17,47,47,1,True,6,0.1276595745,1592.29555
2025-04-18,48,48,1,True,2,0.04166666667,1037.467017
2025-04-19,49,49,1,True,5,0.1020408163,2240.4813
2025-04-20,50,50,1,True,5,0.1,2318.6136
2025-04-21,51,51,1,True,3,0.05882352941,4011.121417
2025-04-22,52,52,1,True,5,0.09615384615,2013.500483
2025-04-23,53,53,1,True,14,0.2641509434,4379.675233
2025-04-24,54,54,1,True,7,0.1296296296,5778.23565
2025-04-25,55,55,1,True,2,0.03636363636,4353.759533
2025-04-26,56,56,1,True,5,0.08928571429,6714.485617
2025-04-27,57,57,1,True,5,0.08771929825,3384.2737
2025-04-28,58,58,1,True,33,0.5689655172,8105.056933
2025-04-29,59,59,1,True,7,0.1186440678,4719.7156
2025-04-30,60,60,1,True,6,0.1,3143.062283
2025-05-01,30,30,0,True,16,0.5333333333,3921.2721
2025-05-02,31,31,1,True,7,0.2258064516,12289.96243
2025-05-03,32,32,1,True,9,0.28125,8796.978017
2025-05-04,33,33,1,True,13,0.3939393939,3161.19615
2025-05-05,34,34,1,True,7,0.2058823529,1545.960517
2025-05-06,35,35,1,True,21,0.6,5436.86865
2025-05-07,36,36,1,True,24,0.6666666667,6810.991517
2025-05-08,37,37,1,True,21,0.5675675676,4815.1336
2025-05-09,38,38,1,True,8,0.2105263158,5790.934233
2025-05-10,39,39,1,True,4,0.1025641026,3253.873633
2025-05-11,40,40,1,True,18,0.45,3749.41175
2025-05-12,41,41,1,True,16,0.3902439024,3144.811567
2025-05-13,42,42,1,True,2,0.04761904762,259.1304
2025-05-14,43,43,1,True,16,0.3720930233,2053.697167
2025-05-15,44,44,1,True,22,0.5,3061.454117
2025-05-16,45,45,1,True,7,0.1555555556,5783.879317
2025-05-17,46,46,1,True,4,0.08695652174,1672.2462
2025-05-18,47,47,1,True,17,0.3617021277,1807.910983
2025-05-19,48,48,1,True,10,0.2083333333,4415.978683
2025-05-20,49,49,1,True,13,0.2653061224,1398.18205
2025-05-21,50,50,1,True,12,0.24,1651.5335
2025-05-22,51,51,1,True,10,0.1960784314,1948.427467
2025-05-23,52,52,1,True,8,0.1538461538,3705.44235
2025-05-24,53,53,1,True,12,0.2264150943,6694.2977
2025-05-25,54,54,1,True,23,0.4259259259,5131.157917
2025-05-26,55,55,1,True,37,0.6727272727,7064.6164
2025-05-27,56,56,1,True,29,0.5178571429,5137.027517
2025-05-28,57,57,1,True,12,0.2105263158,911.2088167
2025-05-29,58,58,1,True,30,0.5172413793,3293.492683
2025-05-30,59,59,1,True,2,0.03389830508,175.2843833
2025-05-31,60,60,1,True,13,0.2166666667,4634.680167
2025-06-01,31,31,0,True,20,0.6451612903,22679.81612
2025-06-02,32,32,1,True,6,0.1875,14060.9745
2025-06-03,33,33,1,True,21,0.6363636364,18801.99953
2025-06-04,34,34,1,True,16,0.4705882353,17371.43672
2025-06-05,35,35,1,True,11,0.3142857143,17039.19452
2025-06-06,36,36,1,True,26,0.7222222222,24258.76213
2025-06-07,37,37,1,True,21,0.5675675676,22737.33162
2025-06-08,38,38,1,True,5,0.1315789474,6039.903033
2025-06-09,39,39,1,True,4,0.1025641026,2291.905283
2025-06-10,40,40,1,True,6,0.15,3426.0774
2025-06-11,41,41,1,True,5,0.1219512195,6439.1855
2025-06-12,42,42,1,True,3,0.07142857143,1303.073417
2025-06-13,43,43,1,True,1,0.02325581395,2509.6817
2025-06-14,44,44,1,True,3,0.06818181818,4933.170417
2025-06-15,45,45,1,True,9,0.2,5442.051067
2025-06-16,46,46,1,True,5,0.1086956522,1761.340083
2025-06-17,47,47,1,True,4,0.08510638298,3018.566983
2025-06-18,48,48,1,True,12,0.25,5156.055417
2025-06-19,49,49,1,True,11,0.2244897959,4192.887233
2025-06-20,50,50,1,True,2,0.04,5944.73285
2025-06-21,51,51,1,True,3,0.05882352941,6858.60235
2025-06-22,52,52,1,True,6,0.1153846154,3169.633233
2025-06-23,53,53,1,True,14,0.2641509434,5632.766817
2025-06-24,54,54,1,True,2,0.03703703704,1631.781033
2025-06-25,55,55,1,True,2,0.03636363636,490.9695333
2025-06-26,56,56,1,True,4,0.07142857143,712.1203667
2025-06-27,57,57,1,True,2,0.0350877193,2628.934983
2025-06-28,58,58,1,True,3,0.05172413793,2442.185717
2025-06-29,59,59,1,True,10,0.1694915254,1810.427433
2025-06-30,60,60,1,True,17,0.2833333333,2816.397983
2025-07-01,30,30,0,True,1,0.03333333333,2597.751783
2025-07-02,31,31,1,True,10,0.3225806452,2467.345
2025-07-03,32,32,1,True,21,0.65625,12213.0351
2025-07-04,33,33,1,True,7,0.2121212121,9109.2216
2025-07-05,34,34,1,True,7,0.2058823529,7013.15385
2025-07-06,35,35,1,True,18,0.5142857143,10526.21302
2025-07-07,36,36,1,True,14,0.3888888889,3531.798783
2025-07-08,37,37,1,True,8,0.2162162162,3295.157017
2025-07-09,38,38,1,True,3,0.07894736842,1153.95865
2025-07-10,39,39,1,True,27,0.6923076923,6906.79555
2025-07-11,40,40,1,True,3,0.075,3637.909683
2025-07-12,41,41,1,True,5,0.1219512195,2294.163367
2025-07-13,42,42,1,True,30,0.7142857143,10526.26115
2025-07-14,43,43,1,True,12,0.2790697674,1601.80355
2025-07-15,44,44,1,True,16,0.3636363636,2822.336433
2025-07-16,45,45,1,True,15,0.3333333333,1924.161633
2025-07-17,46,46,1,True,3,0.0652173913,133.2073167
2025-07-18,47,47,1,True,4,0.08510638298,1244.52905
2025-07-19,48,48,1,True,6,0.125,3901.424283
2025-07-20,49,49,1,True,22,0.4489795918,2822.257817
2025-07-21,50,50,1,True,14,0.28,2182.070133
2025-07-22,51,51,1,True,7,0.137254902,1046.094033
2025-07-23,52,52,1,True,15,0.2884615385,2081.983733
2025-07-24,53,53,1,True,9,0.1698113208,896.0559333
2025-07-25,54,54,1,True,11,0.2037037037,4768.928533
2025-07-26,55,55,1,True,4,0.07272727273,1286.272517
2025-07-27,56,56,1,True,15,0.2678571429,1595.211583
2025-07-28,57,57,1,True,10,0.1754385965,3965.127883
2025-07-29,58,58,1,True,9,0.1551724138,2274.101333
2025-07-30,59,59,1,True,2,0.03389830508,113.2930667
2025-07-31,60,60,1,True,9,0.15,1078.524267
2025-08-01,31,31,0,True,1,0.03225806452,5253.9599
2025-08-02,32,32,1,True,4,0.125,7542.066633
2025-08-03,33,33,1,True,11,0.3333333333,10845.70982
2025-08-04,34,34,1,True,21,0.6176470588,12539.22215
2025-08-05,35,35,1,True,21,0.6,10916.93622
2025-08-06,36,36,1,True,18,0.5,5988.854783
2025-08-07,37,37,1,True,21,0.5675675676,11307.01102
2025-08-08,38,38,1,True,2,0.05263157895,5476.188417
2025-08-09,39,39,1,True,1,0.02564102564,2005.095933
2025-08-10,40,40,1,True,4,0.1,2465.139067
2025-08-11,41,41,1,True,3,0.07317073171,854.40175
2025-08-12,42,42,1,True,5,0.119047619,2608.233917
2025-08-13,43,43,1,True,6,0.1395348837,1993.419817
2025-08-14,44,44,1,True,8,0.1818181818,2538.305733
2025-08-15,45,45,1,True,1,0.02222222222,1384.555633
2025-08-16,46,46,1,True,3,0.0652173913,1992.648633
2025-08-17,47,47,1,True,5,0.1063829787,2139.225433
2025-08-18,48,48,1,True,1,0.02083333333,167.1377167
2025-08-19,49,49,1,True,11,0.2244897959,3442.8836
2025-08-20,50,50,1,True,20,0.4,4529.711617
2025-08-21,51,51,1,True,1,0.01960784314,81.8725
2025-08-22,52,52,1,True,4,0.07692307692,4070.842517
2025-08-23,53,53,1,True,8,0.1509433962,5600.725783
2025-08-24,54,54,1,True,2,0.03703703704,568.1958667
2025-08-25,55,55,1,True,30,0.5454545455,6378.9714
2025-08-26,56,56,1,True,9,0.1607142857,1211.158333
2025-08-27,57,57,1,True,10,0.1754385965,2736.5422
2025-08-28,58,58,1,True,26,0.4482758621,4923.3765
2025-08-29,59,59,1,True,3,0.05084745763,1324.65095
2025-08-30,60,60,1,True,8,0.1333333333,4017.286317
2025-08-31,61,61,1,True,15,0.2459016393,2913.0336
2025-09-01,31,31,0,True,21,0.6774193548,17198.95248
2025-09-02,32,32,1,True,12,0.375,11471.06253
2025-09-03,33,33,1,True,19,0.5757575758,12366.43162
2025-09-04,34,34,1,True,23,0.6764705882,16842.22943
2025-09-05,35,35,1,True,10,0.2857142857,15730.95868
2025-09-06,36,36,1,True,5,0.1388888889,10791.63613
2025-09-07,37,37,1,True,19,0.5135135135,11685.63947
2025-09-08,38,38,1,True,13,0.3421052632,5821.435
2025-09-09,39,39,1,True,3,0.07692307692,954.9215833
2025-09-10,40,40,1,True,17,0.425,5768.2814
2025-09-11,41,41,1,True,3,0.07317073171,429.4797667
2025-09-12,42,42,1,True,3,0.07142857143,4727.394533
2025-09-13,43,43,1,True,1,0.02325581395,286.0177833
2025-09-14,44,44,1,True,12,0.2727272727,5138.341133
2025-09-15,45,45,1,True,8,0.1777777778,4328.5389
2025-09-16,46,46,1,True,23,0.5,6388.935717
2025-09-17,47,47,1,True,4,0.08510638298,1355.88025
2025-09-18,48,48,1,True,18,0.375,5459.965333
2025-09-19,49,49,1,True,6,0.1224489796,4549.696117
2025-09-20,50,50,1,True,13,0.26,7638.33225
2025-09-21,51,51,1,True,5,0.09803921569,1811.837267
2025-09-22,52,52,1,True,23,0.4423076923,5546.98925
2025-09-23,53,53,1,True,12,0.2264150943,2624.8456
2025-09-24,54,54,1,True,5,0.09259259259,1103.1067
2025-09-25,55,55,1,True,8,0.1454545455,1379.397783
2025-09-26,56,56,1,True,5,0.08928571429,1592.891183
2025-09-27,57,57,1,True,8,0.1403508772,2155.868517
2025-09-28,58,58,1,True,29,0.5,5200.141683
2025-09-29,59,59,1,True,12,0.2033898305,2145.871717
2025-09-30,60,60,1,True,21,0.35,3305.559183
2025-10-01,30,30,0,True,17,0.5666666667,11401.70357
2025-10-02,31,31,1,True,16,0.5161290323,8604.665783
2025-10-03,32,32,1,True,7,0.21875,9877.0898
2025-10-04,33,33,1,True,5,0.1515151515,4705.319817
2025-10-05,34,34,1,True,23,0.6764705882,8751.6681
2025-10-06,35,35,1,True,21,0.6,5026.78235
2025-10-07,36,36,1,True,25,0.6944444444,7650.611767
2025-10-08,37,37,1,True,25,0.6756756757,6816.974133
2025-10-09,38,38,1,True,17,0.4473684211,4029.198567
2025-10-10,39,39,1,True,2,0.05128205128,1526.457217
2025-10-11,40,40,1,True,1,0.025,1010.33115
2025-10-12,41,41,1,True,19,0.4634146341,3778.994917
2025-10-13,42,42,1,True,2,0.04761904762,705.71395
2025-10-14,43,43,1,True,15,0.3488372093,3002.266283
2025-10-15,44,44,1,True,20,0.4545454545,5441.527983
2025-10-16,45,45,1,True,22,0.4888888889,7206.491267
2025-10-17,46,46,1,True,8,0.1739130435,6660.5884
2025-10-18,47,47,1,True,6,0.1276595745,1970.279683
2025-10-19,48,48,1,True,17,0.3541666667,5370.76655
2025-10-20,49,49,1,True,22,0.4489795918,7413.387067
2025-10-21,50,50,1,True,11,0.22,5688.752067
2025-10-22,51,51,1,True,9,0.1764705882,3634.87305
2025-10-23,52,52,1,True,2,0.03846153846,413.0240833
2025-10-24,53,53,1,True,5,0.09433962264,2415.8514
2025-10-25,54,54,1,True,5,0.09259259259,3321.839467
2025-10-26,55,55,1,True,2,0.03636363636,658.5894833
2025-10-27,56,56,1,True,6,0.1071428571,888.2007
2025-10-28,57,57,1,True,2,0.0350877193,490.15965
2025-10-29,58,58,1,True,3,0.05172413793,3757.3601
2025-10-30,59,59,1,True,9,0.1525423729,1408.320617
2025-10-31,60,60,1,True,2,0.03333333333,5484.24135
2025-11-01,31,31,0,True,2,0.06451612903,3145.6057
2025-11-02,32,32,1,True,6,0.1875,4252.071917
2025-11-03,33,33,1,True,10,0.303030303,5952.348617
2025-11-04,34,34,1,True,3,0.08823529412,1607.650333
2025-11-05,35,35,1,True,2,0.05714285714,365.7632667
2025-11-06,36,36,1,True,9,0.25,6581.7669
2025-11-07,37,37,1,True,1,0.02702702703,585.8302833
2025-11-08,38,38,1,True,3,0.07894736842,1247.168667
2025-11-09,39,39,1,True,5,0.1282051282,2550.43325
2025-11-10,40,40,1,True,4,0.1,4353.512817
2025-11-11,41,41,1,True,8,0.1951219512,3978.947633
2025-11-12,42,42,1,True,4,0.09523809524,1277.967683
2025-11-13,43,43,1,True,2,0.04651162791,1026.286767
2025-11-14,44,44,1,True,3,0.06818181818,4279.993517
2025-11-15,45,45,1,True,3,0.06666666667,4420.679817
2025-11-16,46,46,1,True,5,0.1086956522,3087.7272
2025-11-17,47,47,1,True,3,0.06382978723,1162.688767
2025-11-18,48,48,1,True,5,0.1041666667,3331.532167
2025-11-19,49,49,1,True,9,0.1836734694,4412.32385
2025-11-20,50,50,1,True,6,0.12,2397.204717
2025-11-21,51,51,1,True,2,0.03921568627,1265.928767
2025-11-22,52,52,1,True,2,0.03846153846,2007.942567
2025-11-23,53,53,1,True,4,0.07547169811,797.5519
2025-11-24,54,54,1,True,7,0.1296296296,1466.189367
2025-11-25,55,55,1,True,3,0.05454545455,1278.108633
2025-11-26,56,56,1,True,2,0.03571428571,1389.355283
2025-11-27,57,57,1,True,6,0.1052631579,987.8167
2025-11-28,58,58,1,True,2,0.03448275862,2056.854483
2025-11-29,59,59,1,True,2,0.03389830508,4709.620617
2025-11-30,60,60,1,True,5,0.08333333333,5012.731833
2025-12-01,54,327,10,True,27,0.5,12136.98403
2025-12-02,55,328,11,True,21,0.3818181818,12469.14948
2025-12-03,56,329,11,True,21,0.375,10405.08168
2025-12-04,57,330,11,True,24,0.4210526316,10990.31602
2025-12-05,58,331,11,True,9,0.1551724138,10390.38913
2025-12-06,59,332,11,True,9,0.1525423729,8735.180717
2025-12-07,60,333,11,True,22,0.3666666667,7407.853133
2025-12-08,61,334,11,True,13,0.2131147541,1548.283383
2025-12-09,62,335,11,True,10,0.1612903226,1249.355683
2025-12-10,63,336,11,True,14,0.2222222222,1224.8699
2025-12-11,64,337,11,True,2,0.03125,809.95405
2025-12-12,65,338,11,True,6,0.09230769231,2402.7858
2025-12-13,66,339,11,True,2,0.0303030303,133.9025667
2025-12-14,67,340,11,True,13,0.1940298507,1126.04055
2025-12-15,68,341,11,True,15,0.2205882353,1622.34685
2025-12-16,69,342,11,True,19,0.2753623188,2029.637067
2025-12-17,70,343,11,True,3,0.04285714286,195.7714
2025-12-18,71,344,11,True,15,0.2112676056,1405.012267
2025-12-19,72,345,11,True,4,0.05555555556,806.0221833
2025-12-20,73,346,11,True,6,0.08219178082,942.1811333
2025-12-21,74,347,11,True,4,0.05405405405,259.0600667
2025-12-22,75,348,11,True,9,0.12,532.1308833
2025-12-23,76,349,11,True,23,0.3026315789,2159.9988
2025-12-24,77,350,11,True,5,0.06493506494,337.28775
2025-12-25,78,351,11,True,8,0.1025641026,446.1815667
2025-12-26,79,352,11,True,1,0.01265822785,99.23113333
2025-12-27,80,353,11,True,7,0.0875,482.4568167
2025-12-28,81,354,11,True,23,0.2839506173,2228.527117
2025-12-29,82,355,11,True,22,0.2682926829,1413.660817
2025-12-30,83,356,11,True,7,0.0843373494,1033.689933
2025-12-31,84,357,11,True,14,0.1666666667,791.8636167
