date,mode,pool_size,k_eff
2025-01-01,empty_pool,0,0
2025-01-02,empty_pool,0,0
2025-01-03,empty_pool,0,0
2025-01-04,empty_pool,0,0
2025-01-05,empty_pool,0,0
2025-01-06,empty_pool,0,0
2025-01-07,empty_pool,0,0
2025-01-08,empty_pool,0,0
2025-01-09,cold_start_equal,1,1
2025-01-10,kernel,2,1
2025-01-11,kernel,3,1.524167668
2025-01-12,kernel,4,1.220670539
2025-01-13,kernel,5,1.804335838
2025-01-14,kernel,6,1.595475793
2025-01-15,kernel,7,1.006886032
2025-01-16,kernel,8,1.633513091
2025-01-17,kernel,9,2.16058836
2025-01-18,kernel,10,1.042307908
2025-01-19,kernel,11,2.453386014
2025-01-20,kernel,12,2.133468519
2025-01-21,kernel,13,3.254526631
2025-01-22,kernel,14,3.088908415
2025-01-23,kernel,15,2.316220807
2025-01-24,kernel,16,2.011075823
2025-01-25,kernel,17,1.921647759
2025-01-26,kernel,18,2.787842285
2025-01-27,kernel,19,3.215899787
2025-01-28,kernel,20,3.592398857
2025-01-29,kernel,21,6.315023052
2025-01-30,kernel,22,4.742056918
2025-01-31,kernel,23,2.570247003
2025-02-01,kernel,24,1.183052796
2025-02-02,kernel,25,5.189447041
2025-02-03,kernel,26,3.706559377
2025-02-04,kernel,27,3.906985466
2025-02-05,kernel,28,4.652718053
2025-02-06,kernel,29,6.405470468
2025-02-07,kernel,30,2.630679646
2025-02-08,kernel,31,2.548532372
2025-02-09,kernel,32,5.966575633
2025-02-10,kernel,33,6.908601268
2025-02-11,kernel,34,6.551362381
2025-02-12,kernel,35,6.397616284
2025-02-13,kernel,36,5.77501133
2025-02-14,kernel,37,2.575405224
2025-02-15,kernel,38,1.820208055
2025-02-16,kernel,39,6.007248874
2025-02-17,kernel,40,7.986863545
2025-02-18,kernel,41,7.557415071
2025-02-19,kernel,42,7.722967903
2025-02-20,kernel,43,7.796786083
2025-02-21,kernel,44,2.706965785
2025-02-22,kernel,45,3.573249113
2025-02-23,kernel,46,9.359203993
2025-02-24,kernel,47,10.19527029
2025-02-25,kernel,48,10.52942206
2025-02-26,kernel,49,9.618092306
2025-02-27,kernel,50,9.703443685
2025-02-28,kernel,51,3.924866858
2025-03-01,kernel,28,3.597924448
2025-03-02,kernel,29,8.936765061
2025-03-03,kernel,30,11.56355504
2025-03-04,kernel,31,13.12947272
2025-03-05,kernel,32,14.04316997
2025-03-06,kernel,33,14.29041677
2025-03-07,kernel,34,5.248016128
2025-03-08,kernel,35,5.715796066
2025-03-09,kernel,36,12.89755277
2025-03-10,kernel,37,11.74796499
2025-03-11,kernel,38,12.48786439
2025-03-12,kernel,39,12.63865432
2025-03-13,kernel,40,12.54300922
2025-03-14,kernel,41,5.475665183
2025-03-15,kernel,42,5.792984498
2025-03-16,kernel,43,14.10356743
2025-03-17,kernel,44,13.63072765
2025-03-18,kernel,45,12.21904403
2025-03-19,kernel,46,11.41647343
2025-03-20,kernel,47,11.02660819
2025-03-21,kernel,48,5.408683269
2025-03-22,kernel,49,5.464399963
2025-03-23,kernel,50,11.90450551
2025-03-24,kernel,51,10.82467826
2025-03-25,kernel,52,12.38108594
2025-03-26,kernel,53,12.88556861
2025-03-27,kernel,54,12.58815289
2025-03-28,kernel,55,5.170440917
2025-03-29,kernel,56,5.522490021
2025-03-30,kernel,57,11.42360066
2025-03-31,kernel,58,11.21560788
2025-04-01,kernel,31,7.574699714
2025-04-02,kernel,32,9.955227906
2025-04-03,kernel,33,12.53059098
2025-04-04,kernel,34,4.373110871
2025-04-05,kernel,35,4.442887292
2025-04-06,kernel,36,10.68685242
2025-04-07,kernel,37,11.36356786
2025-04-08,kernel,38,12.46732365
2025-04-09,kernel,39,12.20812502
2025-04-10,kernel,40,14.09104102
2025-04-11,kernel,41,5.118456781
2025-04-12,kernel,42,6.033245976
2025-04-13,kernel,43,13.18584219
2025-04-14,kernel,44,14.17348927
2025-04-15,kernel,45,15.44869139
2025-04-16,kernel,46,15.22324384
2025-04-17,kernel,47,16.00888402
2025-04-18,kernel,48,5.981744463
2025-04-19,kernel,49,7.247524031
2025-04-20,kernel,50,16.93195549
2025-04-21,kernel,51,17.45809319
2025-04-22,kernel,52,16.72425554
2025-04-23,kernel,53,17.98367065
2025-04-24,kernel,54,17.96141731
2025-04-25,kernel,55,6.500087882
2025-04-26,kernel,56,6.368485569
2025-04-27,kernel,57,14.8973089
2025-04-28,kernel,58,15.47602562
2025-04-29,kernel,59,20.7435446
2025-04-30,kernel,60,21.69250819
2025-05-01,kernel,30,9.46355995
2025-05-02,kernel,31,2.498491897
2025-05-03,kernel,32,5.949359749
2025-05-04,kernel,33,16.76637727
2025-05-05,kernel,34,17.58755304
2025-05-06,kernel,35,17.23446726
2025-05-07,kernel,36,17.52716152
2025-05-08,kernel,37,19.49643942
2025-05-09,kernel,38,8.142201567
2025-05-10,kernel,39,8.190637525
2025-05-11,kernel,40,21.17078497
2025-05-12,kernel,41,21.38040604
2025-05-13,kernel,42,22.35129784
2025-05-14,kernel,43,21.6688441
2025-05-15,kernel,44,20.91436363
2025-05-16,kernel,45,8.114690565
2025-05-17,kernel,46,8.861106529
2025-05-18,kernel,47,22.01695505
2025-05-19,kernel,48,22.43522321
2025-05-20,kernel,49,22.56561774
2025-05-21,kernel,50,22.46929279
2025-05-22,kernel,51,21.64674555
2025-05-23,kernel,52,9.505039674
2025-05-24,kernel,53,10.17679031
2025-05-25,kernel,54,21.02727119
2025-05-26,kernel,55,18.04407024
2025-05-27,kernel,56,23.74879678
2025-05-28,kernel,57,23.70582407
2025-05-29,kernel,58,28.10344594
2025-05-30,kernel,59,10.87039165
2025-05-31,kernel,60,12.25291176
2025-06-01,kernel,31,15.74234225
2025-06-02,kernel,32,4.882773266
2025-06-03,kernel,33,2.436700095
2025-06-04,kernel,34,1.028496476
2025-06-05,kernel,35,1.228512026
2025-06-06,kernel,36,1.826765242
2025-06-07,kernel,37,1.006129886
2025-06-08,kernel,38,1.601002461
2025-06-09,kernel,39,1.456713088
2025-06-10,kernel,40,2.828209386
2025-06-11,kernel,41,3.936448329
2025-06-12,kernel,42,4.513815731
2025-06-13,kernel,43,2.412363223
2025-06-14,kernel,44,2.552994169
2025-06-15,kernel,45,6.43855464
2025-06-16,kernel,46,7.241010064
2025-06-17,kernel,47,8.390494756
2025-06-18,kernel,48,8.961668654
2025-06-19,kernel,49,10.29057588
2025-06-20,kernel,50,4.59040168
2025-06-21,kernel,51,6.289809214
2025-06-22,kernel,52,15.81461102
2025-06-23,kernel,53,16.58161963
2025-06-24,kernel,54,17.97101165
2025-06-25,kernel,55,16.742108
2025-06-26,kernel,56,17.28494061
2025-06-27,kernel,57,6.979637182
2025-06-28,kernel,58,8.966843678
2025-06-29,kernel,59,21.38748108
2025-06-30,kernel,60,21.55507654
2025-07-01,kernel,30,17.47440141
2025-07-02,kernel,31,17.19612015
2025-07-03,kernel,32,11.37361799
2025-07-04,kernel,33,4.312498787
2025-07-05,kernel,34,1.345299086
2025-07-06,kernel,35,7.442672084
2025-07-07,kernel,36,5.470446715
2025-07-08,kernel,37,5.45335971
2025-07-09,kernel,38,7.246832438
2025-07-10,kernel,39,5.894349822
2025-07-11,kernel,40,3.222411343
2025-07-12,kernel,41,4.381842238
2025-07-13,kernel,42,10.40251571
2025-07-14,kernel,43,11.18545604
2025-07-15,kernel,44,9.435223752
2025-07-16,kernel,45,9.987405227
2025-07-17,kernel,46,12.10094137
2025-07-18,kernel,47,5.586926197
2025-07-19,kernel,48,7.388049847
2025-07-20,kernel,49,18.93455089
2025-07-21,kernel,50,19.03624496
2025-07-22,kernel,51,18.44679759
2025-07-23,kernel,52,20.1796147
2025-07-24,kernel,53,21.8579986
2025-07-25,kernel,54,8.447437655
2025-07-26,kernel,55,9.354923412
2025-07-27,kernel,56,22.92256109
2025-07-28,kernel,57,24.10940428
2025-07-29,kernel,58,28.56315304
2025-07-30,kernel,59,30.96095919
2025-07-31,kernel,60,31.75668838
2025-08-01,kernel,31,7.39031082
2025-08-02,kernel,32,8.693675194
2025-08-03,kernel,33,12.61058149
2025-08-04,kernel,34,4.634143534
2025-08-05,kernel,35,1.301220951
2025-08-06,kernel,36,1.519479084
2025-08-07,kernel,37,2.30873827
2025-08-08,kernel,38,6.241651803
2025-08-09,kernel,39,1.018249762
2025-08-10,kernel,40,3.088723578
2025-08-11,kernel,41,3.975086034
2025-08-12,kernel,42,5.168103321
2025-08-13,kernel,43,7.002833475
2025-08-14,kernel,44,7.745761748
2025-08-15,kernel,45,2.848392376
2025-08-16,kernel,46,3.702851896
2025-08-17,kernel,47,9.303999431
2025-08-18,kernel,48,9.882912147
2025-08-19,kernel,49,11.21209365
2025-08-20,kernel,50,12.02984097
2025-08-21,kernel,51,15.6062609
2025-08-22,kernel,52,6.058754386
2025-08-23,kernel,53,7.775695957
2025-08-24,kernel,54,20.9698267
2025-08-25,kernel,55,20.55534548
2025-08-26,kernel,56,27.15988255
2025-08-27,kernel,57,27.64830095
2025-08-28,kernel,58,27.0385807
2025-08-29,kernel,59,13.72646742
2025-08-30,kernel,60,13.61161953
2025-08-31,kernel,61,27.1789219
2025-09-01,kernel,31,13.26358891
2025-09-02,kernel,32,16.63464163
2025-09-03,kernel,33,15.00894684
2025-09-04,kernel,34,11.18652161
2025-09-05,kernel,35,5.168812583
2025-09-06,kernel,36,1.384618075
2025-09-07,kernel,37,4.671403366
2025-09-08,kernel,38,1.896669763
2025-09-09,kernel,39,3.296798138
2025-09-10,kernel,40,4.027508475
2025-09-11,kernel,41,4.234683879
2025-09-12,kernel,42,3.053086742
2025-09-13,kernel,43,3.185676071
2025-09-14,kernel,44,9.55530179
2025-09-15,kernel,45,8.897816554
2025-09-16,kernel,46,9.640999984
2025-09-17,kernel,47,9.504102222
2025-09-18,kernel,48,10.05379159
2025-09-19,kernel,49,4.074504658
2025-09-20,kernel,50,3.859048606
2025-09-21,kernel,51,9.519699731
2025-09-22,kernel,52,10.22200031
2025-09-23,kernel,53,12.32830312
2025-09-24,kernel,54,12.72295984
2025-09-25,kernel,55,11.76265086
2025-09-26,kernel,56,5.771483935
2025-09-27,kernel,57,5.656215938
2025-09-28,kernel,58,10.92340782
2025-09-29,kernel,59,10.18286096
2025-09-30,kernel,60,12.10396785
2025-10-01,kernel,30,7.385504967
2025-10-02,kernel,31,13.16436841
2025-10-03,kernel,32,7.598350734
2025-10-04,kernel,33,8.012389161
2025-10-05,kernel,34,17.00141087
2025-10-06,kernel,35,16.41871783
2025-10-07,kernel,36,16.1080701
2025-10-08,kernel,37,15.91157304
2025-10-09,kernel,38,17.13205585
2025-10-10,kernel,39,7.54299613
2025-10-11,kernel,40,9.131025944
2025-10-12,kernel,41,19.32147307
2025-10-13,kernel,42,19.93360959
2025-10-14,kernel,43,19.67226083
2025-10-15,kernel,44,20.52623229
2025-10-16,kernel,45,20.14222874
2025-10-17,kernel,46,6.017822775
2025-10-18,kernel,47,4.719757225
2025-10-19,kernel,48,15.06008396
2025-10-20,kernel,49,13.27916901
2025-10-21,kernel,50,10.78723411
2025-10-22,kernel,51,8.843739073
2025-10-23,kernel,52,8.330042534
2025-10-24,kernel,53,4.150617257
2025-10-25,kernel,54,3.817029782
2025-10-26,kernel,55,10.4125707
2025-10-27,kernel,56,10.76326594
2025-10-28,kernel,57,12.08696198
2025-10-29,kernel,58,12.83650571
2025-10-30,kernel,59,11.76557133
2025-10-31,kernel,60,3.601968226
2025-11-01,kernel,31,3.382427876
2025-11-02,kernel,32,8.991499271
2025-11-03,kernel,33,8.576149794
2025-11-04,kernel,34,8.663577244
2025-11-05,kernel,35,9.408004787
2025-11-06,kernel,36,10.23633348
2025-11-07,kernel,37,3.760343863
2025-11-08,kernel,38,4.310971096
2025-11-09,kernel,39,10.15077592
2025-11-10,kernel,40,10.87168781
2025-11-11,kernel,41,10.56019445
2025-11-12,kernel,42,10.72995392
2025-11-13,kernel,43,11.57133234
2025-11-14,kernel,44,4.614082667
2025-11-15,kernel,45,5.118797567
2025-11-16,kernel,46,11.34872664
2025-11-17,kernel,47,11.59660584
2025-11-18,kernel,48,12.99250313
2025-11-19,kernel,49,13.40450933
2025-11-20,kernel,50,13.63258365
2025-11-21,kernel,51,5.385212991
2025-11-22,kernel,52,6.183515061
2025-11-23,kernel,53,14.07863419
2025-11-24,kernel,54,15.06652194
2025-11-25,kernel,55,15.94413334
2025-11-26,kernel,56,16.63446848
2025-11-27,kernel,57,17.22758392
2025-11-28,kernel,58,6.684544063
2025-11-29,kernel,59,7.522530704
2025-11-30,kernel,60,16.54396806
2025-12-01,kernel,54,27.88734241
2025-12-02,kernel,55,28.0779397
2025-12-03,kernel,56,28.08317903
2025-12-04,kernel,57,28.10830556
2025-12-05,kernel,58,11.22026652
2025-12-06,kernel,59,11.10926825
2025-12-07,kernel,60,26.36229647
2025-12-08,kernel,61,24.51107274
2025-12-09,kernel,62,24.57987998
2025-12-10,kernel,63,26.28607924
2025-12-11,kernel,64,26.53126749
2025-12-12,kernel,65,11.18647262
2025-12-13,kernel,66,11.73725271
2025-12-14,kernel,67,26.54998388
2025-12-15,kernel,68,26.59281773
2025-12-16,kernel,69,27.33572511
2025-12-17,kernel,70,28.09000967
2025-12-18,kernel,71,29.52139183
2025-12-19,kernel,72,12.44821669
2025-12-20,kernel,73,13.50494403
2025-12-21,kernel,74,31.10988123
2025-12-22,kernel,75,31.28540404
2025-12-23,kernel,76,32.27937414
2025-12-24,kernel,77,33.90272241
2025-12-25,kernel,78,35.29067156
2025-12-26,kernel,79,14.54910886
2025-12-27,kernel,80,15.28219864
2025-12-28,kernel,81,35.00980065
2025-12-29,kernel,82,36.42919926
2025-12-30,kernel,83,38.11506617
2025-12-31,kernel,84,40.07633443
