初始储电量S_1(kWh),扫描层级,最优购电费用J(s)(元),相对全局最优额外费用E(s)(元),是否达到全局最优费用,求解状态,求解器状态码,求解器信息,迭代次数,实际初始储电量(kWh),实际日末储电量(kWh),全天购电量(kWh),全天充电量(kWh),全天放电量(kWh),逐时段能量平衡最大误差(kWh),储电递推最大误差(kWh),日循环误差(kWh),最大越界量(kWh),原始与对偶目标差(元),同时充放电时段数
1200,全范围粗扫,35202.2152559563,83.61666666668316,否,最优,0,Optimization terminated successfully. (HiGHS Status 7: Optimal),382,1200.0,1200.0,59482.69899835391,20740.666131687245,16799.939566666668,2.2737367544323206e-13,8.313350008393172e-13,0.0,0.0,2.1827872842550278e-11,0
1400,全范围粗扫,35192.17081151185,73.57222222223936,否,最优,0,Optimization terminated successfully. (HiGHS Status 7: Optimal),386,1400.0,1400.0,59482.69899835391,20740.666131687245,16799.939566666668,2.2737367544323206e-13,8.313350008393172e-13,0.0,0.0,7.275957614183426e-12,0
1600,全范围粗扫,35182.12636706741,63.52777777779556,否,最优,0,Optimization terminated successfully. (HiGHS Status 7: Optimal),385,1600.0,1600.0,59482.69899835391,20740.666131687245,16799.939566666668,2.2737367544323206e-13,8.313350008393172e-13,0.0,0.0,1.4551915228366852e-11,0
1800,全范围粗扫,35172.08192262297,53.48333333335904,否,最优,0,Optimization terminated successfully. (HiGHS Status 7: Optimal),384,1800.0,1800.0,59482.69899835391,20740.66613168725,16799.939566666668,2.2737367544323206e-13,8.313350008393172e-13,0.0,0.0,7.275957614183426e-12,0
2000,全范围粗扫,35163.85414484519,45.255555555573665,否,最优,0,Optimization terminated successfully. (HiGHS Status 7: Optimal),383,2000.0,2000.0,59482.69899835391,20740.666131687245,16799.939566666668,2.2737367544323206e-13,8.313350008393172e-13,0.0,0.0,2.1827872842550278e-11,0
2200,全范围粗扫,35161.07636706741,42.47777777779993,否,最优,0,Optimization terminated successfully. (HiGHS Status 7: Optimal),382,2200.0,2200.0,59482.69899835391,20740.66613168725,16799.939566666668,2.2737367544323206e-13,8.313350008393172e-13,0.0,0.0,2.9103830456733704e-11,0
2400,全范围粗扫,35158.29858928963,39.70000000001892,否,最优,0,Optimization terminated successfully. (HiGHS Status 7: Optimal),381,2400.0,2400.0,59482.69899835391,20740.66613168725,16799.939566666668,2.2737367544323206e-13,8.313350008393172e-13,0.0,0.0,7.275957614183426e-12,0
2600,全范围粗扫,35155.57081151186,36.97222222224809,否,最优,0,Optimization terminated successfully. (HiGHS Status 7: Optimal),380,2600.0,2600.0,59482.69899835391,20740.66613168725,16799.939566666668,2.2737367544323206e-13,8.313350008393172e-13,0.0,0.0,7.275957614183426e-12,0
2800,全范围粗扫,35153.126367067416,34.52777777780284,否,最优,0,Optimization terminated successfully. (HiGHS Status 7: Optimal),380,2800.0,2800.0,59482.69899835391,20740.666131687245,16799.939566666668,2.2737367544323206e-13,8.313350008393172e-13,0.0,0.0,1.4551915228366852e-11,0
3000,全范围粗扫,35150.8152559563,32.21666666668898,否,最优,0,Optimization terminated successfully. (HiGHS Status 7: Optimal),381,3000.0,3000.0,59482.69899835391,20740.666131687245,16799.939566666668,2.2737367544323206e-13,8.313350008393172e-13,0.0,0.0,7.275957614183426e-12,0
3200,全范围粗扫,35148.504144845196,29.905555555582396,否,最优,0,Optimization terminated successfully. (HiGHS Status 7: Optimal),378,3200.0,3200.0,59482.69899835391,20740.666131687245,16799.939566666668,2.2737367544323206e-13,8.313350008393172e-13,0.0,0.0,7.275957614183426e-12,0
3400,全范围粗扫,35146.20414484519,27.605555555579485,否,最优,0,Optimization terminated successfully. (HiGHS Status 7: Optimal),378,3400.0,3400.0,59482.69899835391,20740.666131687245,16799.939566666668,2.2737367544323206e-13,8.313350008393172e-13,0.0,0.0,1.4551915228366852e-11,0
3600,全范围粗扫,35144.098589289635,25.500000000021828,否,最优,0,Optimization terminated successfully. (HiGHS Status 7: Optimal),377,3600.0,3600.0,59482.69899835391,20740.666131687245,16799.939566666668,2.2737367544323206e-13,8.313350008393172e-13,0.0,0.0,0.0,0
3800,全范围粗扫,35142.05414484519,23.45555555557803,否,最优,0,Optimization terminated successfully. (HiGHS Status 7: Optimal),377,3800.0,3800.0,59482.69899835391,20740.666131687245,16799.939566666668,2.2737367544323206e-13,8.313350008393172e-13,0.0,0.0,7.275957614183426e-12,0
4000,全范围粗扫,35140.00970040075,21.411111111134232,否,最优,0,Optimization terminated successfully. (HiGHS Status 7: Optimal),376,4000.0,4000.0,59482.69899835391,20740.666131687245,16799.939566666668,2.2737367544323206e-13,8.313350008393172e-13,0.0,0.0,0.0,0
4200,全范围粗扫,35138.098589289635,19.500000000021828,否,最优,0,Optimization terminated successfully. (HiGHS Status 7: Optimal),374,4200.0,4200.0,59482.69899835391,20740.666131687245,16799.939566666668,2.2737367544323206e-13,8.313350008393172e-13,0.0,0.0,7.275957614183426e-12,0
4400,全范围粗扫,35136.476367067415,17.877777777801384,否,最优,0,Optimization terminated successfully. (HiGHS Status 7: Optimal),370,4400.0,4400.0,59482.69899835391,20740.666131687245,16799.939566666668,2.2737367544323206e-13,8.313350008393172e-13,0.0,0.0,2.9103830456733704e-11,0
4600,全范围粗扫,35134.85414484519,16.255555555573665,否,最优,0,Optimization terminated successfully. (HiGHS Status 7: Optimal),371,4600.0,4600.0,59482.69899835391,20740.666131687245,16799.939566666668,2.2737367544323206e-13,8.313350008393172e-13,0.0,0.0,7.275957614183426e-12,0
4800,全范围粗扫,35133.23192262297,14.633333333353221,否,最优,0,Optimization terminated successfully. (HiGHS Status 7: Optimal),367,4800.0,4800.0,59482.69899835391,20740.666131687245,16799.939566666668,2.2737367544323206e-13,8.313350008393172e-13,0.0,0.0,7.275957614183426e-12,0
5000,全范围粗扫,35131.88192262297,13.283333333354676,否,最优,0,Optimization terminated successfully. (HiGHS Status 7: Optimal),369,5000.0,5000.0,59482.69899835391,20740.666131687245,16799.939566666668,2.2737367544323206e-13,8.313350008393172e-13,0.0,0.0,7.275957614183426e-12,0
5200,全范围粗扫,35130.815255956295,12.216666666681704,否,最优,0,Optimization terminated successfully. (HiGHS Status 7: Optimal),368,5200.0,5200.0,59482.69899835391,20740.66613168725,16799.939566666668,2.2737367544323206e-13,8.313350008393172e-13,0.0,0.0,7.275957614183426e-12,0
5400,全范围粗扫,35129.74858928964,11.150000000023283,否,最优,0,Optimization terminated successfully. (HiGHS Status 7: Optimal),368,5400.0,5400.0,59482.69899835391,20740.66613168725,16799.939566666668,2.2737367544323206e-13,8.313350008393172e-13,0.0,0.0,7.275957614183426e-12,0
5600,全范围粗扫,35128.715255956304,10.116666666690435,否,最优,0,Optimization terminated successfully. (HiGHS Status 7: Optimal),366,5600.0,5600.0,59482.69899835391,20740.66613168725,16799.939566666668,2.2737367544323206e-13,8.313350008393172e-13,0.0,0.0,7.275957614183426e-12,0
5800,全范围粗扫,35127.8152559563,9.21666666668898,否,最优,0,Optimization terminated successfully. (HiGHS Status 7: Optimal),369,5800.0,5800.0,59482.69899835391,20740.66613168725,16799.939566666668,2.2737367544323206e-13,8.313350008393172e-13,0.0,0.0,7.275957614183426e-12,0
6000,全范围粗扫,35126.948589289634,8.350000000020373,否,最优,0,Optimization terminated successfully. (HiGHS Status 7: Optimal),368,6000.0,6000.0,59482.69899835391,20740.66613168725,16799.939566666668,2.2737367544323206e-13,8.313350008393172e-13,0.0,0.0,7.275957614183426e-12,0
6200,全范围粗扫,35126.08192262297,7.483333333359042,否,最优,0,Optimization terminated successfully. (HiGHS Status 7: Optimal),369,6200.0,6200.0,59482.69899835391,20740.666131687245,16799.939566666668,2.2737367544323206e-13,8.313350008393172e-13,0.0,0.0,7.275957614183426e-12,0
6400,全范围粗扫,35125.29303373408,6.694444444467081,否,最优,0,Optimization terminated successfully. (HiGHS Status 7: Optimal),365,6400.0,6400.0,59482.69899835391,20740.666131687245,16799.939566666668,2.2737367544323206e-13,8.313350008393172e-13,0.0,0.0,1.4551915228366852e-11,0
6600,全范围粗扫,35124.581922622965,5.983333333351766,否,最优,0,Optimization terminated successfully. (HiGHS Status 7: Optimal),369,6600.0,6600.0,59482.69899835391,20740.666131687245,16799.939566666668,2.2737367544323206e-13,8.313350008393172e-13,0.0,0.0,1.4551915228366852e-11,0
6800,全范围粗扫,35123.87081151185,5.272222222236451,否,最优,0,Optimization terminated successfully. (HiGHS Status 7: Optimal),371,6800.0,6800.0,59482.69899835391,20740.666131687245,16799.939566666668,2.2737367544323206e-13,8.313350008393172e-13,0.0,0.0,0.0,0
7000,全范围粗扫,35123.159700400734,4.561111111121136,否,最优,0,Optimization terminated successfully. (HiGHS Status 7: Optimal),369,7000.0,7000.0,59482.69899835391,20740.666131687245,16799.939566666668,2.2737367544323206e-13,8.313350008393172e-13,0.0,0.0,7.275957614183426e-12,0
7200,全范围粗扫,35122.46525595629,3.866666666675883,否,最优,0,Optimization terminated successfully. (HiGHS Status 7: Optimal),370,7200.0,7200.0,59482.69899835391,20740.66613168724,16799.939566666668,2.2737367544323206e-13,8.313350008393172e-13,0.0,0.0,2.1827872842550278e-11,0
7400,全范围粗扫,35121.798589289625,3.2000000000116415,否,最优,0,Optimization terminated successfully. (HiGHS Status 7: Optimal),370,7400.0,7400.0,59482.69899835391,20740.666131687245,16799.939566666668,2.2737367544323206e-13,8.313350008393172e-13,0.0,0.0,7.275957614183426e-12,0
7500,局部细扫,35121.46525595629,2.866666666675883,否,最优,0,Optimization terminated successfully. (HiGHS Status 7: Optimal),370,7500.0,7500.0,59482.69899835391,20740.666131687245,16799.939566666668,2.2737367544323206e-13,8.313350008393172e-13,0.0,0.0,1.4551915228366852e-11,0
7525,局部细扫,35121.38192262295,2.7833333333401242,否,最优,0,Optimization terminated successfully. (HiGHS Status 7: Optimal),370,7525.0,7525.0,59482.69899835391,20740.666131687245,16799.939566666668,2.2737367544323206e-13,8.313350008393172e-13,0.0,0.0,7.275957614183426e-12,0
7550,局部细扫,35121.29858928962,2.7000000000043656,否,最优,0,Optimization terminated successfully. (HiGHS Status 7: Optimal),372,7550.0,7550.0,59482.69899835391,20740.666131687245,16799.939566666668,2.2737367544323206e-13,8.313350008393172e-13,0.0,0.0,7.275957614183426e-12,0
7575,局部细扫,35121.21525595629,2.616666666675883,否,最优,0,Optimization terminated successfully. (HiGHS Status 7: Optimal),372,7575.0,7575.0,59482.69899835391,20740.66613168724,16799.939566666668,2.2737367544323206e-13,8.313350008393172e-13,0.0,0.0,1.4551915228366852e-11,0
7600,粗扫与细扫重合,35121.13192262295,2.5333333333401242,否,最优,0,Optimization terminated successfully. (HiGHS Status 7: Optimal),372,7600.0,7600.0,59482.69899835391,20740.666131687245,16799.939566666668,2.2737367544323206e-13,8.313350008393172e-13,0.0,0.0,7.275957614183426e-12,0
7625,局部细扫,35121.04858928962,2.4500000000043656,否,最优,0,Optimization terminated successfully. (HiGHS Status 7: Optimal),371,7625.0,7625.0,59482.69899835391,20740.666131687245,16799.939566666668,2.2737367544323206e-13,8.313350008393172e-13,0.0,0.0,7.275957614183426e-12,0
7650,局部细扫,35120.96525595629,2.366666666675883,否,最优,0,Optimization terminated successfully. (HiGHS Status 7: Optimal),374,7650.0,7650.0,59482.69899835391,20740.66613168724,16799.939566666668,2.2737367544323206e-13,8.313350008393172e-13,0.0,0.0,1.4551915228366852e-11,0
7675,局部细扫,35120.88192262295,2.2833333333401242,否,最优,0,Optimization terminated successfully. (HiGHS Status 7: Optimal),375,7675.0,7675.0,59482.69899835391,20740.666131687245,16799.939566666668,2.2737367544323206e-13,8.313350008393172e-13,0.0,0.0,7.275957614183426e-12,0
7700,局部细扫,35120.79858928962,2.2000000000043656,否,最优,0,Optimization terminated successfully. (HiGHS Status 7: Optimal),374,7700.0,7700.0,59482.69899835391,20740.666131687245,16799.939566666668,2.2737367544323206e-13,8.313350008393172e-13,0.0,0.0,7.275957614183426e-12,0
7725,局部细扫,35120.71525595629,2.116666666675883,否,最优,0,Optimization terminated successfully. (HiGHS Status 7: Optimal),371,7725.0,7725.0,59482.69899835391,20740.666131687245,16799.939566666668,2.2737367544323206e-13,8.313350008393172e-13,0.0,0.0,1.4551915228366852e-11,0
7750,局部细扫,35120.63192262295,2.0333333333401242,否,最优,0,Optimization terminated successfully. (HiGHS Status 7: Optimal),371,7750.0,7750.0,59482.69899835391,20740.666131687245,16799.939566666668,2.2737367544323206e-13,8.313350008393172e-13,0.0,0.0,1.4551915228366852e-11,0
7775,局部细扫,35120.54858928962,1.9500000000043656,否,最优,0,Optimization terminated successfully. (HiGHS Status 7: Optimal),371,7775.0,7775.0,59482.69899835391,20740.666131687245,16799.939566666668,2.2737367544323206e-13,8.313350008393172e-13,0.0,0.0,7.275957614183426e-12,0
7800,粗扫与细扫重合,35120.46525595629,1.8666666666758829,否,最优,0,Optimization terminated successfully. (HiGHS Status 7: Optimal),371,7800.0,7800.0,59482.69899835391,20740.66613168724,16799.939566666668,2.2737367544323206e-13,8.313350008393172e-13,0.0,0.0,1.4551915228366852e-11,0
7825,局部细扫,35120.387478178505,1.788888888891961,否,最优,0,Optimization terminated successfully. (HiGHS Status 7: Optimal),373,7825.0,7825.0,59482.69899835391,20740.666131687245,16799.939566666668,2.2737367544323206e-13,8.313350008393172e-13,0.0,0.0,2.1827872842550278e-11,0
7850,局部细扫,35120.30970040073,1.711111111115315,否,最优,0,Optimization terminated successfully. (HiGHS Status 7: Optimal),373,7850.0,7850.0,59482.69899835391,20740.666131687245,16799.939566666668,2.2737367544323206e-13,8.313350008393172e-13,0.0,0.0,2.1827872842550278e-11,0
7875,局部细扫,35120.23192262295,1.633333333338669,否,最优,0,Optimization terminated successfully. (HiGHS Status 7: Optimal),373,7875.0,7875.0,59482.69899835391,20740.666131687245,16799.939566666668,2.2737367544323206e-13,8.313350008393172e-13,0.0,0.0,1.4551915228366852e-11,0
7900,局部细扫,35120.154144845175,1.555555555562023,否,最优,0,Optimization terminated successfully. (HiGHS Status 7: Optimal),374,7900.0,7900.0,59482.69899835391,20740.666131687245,16799.939566666668,2.2737367544323206e-13,8.313350008393172e-13,0.0,0.0,1.4551915228366852e-11,0
7925,局部细扫,35120.0763670674,1.4777777777853771,否,最优,0,Optimization terminated successfully. (HiGHS Status 7: Optimal),374,7925.0,7925.0,59482.69899835391,20740.666131687245,16799.939566666668,2.2737367544323206e-13,8.313350008393172e-13,0.0,0.0,1.4551915228366852e-11,0
7950,局部细扫,35119.998589289615,1.4000000000014552,否,最优,0,Optimization terminated successfully. (HiGHS Status 7: Optimal),374,7950.0,7950.0,59482.69899835391,20740.666131687245,16799.939566666668,2.2737367544323206e-13,8.313350008393172e-13,0.0,0.0,7.275957614183426e-12,0
7975,局部细扫,35119.94025595628,1.3416666666671517,否,最优,0,Optimization terminated successfully. (HiGHS Status 7: Optimal),374,7975.0,7975.0,59482.69899835391,20740.666131687245,16799.939566666668,2.2737367544323206e-13,8.313350008393172e-13,0.0,0.0,7.275957614183426e-12,0
8000,粗扫与细扫重合,35119.88192262295,1.2833333333401242,否,最优,0,Optimization terminated successfully. (HiGHS Status 7: Optimal),374,8000.0,8000.0,59482.69899835391,20740.666131687245,16799.939566666668,2.2737367544323206e-13,8.313350008393172e-13,0.0,0.0,7.275957614183426e-12,0
8025,局部细扫,35119.82358928962,1.2250000000058208,否,最优,0,Optimization terminated successfully. (HiGHS Status 7: Optimal),377,8025.0,8025.0,59482.69899835391,20740.66613168724,16799.939566666668,2.2737367544323206e-13,8.313350008393172e-13,0.0,0.0,7.275957614183426e-12,0
8050,局部细扫,35119.765255956285,1.1666666666715173,否,最优,0,Optimization terminated successfully. (HiGHS Status 7: Optimal),378,8050.0,8050.0,59482.69899835391,20740.666131687245,16799.939566666668,2.2737367544323206e-13,8.313350008393172e-13,0.0,0.0,7.275957614183426e-12,0
8075,局部细扫,35119.70692262295,1.1083333333372138,否,最优,0,Optimization terminated successfully. (HiGHS Status 7: Optimal),378,8075.0,8075.0,59482.69899835391,20740.666131687245,16799.939566666668,2.2737367544323206e-13,8.313350008393172e-13,0.0,0.0,0.0,0
8100,局部细扫,35119.648589289616,1.0500000000029104,否,最优,0,Optimization terminated successfully. (HiGHS Status 7: Optimal),378,8100.0,8100.0,59482.69899835391,20740.666131687245,16799.939566666668,2.2737367544323206e-13,8.313350008393172e-13,0.0,0.0,7.275957614183426e-12,0
8125,局部细扫,35119.59025595628,0.9916666666686069,否,最优,0,Optimization terminated successfully. (HiGHS Status 7: Optimal),380,8125.0,8125.0,59482.69899835391,20740.666131687245,16799.939566666668,2.2737367544323206e-13,8.313350008393172e-13,0.0,0.0,0.0,0
8150,局部细扫,35119.53192262295,0.9333333333343035,否,最优,0,Optimization terminated successfully. (HiGHS Status 7: Optimal),380,8150.0,8150.0,59482.69899835391,20740.666131687245,16799.939566666668,2.2737367544323206e-13,8.313350008393172e-13,0.0,0.0,7.275957614183426e-12,0
8175,局部细扫,35119.47358928961,0.875,否,最优,0,Optimization terminated successfully. (HiGHS Status 7: Optimal),380,8175.0,8175.0,59482.69899835391,20740.666131687245,16799.939566666668,2.2737367544323206e-13,8.313350008393172e-13,0.0,0.0,7.275957614183426e-12,0
8200,粗扫与细扫重合,35119.415255956286,0.8166666666729725,否,最优,0,Optimization terminated successfully. (HiGHS Status 7: Optimal),380,8200.0,8200.0,59482.69899835391,20740.666131687245,16799.939566666668,2.2737367544323206e-13,8.313350008393172e-13,0.0,0.0,7.275957614183426e-12,0
8225,局部细扫,35119.35692262295,0.758333333338669,否,最优,0,Optimization terminated successfully. (HiGHS Status 7: Optimal),380,8225.0,8225.0,59482.69899835391,20740.666131687245,16799.939566666668,2.2737367544323206e-13,8.313350008393172e-13,0.0,0.0,1.4551915228366852e-11,0
8250,局部细扫,35119.29858928962,0.7000000000043656,否,最优,0,Optimization terminated successfully. (HiGHS Status 7: Optimal),380,8250.0,8250.0,59482.69899835391,20740.66613168724,16799.939566666668,2.2737367544323206e-13,8.313350008393172e-13,0.0,0.0,1.4551915228366852e-11,0
8275,局部细扫,35119.24025595628,0.6416666666700621,否,最优,0,Optimization terminated successfully. (HiGHS Status 7: Optimal),380,8275.0,8275.0,59482.69899835391,20740.666131687245,16799.939566666668,2.2737367544323206e-13,8.313350008393172e-13,0.0,0.0,1.4551915228366852e-11,0
8300,局部细扫,35119.18192262295,0.5833333333357587,否,最优,0,Optimization terminated successfully. (HiGHS Status 7: Optimal),380,8300.0,8300.0,59482.69899835391,20740.666131687245,16799.939566666668,2.2737367544323206e-13,8.313350008393172e-13,0.0,0.0,7.275957614183426e-12,0
8325,局部细扫,35119.123589289615,0.5250000000014552,否,最优,0,Optimization terminated successfully. (HiGHS Status 7: Optimal),380,8325.0,8325.0,59482.69899835391,20740.666131687245,16799.939566666668,2.2737367544323206e-13,8.313350008393172e-13,0.0,0.0,7.275957614183426e-12,0
8350,局部细扫,35119.06525595628,0.46666666666715173,否,最优,0,Optimization terminated successfully. (HiGHS Status 7: Optimal),381,8350.0,8350.0,59482.69899835391,20740.666131687245,16799.939566666668,2.2737367544323206e-13,8.313350008393172e-13,0.0,0.0,7.275957614183426e-12,0
8375,局部细扫,35119.006922622946,0.40833333333284827,否,最优,0,Optimization terminated successfully. (HiGHS Status 7: Optimal),379,8375.0,8375.0,59482.69899835391,20740.666131687245,16799.939566666668,2.2737367544323206e-13,8.313350008393172e-13,0.0,0.0,7.275957614183426e-12,0
8400,粗扫与细扫重合,35118.94858928961,0.3499999999985448,否,最优,0,Optimization terminated successfully. (HiGHS Status 7: Optimal),379,8400.0,8400.0,59482.69899835391,20740.666131687245,16799.939566666668,2.2737367544323206e-13,8.313350008393172e-13,0.0,0.0,7.275957614183426e-12,0
8425,局部细扫,35118.89025595628,0.29166666666424135,否,最优,0,Optimization terminated successfully. (HiGHS Status 7: Optimal),379,8425.0,8425.0,59482.69899835391,20740.666131687245,16799.939566666668,2.2737367544323206e-13,8.313350008393172e-13,0.0,0.0,0.0,0
8450,局部细扫,35118.83192262295,0.23333333333721384,否,最优,0,Optimization terminated successfully. (HiGHS Status 7: Optimal),379,8450.0,8450.0,59482.69899835391,20740.666131687245,16799.939566666668,2.2737367544323206e-13,8.313350008393172e-13,0.0,0.0,0.0,0
8475,局部细扫,35118.773589289616,0.17500000000291038,否,最优,0,Optimization terminated successfully. (HiGHS Status 7: Optimal),379,8475.0,8475.0,59482.6989983539,20740.66613168724,16799.939566666668,2.2737367544323206e-13,8.313350008393172e-13,0.0,0.0,0.0,0
8500,局部细扫,35118.71525595628,0.11666666666860692,否,最优,0,Optimization terminated successfully. (HiGHS Status 7: Optimal),379,8500.0,8500.0,59482.69899835391,20740.666131687245,16799.939566666668,2.2737367544323206e-13,8.313350008393172e-13,0.0,0.0,0.0,0
8525,局部细扫,35118.65692262295,0.05833333333430346,否,最优,0,Optimization terminated successfully. (HiGHS Status 7: Optimal),379,8525.0,8525.0,59482.69899835391,20740.666131687245,16799.939566666668,2.2737367544323206e-13,8.313350008393172e-13,0.0,0.0,7.275957614183426e-12,0
8550,局部细扫,35118.59858928961,0.0,是,最优,0,Optimization terminated successfully. (HiGHS Status 7: Optimal),373,8550.0,8550.0,59482.69899835391,20740.666131687245,16799.939566666668,2.2737367544323206e-13,8.313350008393172e-13,0.0,0.0,0.0,0
8575,局部细扫,35118.59858928962,0.0,是,最优,0,Optimization terminated successfully. (HiGHS Status 7: Optimal),374,8575.0,8575.0,59482.69899835391,20740.666131687245,16799.939566666668,2.2737367544323206e-13,8.313350008393172e-13,0.0,0.0,0.0,0
8600,粗扫与细扫重合,35118.59858928961,0.0,是,最优,0,Optimization terminated successfully. (HiGHS Status 7: Optimal),374,8600.0,8600.0,59482.69899835391,20740.666131687245,16799.939566666668,2.2737367544323206e-13,8.313350008393172e-13,0.0,0.0,0.0,0
8625,局部细扫,35118.59858928961,0.0,是,最优,0,Optimization terminated successfully. (HiGHS Status 7: Optimal),374,8625.0,8625.0,59482.69899835391,20740.666131687245,16799.939566666668,2.2737367544323206e-13,8.313350008393172e-13,0.0,0.0,0.0,0
8650,局部细扫,35118.59858928961,0.0,是,最优,0,Optimization terminated successfully. (HiGHS Status 7: Optimal),374,8650.0,8650.0,59482.69899835391,20740.666131687245,16799.939566666668,2.2737367544323206e-13,8.313350008393172e-13,0.0,0.0,0.0,0
8675,局部细扫,35118.59858928961,0.0,是,最优,0,Optimization terminated successfully. (HiGHS Status 7: Optimal),374,8675.0,8675.0,59482.69899835391,20740.666131687245,16799.939566666668,2.2737367544323206e-13,8.313350008393172e-13,0.0,0.0,0.0,0
8700,局部细扫,35118.59858928962,0.0,是,最优,0,Optimization terminated successfully. (HiGHS Status 7: Optimal),374,8700.0,8700.0,59482.69899835391,20740.666131687245,16799.939566666668,2.2737367544323206e-13,8.313350008393172e-13,0.0,0.0,2.1827872842550278e-11,0
8725,局部细扫,35118.66247817851,0.06388888889341615,否,最优,0,Optimization terminated successfully. (HiGHS Status 7: Optimal),374,8725.0,8725.0,59482.69899835391,20740.66613168724,16799.939566666668,2.2737367544323206e-13,8.313350008393172e-13,0.0,0.0,2.1827872842550278e-11,0
8750,局部细扫,35118.72636706739,0.12777777777955635,否,最优,0,Optimization terminated successfully. (HiGHS Status 7: Optimal),374,8750.0,8750.0,59482.69899835391,20740.66613168724,16799.939566666668,2.2737367544323206e-13,8.313350008393172e-13,0.0,0.0,2.1827872842550278e-11,0
8775,局部细扫,35118.790255956286,0.1916666666729725,否,最优,0,Optimization terminated successfully. (HiGHS Status 7: Optimal),374,8775.0,8775.0,59482.69899835391,20740.666131687245,16799.939566666668,2.2737367544323206e-13,8.313350008393172e-13,0.0,0.0,2.1827872842550278e-11,0
8800,粗扫与细扫重合,35118.85414484517,0.2555555555591127,否,最优,0,Optimization terminated successfully. (HiGHS Status 7: Optimal),374,8800.0,8800.0,59482.69899835391,20740.666131687245,16799.939566666668,2.2737367544323206e-13,8.313350008393172e-13,0.0,0.0,2.1827872842550278e-11,0
8825,局部细扫,35118.918033734066,0.31944444445252884,否,最优,0,Optimization terminated successfully. (HiGHS Status 7: Optimal),374,8825.0,8825.0,59482.69899835391,20740.666131687245,16799.939566666668,2.2737367544323206e-13,8.313350008393172e-13,0.0,0.0,2.1827872842550278e-11,0
8850,局部细扫,35118.98192262295,0.38333333333866904,否,最优,0,Optimization terminated successfully. (HiGHS Status 7: Optimal),374,8850.0,8850.0,59482.69899835391,20740.666131687245,16799.939566666668,2.2737367544323206e-13,8.313350008393172e-13,0.0,0.0,1.4551915228366852e-11,0
8875,局部细扫,35119.04581151184,0.44722222222480923,否,最优,0,Optimization terminated successfully. (HiGHS Status 7: Optimal),374,8875.0,8875.0,59482.69899835391,20740.666131687245,16799.939566666668,2.2737367544323206e-13,8.313350008393172e-13,0.0,0.0,2.9103830456733704e-11,0
8900,局部细扫,35119.10970040073,0.5111111111182254,否,最优,0,Optimization terminated successfully. (HiGHS Status 7: Optimal),374,8900.0,8900.0,59482.69899835391,20740.666131687245,16799.939566666668,2.2737367544323206e-13,8.313350008393172e-13,0.0,0.0,2.1827872842550278e-11,0
8925,局部细扫,35119.17358928962,0.5750000000043656,否,最优,0,Optimization terminated successfully. (HiGHS Status 7: Optimal),374,8925.0,8925.0,59482.69899835391,20740.666131687245,16799.939566666668,2.2737367544323206e-13,8.313350008393172e-13,0.0,0.0,1.4551915228366852e-11,0
8950,局部细扫,35119.23747817851,0.6388888888977817,否,最优,0,Optimization terminated successfully. (HiGHS Status 7: Optimal),376,8950.0,8950.0,59482.69899835391,20740.66613168724,16799.939566666668,2.2737367544323206e-13,8.313350008393172e-13,0.0,0.0,2.1827872842550278e-11,0
8975,局部细扫,35119.3013670674,0.7027777777839219,否,最优,0,Optimization terminated successfully. (HiGHS Status 7: Optimal),376,8975.0,8975.0,59482.69899835391,20740.66613168724,16799.939566666668,2.2737367544323206e-13,8.313350008393172e-13,0.0,0.0,1.4551915228366852e-11,0
9000,粗扫与细扫重合,35119.365255956276,0.7666666666627862,否,最优,0,Optimization terminated successfully. (HiGHS Status 7: Optimal),376,9000.0,9000.0,59482.69899835391,20740.666131687245,16799.939566666668,2.2737367544323206e-13,8.313350008393172e-13,0.0,0.0,1.4551915228366852e-11,0
9025,局部细扫,35119.42914484517,0.8305555555562023,否,最优,0,Optimization terminated successfully. (HiGHS Status 7: Optimal),376,9025.0,9025.0,59482.69899835391,20740.666131687245,16799.939566666668,2.2737367544323206e-13,8.313350008393172e-13,0.0,0.0,2.1827872842550278e-11,0
9050,局部细扫,35119.493033734056,0.8944444444423425,否,最优,0,Optimization terminated successfully. (HiGHS Status 7: Optimal),377,9050.0,9050.0,59482.69899835391,20740.666131687245,16799.939566666668,2.2737367544323206e-13,8.313350008393172e-13,0.0,0.0,1.4551915228366852e-11,0
9075,局部细扫,35119.55692262295,0.9583333333357587,否,最优,0,Optimization terminated successfully. (HiGHS Status 7: Optimal),377,9075.0,9075.0,59482.69899835391,20740.666131687245,16799.939566666668,2.2737367544323206e-13,8.313350008393172e-13,0.0,0.0,2.9103830456733704e-11,0
9100,局部细扫,35119.620811511835,1.0222222222218988,否,最优,0,Optimization terminated successfully. (HiGHS Status 7: Optimal),378,9100.0,9100.0,59482.69899835391,20740.666131687245,16799.939566666668,2.2737367544323206e-13,8.313350008393172e-13,0.0,0.0,2.1827872842550278e-11,0
9125,局部细扫,35119.68470040072,1.086111111108039,否,最优,0,Optimization terminated successfully. (HiGHS Status 7: Optimal),377,9125.0,9125.0,59482.69899835391,20740.666131687245,16799.939566666668,2.2737367544323206e-13,8.313350008393172e-13,0.0,0.0,2.9103830456733704e-11,0
9150,局部细扫,35119.748589289615,1.1500000000014552,否,最优,0,Optimization terminated successfully. (HiGHS Status 7: Optimal),377,9150.0,9150.0,59482.69899835391,20740.666131687245,16799.939566666668,2.2737367544323206e-13,8.313350008393172e-13,0.0,0.0,2.9103830456733704e-11,0
9175,局部细扫,35119.8124781785,1.2138888888875954,否,最优,0,Optimization terminated successfully. (HiGHS Status 7: Optimal),377,9175.0,9175.0,59482.69899835391,20740.66613168724,16799.939566666668,2.2737367544323206e-13,8.313350008393172e-13,0.0,0.0,2.1827872842550278e-11,0
9200,粗扫与细扫重合,35119.876367067394,1.2777777777810115,否,最优,0,Optimization terminated successfully. (HiGHS Status 7: Optimal),377,9200.0,9200.0,59482.69899835391,20740.66613168724,16799.939566666668,2.2737367544323206e-13,8.313350008393172e-13,0.0,0.0,2.9103830456733704e-11,0
9225,局部细扫,35119.94025595628,1.3416666666671517,否,最优,0,Optimization terminated successfully. (HiGHS Status 7: Optimal),377,9225.0,9225.0,59482.69899835391,20740.666131687245,16799.939566666668,2.2737367544323206e-13,8.313350008393172e-13,0.0,0.0,2.1827872842550278e-11,0
9250,局部细扫,35120.004144845174,1.4055555555605679,否,最优,0,Optimization terminated successfully. (HiGHS Status 7: Optimal),377,9250.0,9250.0,59482.69899835391,20740.666131687245,16799.939566666668,2.2737367544323206e-13,8.313350008393172e-13,0.0,0.0,2.1827872842550278e-11,0
9275,局部细扫,35120.06803373406,1.469444444446708,否,最优,0,Optimization terminated successfully. (HiGHS Status 7: Optimal),377,9275.0,9275.0,59482.69899835391,20740.666131687245,16799.939566666668,2.2737367544323206e-13,8.313350008393172e-13,0.0,0.0,2.9103830456733704e-11,0
9300,局部细扫,35120.13192262295,1.5333333333401242,否,最优,0,Optimization terminated successfully. (HiGHS Status 7: Optimal),377,9300.0,9300.0,59482.69899835391,20740.666131687245,16799.939566666668,2.2737367544323206e-13,8.313350008393172e-13,0.0,0.0,2.1827872842550278e-11,0
9325,局部细扫,35120.20414484517,1.6055555555576575,否,最优,0,Optimization terminated successfully. (HiGHS Status 7: Optimal),377,9325.0,9325.0,59482.69899835391,20740.666131687245,16799.939566666668,2.2737367544323206e-13,8.313350008393172e-13,0.0,0.0,2.1827872842550278e-11,0
9350,局部细扫,35120.276367067396,1.6777777777824667,否,最优,0,Optimization terminated successfully. (HiGHS Status 7: Optimal),377,9350.0,9350.0,59482.69899835391,20740.666131687245,16799.939566666668,2.2737367544323206e-13,8.313350008393172e-13,0.0,0.0,2.1827872842550278e-11,0
9375,局部细扫,35120.34858928962,1.750000000007276,否,最优,0,Optimization terminated successfully. (HiGHS Status 7: Optimal),377,9375.0,9375.0,59482.6989983539,20740.666131687245,16799.939566666668,2.2737367544323206e-13,8.313350008393172e-13,0.0,0.0,2.1827872842550278e-11,0
9400,粗扫与细扫重合,35120.42081151184,1.8222222222248092,否,最优,0,Optimization terminated successfully. (HiGHS Status 7: Optimal),377,9400.0,9400.0,59482.69899835391,20740.666131687245,16799.939566666668,2.2737367544323206e-13,8.313350008393172e-13,0.0,0.0,2.1827872842550278e-11,0
9425,局部细扫,35120.49303373406,1.8944444444496185,否,最优,0,Optimization terminated successfully. (HiGHS Status 7: Optimal),377,9425.0,9425.0,59482.69899835391,20740.66613168724,16799.939566666668,2.2737367544323206e-13,8.313350008393172e-13,0.0,0.0,2.9103830456733704e-11,0
9450,局部细扫,35120.56525595628,1.9666666666671517,否,最优,0,Optimization terminated successfully. (HiGHS Status 7: Optimal),377,9450.0,9450.0,59482.69899835391,20740.666131687245,16799.939566666668,2.2737367544323206e-13,8.313350008393172e-13,0.0,0.0,7.275957614183426e-12,0
9475,局部细扫,35120.651367067396,2.0527777777824667,否,最优,0,Optimization terminated successfully. (HiGHS Status 7: Optimal),377,9475.0,9475.0,59482.69899835391,20740.666131687245,16799.939566666668,2.2737367544323206e-13,8.313350008393172e-13,0.0,0.0,7.275957614183426e-12,0
9500,局部细扫,35120.73747817851,2.1388888888977817,否,最优,0,Optimization terminated successfully. (HiGHS Status 7: Optimal),377,9500.0,9500.0,59482.69899835391,20740.666131687245,16799.939566666668,2.2737367544323206e-13,8.313350008393172e-13,0.0,0.0,7.275957614183426e-12,0
9600,全范围粗扫,35121.08192262296,2.48333333334449,否,最优,0,Optimization terminated successfully. (HiGHS Status 7: Optimal),377,9600.0,9600.0,59482.6989983539,20740.666131687245,16799.939566666668,2.2737367544323206e-13,8.313350008393172e-13,0.0,0.0,7.275957614183426e-12,0
9800,全范围粗扫,35121.770811511844,3.17222222223063,否,最优,0,Optimization terminated successfully. (HiGHS Status 7: Optimal),379,9800.0,9800.0,59482.69899835391,20740.666131687245,16799.939566666668,2.2737367544323206e-13,8.313350008393172e-13,0.0,0.0,1.4551915228366852e-11,0
10000,全范围粗扫,35122.45970040073,3.86111111111677,否,最优,0,Optimization terminated successfully. (HiGHS Status 7: Optimal),382,10000.0,10000.0,59482.69899835391,20740.666131687245,16799.939566666668,2.2737367544323206e-13,8.313350008393172e-13,0.0,0.0,7.275957614183426e-12,0
10200,全范围粗扫,35132.015255956285,13.416666666671517,否,最优,0,Optimization terminated successfully. (HiGHS Status 7: Optimal),379,10200.0,10200.0,59482.69899835391,20740.666131687245,16799.939566666668,1.1368683772161603e-13,8.313350008393172e-13,0.0,0.0,0.0,0
10400,全范围粗扫,35146.57081151184,27.972222222226264,否,最优,0,Optimization terminated successfully. (HiGHS Status 7: Optimal),385,10400.0,10400.0,59482.69899835391,20740.666131687245,16799.939566666668,1.1368683772161603e-13,8.313350008393172e-13,0.0,0.0,0.0,0
10600,全范围粗扫,35161.126367067394,42.52777777778101,否,最优,0,Optimization terminated successfully. (HiGHS Status 7: Optimal),387,10600.0,10600.0,59482.69899835391,20740.666131687245,16799.939566666668,1.1368683772161603e-13,8.313350008393172e-13,0.0,0.0,0.0,0
10800,全范围粗扫,35175.68192262295,57.08333333333576,否,最优,0,Optimization terminated successfully. (HiGHS Status 7: Optimal),375,10800.0,10800.0,59482.69899835391,20740.666131687245,16799.939566666668,1.1368683772161603e-13,8.313350008393172e-13,0.0,0.0,1.4551915228366852e-11,0
